catalog_index,event_number,global_entry,local_entry,tree_number,segment,source_file,cohort,review_tier,review_tags,gem_ntrack,gem_best_index,gem_best_nhits,gem_best_ngoodhits,gem_best_chi2ndf,gem_best_x,gem_best_y,gem_best_xp,gem_best_yp,gem_best_t0,sbs_track_n,heep_datavalid,heep_dpe,heep_dpp,heep_dphi,heep_acoplanarity,heep_dxECAL,heep_dyECAL,heep_dt_ADC,ecal_e,ecal_x,ecal_y,cdet_timing_status,cdet_roi_status,cdet_npulse,cdet_npair_candidate,cdet_nsingle_candidate,ftroi_nhyp,ftroi_npair,ftroi_nsame_side,ftroi_nseam,ftroi_nsingle,ftroi_ycompatible_associations,ftroi_total_associations,best_hypothesis,best_topology,best_target_bin,best_target_z,best_xchi2ndf,best_ycompatible,best_at_scan_boundary
0,147,48,48,0,0,gep5_replayed_5711_stream0_2_seg0_0_firstevent0_nevent100000.root,overlap,5_overlap_standard,overlap;boundary_best_z,1,0,4,2,3.850429598,0.205146669,-0.08262516986,-0.03630895084,-0.02477151356,1.259112155,1,1,0.08617775021,0.1046241985,0.01908938957,0.01908938957,-0.05698903679,0.0459937602,2.136709442,3.320602648,-0.456028359,-0.2402877425,2,1,586,13,0,13,13,13,0,0,312,312,0,0,0,-0.2725,0.1631848374,1,1
1,627,208,208,0,0,gep5_replayed_5711_stream0_2_seg0_0_firstevent0_nevent100000.root,overlap,5_overlap_standard,overlap;boundary_best_z,1,0,4,2,9.17712955,0.2536536913,0.1307918224,-0.02224131395,0.04912349763,-9.173084732,1,1,-0.03022429838,-0.01484716775,0.01915067391,0.01915067391,-0.08047740306,0.07105603104,-3.835047549,2.208197192,-0.8062926919,0.5412538289,2,1,545,2,0,2,2,2,0,0,0,48,1,0,23,0.0725,2.060052512,0,1
2,1287,428,428,0,0,gep5_replayed_5711_stream0_2_seg0_0_firstevent0_nevent100000.root,gem_only,7_gem_only_no_candidate,gem_only,1,0,4,3,4.96837911,0.2640410051,0.0182379395,-0.02266490942,-0.01342495708,5.940877185,1,1,-0.03504825595,-0.01365396357,-0.04399975391,0.04399975391,0.09941253442,0.09269480513,18.42988299,2.848349655,-0.4852569014,-0.2314567656,2,0,621,0,0,0,0,0,0,0,0,0,-1,-999,-1,,,-1,0
3,8331,2776,2776,0,0,gep5_replayed_5711_stream0_2_seg0_0_firstevent0_nevent100000.root,gem_only,7_gem_only_no_candidate,gem_only,1,0,5,2,16.59515904,0.3097536826,0.1619503854,-0.0001304861918,0.03391746911,9.1114194,1,1,0.05633221768,0.0687432806,0.0007380656373,0.0007380656374,-0.01499698038,0.0502277291,-8.623564142,3.886043891,-0.8257255485,0.1313330295,2,0,602,0,0,0,0,0,0,0,0,0,-1,-999,-1,,,-1,0
4,8898,2965,2965,0,0,gep5_replayed_5711_stream0_2_seg0_0_firstevent0_nevent100000.root,gem_only,7_gem_only_no_candidate,gem_only,1,0,4,2,6.980216817,0.5449560221,0.0323124131,0.04629257524,0.02398199032,10.97856434,1,1,0.01256291765,-0.02731758705,0.008445750009,0.008445750009,0.03511002385,-0.1404549554,20.1789479,2.833395507,-1.208676477,-0.391570207,2,0,611,0,0,0,0,0,0,0,0,0,-1,-999,-1,,,-1,0
5,10419,3472,3472,0,0,gep5_replayed_5711_stream0_2_seg0_0_firstevent0_nevent100000.root,gem_only,7_gem_only_no_candidate,gem_only,1,0,4,3,7.516231756,0.4358559964,-0.07695285597,0.01253248718,-0.01688603989,6.61036417,1,1,-0.1074601479,-0.07786946194,-0.01679628136,0.01679628136,0.01039135086,0.1108800994,20.19505814,4.160890324,-0.8747487663,-0.3473569705,2,0,587,0,0,0,0,0,0,0,0,0,-1,-999,-1,,,-1,0
6,14217,4738,4738,0,0,gep5_replayed_5711_stream0_2_seg0_0_firstevent0_nevent100000.root,gem_only,6_gem_only_multi_track,gem_only;multi_track,2,0,5,3,7.407185067,0.4070546695,-0.1147694143,0.00607405666,-0.01742686202,4.756695474,2,1,-0.06257041179,-0.02284226878,-0.01448779397,0.01448779397,8.753607549e-06,0.1407390017,-0.8258467532,5.777313381,-0.8111663697,-0.2279606433,2,0,615,0,0,0,0,0,0,0,0,0,-1,-999,-1,,,-1,0
7,23160,7719,7719,0,0,gep5_replayed_5711_stream0_2_seg0_0_firstevent0_nevent100000.root,gem_only,7_gem_only_no_candidate,gem_only,1,0,4,2,4.619483092,0.5662653445,-0.06487413168,0.04972365597,-0.0181314055,-3.074615158,1,1,-0.08050452172,-0.04593293203,-0.006960315685,0.006960315685,-0.02591552858,0.1056010519,20.88754419,3.247118638,-1.090027225,-0.5576376794,2,0,596,0,0,0,0,0,0,0,0,0,-1,-999,-1,,,-1,0
8,24366,8121,8121,0,0,gep5_replayed_5711_stream0_2_seg0_0_firstevent0_nevent100000.root,gem_only,7_gem_only_no_candidate,gem_only,1,0,4,2,4.108648524,0.2976312123,0.1719298649,-0.00511189,0.06116857533,-10.44887344,1,1,0.07785873311,0.07186204357,-0.01451329725,0.01451329725,0.05578584379,-0.02045150942,11.06106667,1.893534217,-0.8266723389,0.5593620383,2,0,597,0,0,0,0,0,0,0,0,0,-1,-999,-1,,,-1,0
9,29247,9748,9748,0,0,gep5_replayed_5711_stream0_2_seg0_0_firstevent0_nevent100000.root,gem_only,7_gem_only_no_candidate,gem_only,1,0,4,4,7.989852982,0.2160403764,-0.1541036059,-0.03737082765,-0.02459812214,8.204451183,1,1,0.07756829533,0.09115747959,-0.004277908457,0.004277908457,0.005567176076,0.04203724113,-15.45301924,4.103437178,-0.4095059364,-0.1731848333,2,0,564,0,0,0,0,0,0,0,0,0,-1,-999,-1,,,-1,0
10,30855,10284,10284,0,0,gep5_replayed_5711_stream0_2_seg0_0_firstevent0_nevent100000.root,overlap,3_overlap_seam,overlap;seam;boundary_best_z,1,0,4,2,5.931733154,0.5977970682,0.09705585767,0.0579194991,0.04410568158,-19.00072769,1,1,-0.06312146469,-0.06946656329,-0.008795061455,0.008795061455,0.03659498075,-0.01303113307,7.44702587,2.328131262,-1.440691142,-0.2150866571,2,1,557,12,0,12,12,9,3,0,264,288,2,0,23,0.0725,1.98875573,1,1
11,31185,10394,10394,0,0,gep5_replayed_5711_stream0_2_seg0_0_firstevent0_nevent100000.root,overlap,5_overlap_standard,overlap;boundary_best_z,1,0,4,3,9.556703469,0.1060071222,0.1220566045,-0.06203638244,0.02688545168,12.16902526,1,1,-0.03203531317,-0.01014574818,0.009359255028,0.009359255028,-0.03676215097,0.1008417963,1.531526573,1.92794457,-0.2947816323,0.3167514214,2,1,566,2,0,2,2,2,0,0,48,48,0,0,23,0.0725,3.986881057,1,1
12,31755,10584,10584,0,0,gep5_replayed_5711_stream0_2_seg0_0_firstevent0_nevent100000.root,gem_only,7_gem_only_no_candidate,gem_only,1,0,4,2,8.66478804,0.3895100701,0.1126338452,0.007662190594,0.05134854948,6.551845093,1,1,-0.06169574035,-0.06081707492,-0.009566070658,0.009566070658,0.02887397475,0.01374914174,37.66002186,2.729532133,-1.08547013,0.3362864768,2,0,610,0,0,0,0,0,0,0,0,0,-1,-999,-1,,,-1,0
13,32931,10976,10976,0,0,gep5_replayed_5711_stream0_2_seg0_0_firstevent0_nevent100000.root,gem_only,7_gem_only_no_candidate,gem_only,1,0,4,3,4.550698092,0.3362910041,-0.0462010182,-0.008309926694,-0.02666688224,8.524174418,1,1,-0.06467132146,-0.05002992228,-0.005205020328,0.005205020328,0.0009748763087,0.04804075295,-14.72898353,3.219687538,-0.6937196926,-0.4332069705,2,0,623,0,0,0,0,0,0,0,0,0,-1,-999,-1,,,-1,0
14,35553,11850,11850,0,0,gep5_replayed_5711_stream0_2_seg0_0_firstevent0_nevent100000.root,overlap,5_overlap_standard,overlap;boundary_best_z,1,0,4,3,7.309180221,0.4758488598,0.01069606689,0.02647445205,0.02830773034,5.704099815,1,1,-0.01855452555,-0.02042074643,-0.01647009604,0.01647009604,0.04975018244,0.009196267243,-23.76024828,5.171817277,-1.086748805,-0.01200352318,2,1,535,2,0,2,2,2,0,0,48,48,0,0,23,0.0725,10.51312067,1,1
15,38340,12779,12779,0,0,gep5_replayed_5711_stream0_2_seg0_0_firstevent0_nevent100000.root,overlap,1_overlap_interior_best_z,overlap;seam,1,0,4,2,8.617435849,0.2548000478,-0.03028400367,-0.02367191803,0.01119225245,8.518177717,1,1,0.0984967424,0.06650503604,-0.01050142595,0.01050142595,0.04934936794,-0.107139645,-1.549745798,1.582685767,-0.5247635378,-0.01235384942,2,1,587,24,0,24,24,8,16,0,456,576,20,1,6,-0.1825,0.006862371384,1,0
16,42741,14246,14246,0,0,gep5_replayed_5711_stream0_2_seg0_0_firstevent0_nevent100000.root,gem_only,7_gem_only_no_candidate,gem_only,1,0,4,2,6.320050689,0.2023007229,0.08533058419,-0.03892831565,0.02864747873,-15.9247788,1,1,-0.01986362572,-0.04554017564,-0.00855908638,0.00855908638,0.04298162255,-0.1096916948,45.8906258,4.198949636,-0.4910881313,0.1234942233,2,0,559,0,0,0,0,0,0,0,0,0,-1,-999,-1,,,-1,0
17,44091,14696,14696,0,0,gep5_replayed_5711_stream0_2_seg0_0_firstevent0_nevent100000.root,overlap,3_overlap_seam,overlap;seam;boundary_best_z,1,0,5,5,13.29696004,0.3612087462,0.0248206646,0.003357389466,0.01580217868,12.16473727,1,1,0.008849458792,0.007996316404,-0.005291938327,0.005291938327,0.01567426817,0.0008385030881,0.2859737118,5.033896472,-0.8367706679,-0.04874559211,2,1,598,9,0,9,9,7,2,0,96,216,1,0,0,-0.2725,0.0187770907,1,1
18,46065,15354,15354,0,0,gep5_replayed_5711_stream0_2_seg0_0_firstevent0_nevent100000.root,gem_only,7_gem_only_no_candidate,gem_only,1,0,4,2,7.920187543,-0.3050759466,-0.06620466161,-0.1821178666,-0.005905353562,-1.529444222,1,1,0.002609662466,-0.02838006974,-0.002731359659,0.002731359659,-0.01565371092,-0.104832017,-5.703765815,1.604141924,0.6405456724,-0.2552728207,2,0,565,0,0,0,0,0,0,0,0,0,-1,-999,-1,,,-1,0
19,50370,16789,16789,0,0,gep5_replayed_5711_stream0_2_seg0_0_firstevent0_nevent100000.root,gem_only,7_gem_only_no_candidate,gem_only,1,0,4,2,9.620207598,0.1391915588,0.1002910263,-0.05681470154,0.02075327192,3.228508867,1,1,-0.08048813953,-0.0615011735,0.00383605568,0.00383605568,-0.02139298965,0.08753711281,0.7533241546,2.136020366,-0.3850876203,0.2180251667,2,0,598,0,0,0,0,0,0,0,0,0,-1,-999,-1,,,-1,0
20,51615,17204,17204,0,0,gep5_replayed_5711_stream0_2_seg0_0_firstevent0_nevent100000.root,overlap,5_overlap_standard,overlap;boundary_best_z,1,0,5,4,11.23485447,0.2903108387,-0.01130024006,-0.01796906993,-0.007034725623,-0.4903626064,1,1,-0.05289401864,-0.02703618039,-0.0008392022835,0.0008392022832,-0.01830698784,0.09255967322,8.929254652,5.198010343,-0.6650412659,-0.1433814455,2,1,544,5,0,5,5,5,0,0,0,120,1,0,23,0.0725,0.0002838337659,0,1
21,53286,17761,17761,0,0,gep5_replayed_5711_stream0_2_seg0_0_firstevent0_nevent100000.root,gem_only,7_gem_only_no_candidate,gem_only,1,0,4,3,4.957989888,0.1946608663,0.07306087286,-0.03901563733,0.03437553148,6.200738257,1,1,0.007764751403,-0.00453739623,0.006755575156,0.006755575156,-0.01254044128,-0.06014273736,17.95832642,2.089182904,-0.5180872703,0.3038751667,2,0,582,0,0,0,0,0,0,0,0,0,-1,-999,-1,,,-1,0
22,54834,18277,331,1,0,gep5_replayed_5711_stream0_2_seg0_0_firstevent0_nevent100000_1.root,gem_only,7_gem_only_no_candidate,gem_only,1,0,4,3,5.23220184,0.426930474,0.1480516468,0.02422003705,0.0446033672,0.005676709298,1,1,-0.0514270519,-0.01426065736,-0.003246499075,0.003246499075,-0.05355878507,0.1790583017,-12.53764382,0.8690551874,-1.214817884,0.2502764768,2,0,618,0,0,0,0,0,0,0,0,0,-1,-999,-1,,,-1,0
23,59859,19952,2006,1,0,gep5_replayed_5711_stream0_2_seg0_0_firstevent0_nevent100000_1.root,gem_only,7_gem_only_no_candidate,gem_only,1,0,4,4,5.459316858,0.3691732778,0.1475910241,0.006359661587,0.03206549311,7.030391723,1,1,-0.1068759215,-0.08225793377,-0.03180010365,0.03180010365,0.05702293578,0.1405253833,-1.137328394,2.204099593,-0.9366991111,0.09734891583,2,0,616,0,0,0,0,0,0,0,0,0,-1,-999,-1,,,-1,0
24,60843,20280,2334,1,0,gep5_replayed_5711_stream0_2_seg0_0_firstevent0_nevent100000_1.root,overlap,5_overlap_standard,overlap;boundary_best_z,1,0,4,3,2.350769639,-0.3224744229,0.03108208898,-0.1801072917,0.0232796851,3.573852052,1,1,-0.03666996341,-0.006825793763,-0.01737286097,0.01737286097,0.08652964874,0.1151252965,-2.178106771,3.824613969,0.9307253313,0.1954775888,2,1,544,2,0,2,2,2,0,0,48,48,0,0,0,-0.2725,3.175565918,1,1
25,68763,22920,4974,1,0,gep5_replayed_5711_stream0_2_seg0_0_firstevent0_nevent100000_1.root,overlap,3_overlap_seam,overlap;seam;boundary_best_z,1,0,4,3,4.13836147,0.348012419,0.01305419954,0.0006297152781,0.01025201345,5.9472569,1,1,0.05519749026,0.02245706263,-0.01763561176,0.01763561176,0.07587437946,-0.09835123921,8.507704018,8.881114509,-0.7241893168,-0.1906497576,2,1,589,10,0,10,10,5,5,0,120,240,4,1,0,-0.2725,0.1897252305,1,1
26,69900,23299,5353,1,0,gep5_replayed_5711_stream0_2_seg0_0_firstevent0_nevent100000_1.root,gem_only,7_gem_only_no_candidate,gem_only,1,0,8,5,1.299050228,0.1084647572,-0.08823264133,-0.06813029311,-0.02457012024,2.660794162,1,1,0.01323918512,0.01588504982,-0.008434435207,0.008434435207,0.02119004744,0.009987514411,-1.110417608,5.794179889,-0.2041302584,-0.2274653192,2,0,607,0,0,0,0,0,0,0,0,0,-1,-999,-1,,,-1,0
27,70968,23655,5709,1,0,gep5_replayed_5711_stream0_2_seg0_0_firstevent0_nevent100000_1.root,gem_only,7_gem_only_no_candidate,gem_only,1,0,4,3,6.578037557,0.2335167138,-0.001088048397,-0.03315869368,0.02125670708,-0.786155504,1,1,0.00293619581,-0.02023906053,-0.01145409931,0.01145409931,0.05004108894,-0.09098670673,15.99661793,2.535146421,-0.5252320542,0.1275520173,2,0,572,0,0,0,0,0,0,0,0,0,-1,-999,-1,,,-1,0
28,72948,24315,6369,1,0,gep5_replayed_5711_stream0_2_seg0_0_firstevent0_nevent100000_1.root,gem_only,7_gem_only_no_candidate,gem_only,1,0,4,2,7.479657906,0.1660021288,0.03568402651,-0.04575373822,0.01968651644,8.812605039,1,1,0.04678325041,0.03358935702,-0.008664969614,0.008664969614,0.03160835826,-0.05030292834,-0.8826359712,2.782096411,-0.3575380558,0.149498266,2,0,597,0,0,0,0,0,0,0,0,0,-1,-999,-1,,,-1,0
29,73128,24375,6429,1,0,gep5_replayed_5711_stream0_2_seg0_0_firstevent0_nevent100000_1.root,gem_only,7_gem_only_no_candidate,gem_only,1,0,5,2,8.490771001,-0.2359129625,0.1768724544,-0.159365425,0.03543065731,2.628060623,1,1,-0.0281595477,0.002279922298,-0.0150480176,0.0150480176,0.0774280313,0.1308710466,17.19995444,1.06493953,0.8002742933,0.2447648913,2,0,611,0,0,0,0,0,0,0,0,0,-1,-999,-1,,,-1,0
30,74766,24921,6975,1,0,gep5_replayed_5711_stream0_2_seg0_0_firstevent0_nevent100000_1.root,gem_only,7_gem_only_no_candidate,gem_only,1,0,4,2,6.817706103,0.2470624002,0.01696461818,-0.03300219272,0.03774219625,6.55663466,1,1,-0.05086026518,-0.06731464121,0.0164012557,0.0164012557,-0.03616618775,-0.09274754401,-10.66561823,1.753074336,-0.705335434,0.3625554162,2,0,596,0,0,0,0,0,0,0,0,0,-1,-999,-1,,,-1,0
31,75171,25056,7110,1,0,gep5_replayed_5711_stream0_2_seg0_0_firstevent0_nevent100000_1.root,overlap,5_overlap_standard,overlap;boundary_best_z,1,0,4,2,9.173778561,0.135103451,0.1117479473,-0.05252544762,0.03156155162,11.36756423,1,1,-0.01432812962,0.01503137128,0.01514224358,0.01514224358,-0.06212581097,0.1379715463,1.981728571,2.407784298,-0.3943635378,0.4342751667,2,1,606,10,0,10,10,10,0,0,240,240,7,0,0,-0.2725,3.970048262,1,1
32,77067,25688,7742,1,0,gep5_replayed_5711_stream0_2_seg0_0_firstevent0_nevent100000_1.root,gem_only,7_gem_only_no_candidate,gem_only,1,0,4,3,9.21755045,0.2457228735,-0.02160055913,-0.02888811937,0.01652126587,5.654762839,1,1,-0.009469579262,0.01318273319,0.01736458599,0.01736458599,-0.06984155473,0.08661995791,-21.85412345,1.706276523,-0.6505391246,0.2526577005,2,0,571,0,0,0,0,0,0,0,0,0,-1,-999,-1,,,-1,0
33,78234,26077,8131,1,0,gep5_replayed_5711_stream0_2_seg0_0_firstevent0_nevent100000_1.root,gem_only,7_gem_only_no_candidate,gem_only,1,0,4,2,4.706858967,0.2099685973,0.06995765885,-0.03432500472,0.02569152963,-17.3496259,1,1,0.01984416356,0.006751306497,-0.01575216349,0.01575216349,0.05514746078,-0.0483807646,22.82064792,2.230473234,-0.472200932,0.1600279853,2,0,598,0,0,0,0,0,0,0,0,0,-1,-999,-1,,,-1,0
34,78552,26183,8237,1,0,gep5_replayed_5711_stream0_2_seg0_0_firstevent0_nevent100000_1.root,overlap,3_overlap_seam,overlap;seam;boundary_best_z,1,0,4,2,9.717189192,0.4053309728,0.0931748476,0.01949291055,0.03244949215,8.688691493,1,1,0.05575089839,0.04146532216,-0.002805702221,0.002805702221,0.02554670184,-0.05184433904,3.897694343,1.672115348,-0.9964251969,-0.02074941728,2,1,572,6,0,6,6,3,3,0,144,144,3,1,0,-0.2725,1.185068451,1,1
35,80124,26707,8761,1,0,gep5_replayed_5711_stream0_2_seg0_0_firstevent0_nevent100000_1.root,overlap,3_overlap_seam,overlap;seam;boundary_best_z,1,0,4,3,9.516333523,0.1611731424,-0.1628033969,-0.05287658455,-0.01629876473,5.964276356,1,1,0.09129555758,0.07229136761,0.02292707779,0.02292707779,-0.05532147713,-0.06634329146,1.782115313,2.914646829,-0.3735898222,-0.1343582906,2,1,579,3,0,3,3,2,1,0,72,72,0,0,0,-0.2725,0.5446804519,1,1
36,81105,27034,9088,1,0,gep5_replayed_5711_stream0_2_seg0_0_firstevent0_nevent100000_1.root,gem_only,7_gem_only_no_candidate,gem_only,1,0,4,2,8.796897862,0.3174426917,0.1158325164,-0.005226025697,0.05353745999,1.760695234,1,1,0.02093299008,0.02366911106,-0.02667490867,0.02667490867,0.08483713192,0.03412153234,-7.851491731,2.698700532,-0.8230495877,0.5376595167,2,0,565,0,0,0,0,0,0,0,0,0,-1,-999,-1,,,-1,0
37,81933,27310,9364,1,0,gep5_replayed_5711_stream0_2_seg0_0_firstevent0_nevent100000_1.root,gem_only,7_gem_only_no_candidate,gem_only,1,0,4,3,5.694045103,0.5681733996,-0.06503066501,0.04693092507,-0.003163374557,8.657666926,1,1,-0.009822991815,-0.03981426792,0.0004732645033,0.0004732645034,0.03512031879,-0.08562659286,-13.29354373,3.935979669,-1.087853115,-0.5775918722,2,0,573,0,0,0,0,0,0,0,0,0,-1,-999,-1,,,-1,0
38,83370,27789,9843,1,0,gep5_replayed_5711_stream0_2_seg0_0_firstevent0_nevent100000_1.root,overlap,1_overlap_interior_best_z,overlap;seam,1,0,4,3,2.429507416,0.3999393692,-0.0190791275,0.008187483411,0.01811090158,3.607241016,1,1,0.004332939049,-0.006603193221,-0.004115922462,0.004115922462,0.02379954853,-0.03764429964,0.004692747241,2.152101854,-0.9081529446,-0.04199697052,2,1,580,7,0,7,7,5,2,0,144,168,2,1,18,-0.0025,0.1731397065,1,0
39,90462,30153,12207,1,0,gep5_replayed_5711_stream0_2_seg0_0_firstevent0_nevent100000_1.root,overlap,5_overlap_standard,overlap;boundary_best_z,1,0,4,3,8.047890239,0.2287698633,-0.1298775247,-0.03350077942,-0.01803742666,14.43069198,1,1,0.09370460353,0.08248392926,0.006078932955,0.006078932955,-0.01082224982,-0.03607553239,1.177999826,3.13375143,-0.4633894182,-0.2041594376,2,1,565,9,0,9,9,9,0,0,216,216,5,0,23,0.0725,0.01960278397,1,1
40,91188,30395,12449,1,0,gep5_replayed_5711_stream0_2_seg0_0_firstevent0_nevent100000_1.root,overlap,3_overlap_seam,overlap;seam;boundary_best_z,1,0,4,2,3.753346408,0.2038541796,-0.07336074747,-0.04058200129,-0.007311560371,-3.513903713,1,1,-0.003430877108,0.02811861578,-0.022185504,0.022185504,0.04660438637,0.122404643,6.119996672,3.121877908,-0.3892750812,0.04153680674,2,1,593,9,0,9,9,7,2,0,72,216,6,0,0,-0.2725,0.05335835345,1,1
41,94089,31362,13416,1,0,gep5_replayed_5711_stream0_2_seg0_0_firstevent0_nevent100000_1.root,gem_only,7_gem_only_no_candidate,gem_only,1,0,4,3,8.611390489,0.5871601003,0.1147361825,0.05942528206,0.04964384526,7.479054516,1,1,-0.01654472581,-0.01651709239,-0.0141646557,0.0141646557,0.04036732868,0.0190215591,14.202875,3.029764005,-1.453371347,-0.09238192519,2,0,614,0,0,0,0,0,0,0,0,0,-1,-999,-1,,,-1,0
42,95208,31735,13789,1,0,gep5_replayed_5711_stream0_2_seg0_0_firstevent0_nevent100000_1.root,gem_only,7_gem_only_no_candidate,gem_only,1,0,5,3,13.28570329,0.46637904,-0.08150965666,0.02551582439,0.002957271189,5.561497863,1,1,0.0508456096,0.05925555169,0.03684577346,0.03684577346,-0.1078129,-0.007688754831,-31.50735333,1.672188254,-1.072479299,-0.2167970023,2,0,568,0,0,0,0,0,0,0,0,0,-1,-999,-1,,,-1,0
43,97242,32413,14467,1,0,gep5_replayed_5711_stream0_2_seg0_0_firstevent0_nevent100000_1.root,gem_only,7_gem_only_no_candidate,gem_only,1,0,4,2,3.767655204,0.1955687878,0.01387703924,-0.04197537127,0.01749930387,-2.167816061,1,1,-0.03187270015,-0.01931842493,0.01322594422,0.01322594422,-0.04764184318,0.04885119475,23.93038628,3.490110038,-0.5241849937,0.2180251667,2,0,575,0,0,0,0,0,0,0,0,0,-1,-999,-1,,,-1,0
44,108042,36013,129,2,0,gep5_replayed_5711_stream0_2_seg0_0_firstevent0_nevent100000_2.root,overlap,5_overlap_standard,overlap;boundary_best_z,1,0,4,2,7.257622879,0.06231954791,0.1028287118,-0.07242653803,0.009925608811,-3.616902844,1,1,0.03887684961,0.06168400707,0.03388189117,0.03388189117,-0.1004432753,0.08252648553,-8.899825954,2.534315436,-0.215855817,0.08466066877,2,1,573,1,0,1,1,1,0,0,24,24,0,0,0,-0.2725,1.873204145,1,1
45,111804,37267,1383,2,0,gep5_replayed_5711_stream0_2_seg0_0_firstevent0_nevent100000_2.root,gem_only,7_gem_only_no_candidate,gem_only,1,0,4,2,4.280879543,-0.2043130292,0.1356238765,-0.1560018257,0.02496523485,-6.497319897,1,1,-0.0756481244,-0.07493241739,-0.02218373564,0.02218373564,0.06450749783,-0.008511309291,-4.136236842,2.276725763,0.6325397715,0.06765061509,2,0,562,0,0,0,0,0,0,0,0,0,-1,-999,-1,,,-1,0
46,113106,37701,1817,2,0,gep5_replayed_5711_stream0_2_seg0_0_firstevent0_nevent100000_2.root,overlap,5_overlap_standard,overlap;boundary_best_z,1,0,5,4,19.07743373,0.2055999479,0.108628608,-0.03404598598,0.0395603907,-8.926159772,1,1,0.01141361416,0.008362469965,-0.006714561775,0.006714561775,0.02340110602,-0.01156621324,4.263090364,2.557068234,-0.5247635378,0.376734698,2,1,538,1,0,1,1,1,0,0,24,24,0,0,0,-0.2725,0.2866139229,1,1
47,113490,37829,1945,2,0,gep5_replayed_5711_stream0_2_seg0_0_firstevent0_nevent100000_2.root,gem_only,7_gem_only_no_candidate,gem_only,1,0,4,2,7.850029077,0.4011612184,-0.0355743373,0.006514874205,0.01330033683,7.932935037,1,1,-0.04083266128,-0.02645919081,-0.006987262371,0.006987262371,0.003303853655,0.06144748238,31.5328501,2.595483409,-0.9141423389,0.003431951846,2,0,584,0,0,0,0,0,0,0,0,0,-1,-999,-1,,,-1,0
48,117270,39089,3205,2,0,gep5_replayed_5711_stream0_2_seg0_0_firstevent0_nevent100000_2.root,gem_only,7_gem_only_no_candidate,gem_only,1,0,4,2,8.211707815,0.2921590233,0.1385610654,-0.009805224359,0.0515213244,8.339075957,1,1,0.02741495267,0.02618552388,0.006994078345,0.006994078345,-0.02121749923,-0.01128719621,3.608197384,3.923580241,-0.8543989259,0.4448876721,2,0,561,0,0,0,0,0,0,0,0,0,-1,-999,-1,,,-1,0
49,117846,39281,3397,2,0,gep5_replayed_5711_stream0_2_seg0_0_firstevent0_nevent100000_2.root,gem_only,7_gem_only_no_candidate,gem_only,1,0,4,3,5.113969705,0.09756803069,0.1403453744,-0.06448806901,0.0372311105,-2.201287353,1,1,-0.04660616274,-0.0304850318,-0.01273716405,0.01273716405,0.03477545059,0.08641951955,-1.790482927,2.317842313,-0.2109853267,0.4503447726,2,0,537,0,0,0,0,0,0,0,0,0,-1,-999,-1,,,-1,0
50,119475,39824,3940,2,0,gep5_replayed_5711_stream0_2_seg0_0_firstevent0_nevent100000_2.root,overlap,5_overlap_standard,overlap;boundary_best_z,1,0,4,2,3.304771041,0.2996739819,0.07319413522,-0.007596080233,0.007802011299,1.726809877,1,1,0.03960775991,0.03719428618,0.01517200601,0.01517200601,-0.03869577744,-0.01808946117,-2.961821452,2.801191669,-0.7385266119,-0.1723969705,2,1,582,1,0,1,1,1,0,0,0,24,0,0,23,0.0725,7.095942591,0,1
51,120333,40110,4226,2,0,gep5_replayed_5711_stream0_2_seg0_0_firstevent0_nevent100000_2.root,overlap,5_overlap_standard,overlap;boundary_best_z,1,0,4,2,2.344174099,0.5752635655,0.005079873443,0.06017922096,0.01489709505,9.403698603,1,1,0.06678910619,0.08528330828,0.02361594627,0.02361594627,-0.0866087847,0.02858004454,5.133533831,4.202567087,-1.30012113,-0.3238055834,2,1,569,8,0,8,8,8,0,0,192,192,2,0,23,0.0725,0.1756084738,1,1
52,122088,40695,4811,2,0,gep5_replayed_5711_stream0_2_seg0_0_firstevent0_nevent100000_2.root,gem_only,7_gem_only_no_candidate,gem_only,1,0,5,3,18.27767366,0.2090823157,0.09758240872,-0.03079619732,0.02732466058,12.0917575,1,1,0.03173436371,0.05590958168,-0.02369811196,0.02369811196,0.05668502009,0.1155012805,21.1807625,2.508819043,-0.4603463046,0.3130846064,2,0,633,0,0,0,0,0,0,0,0,0,-1,-999,-1,,,-1,0
53,125256,41751,5867,2,0,gep5_replayed_5711_stream0_2_seg0_0_firstevent0_nevent100000_2.root,gem_only,7_gem_only_no_candidate,gem_only,1,0,4,3,9.446203476,0.1861424187,-0.07815567345,-0.05310262533,-0.01355907022,4.631782091,1,1,-0.058482322,-0.08239559707,-0.01745019692,0.01745019692,0.05714660951,-0.07752108879,19.90281877,3.007657283,-0.3696066657,-0.2389167651,2,0,570,0,0,0,0,0,0,0,0,0,-1,-999,-1,,,-1,0
54,128121,42706,6822,2,0,gep5_replayed_5711_stream0_2_seg0_0_firstevent0_nevent100000_2.root,gem_only,7_gem_only_no_candidate,gem_only,1,0,4,3,6.114528207,0.2708603727,0.1389657473,-0.01598416247,0.04926894696,0.102060868,1,1,0.02199205316,0.009505155542,-0.03501108149,0.03501108149,0.1243011641,-0.0403592235,-1.62495316,2.426208496,-0.6452374348,0.3984370921,2,0,528,0,0,0,0,0,0,0,0,0,-1,-999,-1,,,-1,0
55,130032,43343,7459,2,0,gep5_replayed_5711_stream0_2_seg0_0_firstevent0_nevent100000_2.root,gem_only,7_gem_only_no_candidate,gem_only,1,0,4,2,6.692662513,-0.2636022294,0.04313126343,-0.1564886689,0.0409188473,1.476927287,1,1,0.02672289012,0.01773942138,0.01047968005,0.01047968005,-0.04296888914,-0.03515771273,26.80551762,3.617301731,0.7669143806,0.3949727367,2,0,599,0,0,0,0,0,0,0,0,0,-1,-999,-1,,,-1,0
56,130581,43526,7642,2,0,gep5_replayed_5711_stream0_2_seg0_0_firstevent0_nevent100000_2.root,gem_only,7_gem_only_no_candidate,gem_only,1,0,4,3,8.916332946,0.429687525,-0.02068706248,0.02180039337,0.01364638829,5.011518279,1,1,0.06429727942,0.08690004007,-0.02130149856,0.02130149856,0.03620599103,0.09646204392,25.49036808,3.322377051,-0.9145910546,0.00584907583,2,0,557,0,0,0,0,0,0,0,0,0,-1,-999,-1,,,-1,0
57,132159,44052,454,3,1,gep5_replayed_5711_stream0_2_seg1_1_firstevent0_nevent100000.root,gem_only,7_gem_only_no_candidate,gem_only,1,0,4,3,7.436413356,0.3220089862,-0.04339306099,-0.006323795746,-0.01065064615,8.405597493,1,1,0.04185962445,0.05077429761,-0.02819350867,0.02819350867,0.06731290707,0.04422017097,25.25013935,2.763234961,-0.6058945858,-0.2177448333,2,0,567,0,0,0,0,0,0,0,0,0,-1,-999,-1,,,-1,0
58,134211,44736,1138,3,1,gep5_replayed_5711_stream0_2_seg1_1_firstevent0_nevent100000.root,overlap,5_overlap_standard,overlap;boundary_best_z,1,0,5,5,1.226255021,0.3133768687,0.01646917537,-0.009438550754,0.01862098797,8.054338047,1,1,0.01632211991,0.01444543088,-0.007118705582,0.007118705582,0.02226933245,-0.002649320563,-0.5469960828,4.345406109,-0.7292027029,0.06655947693,2,1,589,2,0,2,2,2,0,0,48,48,1,0,23,0.0725,2.090764775,1,1
59,136137,45378,1780,3,1,gep5_replayed_5711_stream0_2_seg1_1_firstevent0_nevent100000.root,gem_only,7_gem_only_no_candidate,gem_only,1,0,4,3,4.352420236,0.3926192024,0.093857092,0.01559237928,0.02562556967,6.369945821,1,1,0.01603908134,0.01205718543,-0.01505742789,0.01505742789,0.04682434174,-0.002253613236,-9.191634112,3.051037365,-0.9267494337,-0.06434858823,2,0,600,0,0,0,0,0,0,0,0,0,-1,-999,-1,,,-1,0
60,136242,45413,1815,3,1,gep5_replayed_5711_stream0_2_seg1_1_firstevent0_nevent100000.root,overlap,5_overlap_standard,overlap;boundary_best_z,1,0,5,2,5.444318388,0.2873174623,-0.1798616776,-0.02476307657,-0.04095880831,0.9429131336,1,1,0.01352636009,0.01297505665,-0.007917651368,0.007917651368,0.01942425165,0.002375734668,1.28916764,6.508718634,-0.5202450386,-0.4411772051,2,1,575,2,0,2,2,2,0,0,48,48,1,0,0,-0.2725,3.31546933,1,1
61,139083,46360,2762,3,1,gep5_replayed_5711_stream0_2_seg1_1_firstevent0_nevent100000.root,overlap,4_overlap_multi_track,overlap;multi_track;boundary_best_z,3,0,4,2,1.919231844,0.2339321105,-0.1881941277,-0.04185444662,-0.04342544971,0.9932474561,3,1,-0.002900682987,-0.02378486487,-0.02111470791,0.02111470791,0.05979415368,-0.04950689048,0.4668316738,1.856336796,-0.3943635378,-0.4785448333,2,1,569,1,0,1,1,1,0,0,24,24,0,0,0,-0.2725,1.047596368,1,1
62,140064,46687,3089,3,1,gep5_replayed_5711_stream0_2_seg1_1_firstevent0_nevent100000.root,overlap,5_overlap_standard,overlap;boundary_best_z,1,0,4,3,6.632871862,0.1054589891,0.1008803275,-0.05828096002,0.04577072419,0.6242354302,1,1,0.06706135775,0.04840579128,0.03067695122,0.03067695122,-0.09344387017,-0.09961921455,1.998414297,1.478443433,-0.3316423588,0.4934279899,2,1,567,2,0,2,2,2,0,0,48,48,1,0,0,-0.2725,4.68612976,1,1
63,140892,46963,3365,3,1,gep5_replayed_5711_stream0_2_seg1_1_firstevent0_nevent100000.root,overlap,1_overlap_interior_best_z,overlap,1,0,5,4,1.950092123,0.429180658,0.1154304695,0.0212880797,0.04799103968,-0.1749286732,1,1,-0.01716712318,-0.01520475251,-0.01746927452,0.01746927452,0.05047523783,0.02682736528,4.110012254,4.618092388,-1.125509266,0.220108139,2,1,548,4,0,4,4,4,0,0,96,96,1,0,18,-0.0025,0.03375478242,1,0
64,142176,47391,3793,3,1,gep5_replayed_5711_stream0_2_seg1_1_firstevent0_nevent100000.root,gem_only,7_gem_only_no_candidate,gem_only,1,0,4,4,4.796486174,0.4008185958,-0.03268540684,0.01037002613,-0.008951841762,4.882657274,1,1,-0.03891289048,-0.02224930341,-0.02829325316,0.02829325316,0.05639817137,0.07531087379,-1.586698551,2.513214778,-0.7899680031,-0.2853884023,2,0,553,0,0,0,0,0,0,0,0,0,-1,-999,-1,,,-1,0
65,144564,48187,4589,3,1,gep5_replayed_5711_stream0_2_seg1_1_firstevent0_nevent100000.root,gem_only,7_gem_only_no_candidate,gem_only,1,0,4,2,6.60892508,0.1562588641,0.1173186805,-0.0445509656,0.02516352203,-3.747274466,1,1,0.02432466621,0.05812545763,-0.005285670844,0.005285670844,-0.000455950286,0.1501519411,1.797759424,2.151613867,-0.3736156003,0.3220349024,2,0,587,0,0,0,0,0,0,0,0,0,-1,-999,-1,,,-1,0
66,145914,48637,5039,3,1,gep5_replayed_5711_stream0_2_seg1_1_firstevent0_nevent100000.root,gem_only,7_gem_only_no_candidate,gem_only,1,0,4,4,0.5611310722,0.2383022979,-0.06479748302,-0.02838459111,0.003594768044,-11.40557259,1,1,0.1244100256,0.08393945794,0.020221254,0.020221254,-0.03370922026,-0.1421267765,-19.88972787,2.608157746,-0.5462679028,-0.09763648456,2,0,558,0,0,0,0,0,0,0,0,0,-1,-999,-1,,,-1,0
67,147699,49232,5634,3,1,gep5_replayed_5711_stream0_2_seg1_1_firstevent0_nevent100000.root,gem_only,7_gem_only_no_candidate,gem_only,1,0,4,2,8.613023797,0.5652527697,0.1128263125,0.05642688197,0.02770915905,1.598682885,1,1,-0.05289976637,-0.06658429545,-0.03716710447,0.03716710447,0.1164028212,-0.003346832578,-15.69189082,3.102867164,-1.209726519,-0.4074642971,2,0,532,0,0,0,0,0,0,0,0,0,-1,-999,-1,,,-1,0
68,148770,49589,5991,3,1,gep5_replayed_5711_stream0_2_seg1_1_firstevent0_nevent100000.root,gem_only,7_gem_only_no_candidate,gem_only,1,0,5,3,17.37377392,0.2358525561,0.1530889833,-0.02887608935,0.05056013928,-3.073453246,1,1,-0.06127538757,-0.06500246001,0.02511366189,0.02511366189,-0.0768653594,-0.03667102344,20.65505315,2.923144302,-0.7798058883,0.4320190197,2,0,578,0,0,0,0,0,0,0,0,0,-1,-999,-1,,,-1,0
69,150345,50114,6516,3,1,gep5_replayed_5711_stream0_2_seg1_1_firstevent0_nevent100000.root,gem_only,7_gem_only_no_candidate,gem_only,1,0,4,2,9.681704223,0.1880523327,-0.06389674172,-0.04349152986,-0.01000848901,-6.922205625,1,1,0.05782342403,0.04232556554,0.001844841725,0.001844841725,0.001690545746,-0.05075458576,16.08528675,3.851778371,-0.3943635378,-0.1671045604,2,0,616,0,0,0,0,0,0,0,0,0,-1,-999,-1,,,-1,0
70,155403,51800,8202,3,1,gep5_replayed_5711_stream0_2_seg1_1_firstevent0_nevent100000.root,gem_only,7_gem_only_no_candidate,gem_only,1,0,4,3,3.507679435,0.3871811871,0.1630451066,0.01558736967,0.03892837953,-6.63146528,1,1,-0.004424065826,-0.01796223041,0.00169865399,0.00169865399,0.0137863569,-0.05752992572,-22.2575837,2.806093554,-1.033488978,-0.03738058586,2,0,577,0,0,0,0,0,0,0,0,0,-1,-999,-1,,,-1,0
71,157464,52487,8889,3,1,gep5_replayed_5711_stream0_2_seg1_1_firstevent0_nevent100000.root,overlap,5_overlap_standard,overlap;boundary_best_z,1,0,4,2,8.834916446,0.4849191183,-0.03237374537,0.02799537205,-0.01040394025,0.7410289916,1,1,-0.1059161387,-0.08120485435,-0.01137489523,0.01137489523,-0.002017104179,0.09032403191,15.71494955,1.329469034,-0.9981218214,-0.419823574,2,1,587,11,0,11,11,11,0,0,264,264,4,0,23,0.0725,0.1725244428,1,1
72,159996,53331,9733,3,1,gep5_replayed_5711_stream0_2_seg1_1_firstevent0_nevent100000.root,gem_only,7_gem_only_no_candidate,gem_only,1,0,4,2,1.148485294,0.1665525685,-0.04188963278,-0.05134968003,0.006541150184,2.035573367,1,1,0.01365067062,-0.01136027111,-0.02668045297,0.02668045297,0.0860515466,-0.08680862428,12.637825,1.660982662,-0.2967758682,0.01119330314,2,0,576,0,0,0,0,0,0,0,0,0,-1,-999,-1,,,-1,0
73,164103,54700,11102,3,1,gep5_replayed_5711_stream0_2_seg1_1_firstevent0_nevent100000.root,gem_only,7_gem_only_no_candidate,gem_only,1,0,4,2,8.650059391,0.2132201599,0.08346986478,-0.03158692793,0.02823085176,-4.515299568,1,1,-0.001210663962,0.03092292029,-0.008737237913,0.008737237913,0.003990180984,0.151793739,-1.214565651,1.845013904,-0.531031851,0.3807083145,2,0,581,0,0,0,0,0,0,0,0,0,-1,-999,-1,,,-1,0
74,164394,54797,11199,3,1,gep5_replayed_5711_stream0_2_seg1_1_firstevent0_nevent100000.root,gem_only,7_gem_only_no_candidate,gem_only,1,0,4,2,3.225586861,-0.05052038428,0.1254895951,-0.1062659543,0.02674899118,-1.517854188,1,1,0.01039847797,-0.009231745088,0.01280608747,0.01280608747,-0.04199416698,-0.08284860297,-27.15006017,0.7441904459,0.1456990215,0.1319983968,2,0,578,0,0,0,0,0,0,0,0,0,-1,-999,-1,,,-1,0
75,165120,55039,11441,3,1,gep5_replayed_5711_stream0_2_seg1_1_firstevent0_nevent100000.root,gem_only,7_gem_only_no_candidate,gem_only,1,0,4,2,5.634283114,0.4124690621,0.1444405876,0.01695928371,0.05858358181,7.730205947,1,1,-0.005078958608,-0.02549608929,-0.03316892365,0.03316892365,0.1384298586,-0.06754612,-8.731817582,1.797420509,-1.072281149,0.2898886652,2,0,537,0,0,0,0,0,0,0,0,0,-1,-999,-1,,,-1,0
76,168180,56059,12461,3,1,gep5_replayed_5711_stream0_2_seg1_1_firstevent0_nevent100000.root,overlap,5_overlap_standard,overlap;boundary_best_z,1,0,4,2,7.39499977,0.2003558718,-0.02527748568,-0.03713873588,-0.01485060177,-3.295610628,1,1,0.06812650238,0.07089652517,-0.008633294817,0.008633294817,0.02127976245,0.01168625706,-0.9233242002,3.176004858,-0.3943635378,-0.2177448333,2,1,556,1,0,1,1,1,0,0,24,24,0,0,0,-0.2725,10.74333219,1,1
77,169992,56663,13065,3,1,gep5_replayed_5711_stream0_2_seg1_1_firstevent0_nevent100000.root,overlap,3_overlap_seam,overlap;seam;boundary_best_z,1,0,4,3,6.522044892,0.1445024294,-0.1272867843,-0.05954359701,-0.004504757757,8.91103347,1,1,0.02259475438,0.00549580356,0.004355224352,0.004355224352,-0.006131089535,-0.0626732421,0.4078048212,1.577602197,-0.3186642752,-0.006152232255,2,1,570,3,0,3,3,2,1,0,24,72,0,0,23,0.0725,0.04622158009,0,1
78,170061,56686,13088,3,1,gep5_replayed_5711_stream0_2_seg1_1_firstevent0_nevent100000.root,overlap,3_overlap_seam,overlap;seam;boundary_best_z,1,0,4,3,2.408039651,0.3029369131,-0.06250357617,-0.0119717576,0.008055841199,-6.132024744,1,1,0.09590594101,0.09132865945,-0.01832602892,0.01832602892,0.05556423569,-0.005482032469,0.4371241964,2.822899588,-0.6063274761,0.04306516671,2,1,633,9,0,9,9,8,1,0,192,216,0,0,0,-0.2725,2.444103485,1,1
79,173778,57925,14327,3,1,gep5_replayed_5711_stream0_2_seg1_1_firstevent0_nevent100000.root,overlap,3_overlap_seam,overlap;seam;boundary_best_z,1,0,4,2,6.960759143,0.3593080569,-0.05867145368,-0.00363778381,-0.007083288462,7.464579879,1,1,-0.05306020512,-0.03613530919,-0.03554784686,0.03554784686,0.0790158769,0.08246224888,8.79737415,3.119886909,-0.6935877194,-0.1723969705,2,1,603,5,0,5,5,3,2,0,48,120,4,0,23,0.0725,9.592312784,0,1
80,175161,58386,14788,3,1,gep5_replayed_5711_stream0_2_seg1_1_firstevent0_nevent100000.root,gem_only,7_gem_only_no_candidate,gem_only,1,0,5,2,10.20763579,0.1467473403,-0.01985245132,-0.04884575916,0.01374116252,-2.660720754,1,1,0.08060403811,0.1072121195,0.02415544482,0.02415544482,-0.08385873285,0.09783604449,13.57844268,2.366372828,-0.3908436309,0.3011953773,2,0,583,0,0,0,0,0,0,0,0,0,-1,-999,-1,,,-1,0
81,178851,59616,16018,3,1,gep5_replayed_5711_stream0_2_seg1_1_firstevent0_nevent100000.root,gem_only,7_gem_only_no_candidate,gem_only,1,0,4,2,5.319985594,0.2795582798,-0.05219845848,-0.01675437708,-0.01605744514,0.1578990006,1,1,0.08244112319,0.0699672993,-0.009569782179,0.009569782179,0.03157004595,-0.03154041982,-17.06589767,1.858892103,-0.5410153818,-0.3064884618,2,0,618,0,0,0,0,0,0,0,0,0,-1,-999,-1,,,-1,0
82,181677,60558,16960,3,1,gep5_replayed_5711_stream0_2_seg1_1_firstevent0_nevent100000.root,overlap,5_overlap_standard,overlap;boundary_best_z,1,0,4,2,9.983555952,0.1798774813,0.01002008975,-0.03954804978,-0.002544927186,-5.547457312,1,1,0.1255723317,0.1047084571,0.006279491819,0.006279491819,-0.008527192445,-0.06757202336,29.6264381,3.361299842,-0.3861126609,-0.1640504373,2,1,595,4,0,4,4,4,0,0,96,96,2,0,23,0.0725,0.2714003899,1,1
83,182019,60672,17074,3,1,gep5_replayed_5711_stream0_2_seg1_1_firstevent0_nevent100000.root,overlap,5_overlap_standard,overlap;boundary_best_z,1,0,4,2,8.216436038,0.2504018608,0.07275470342,-0.01890967142,0.01722446614,3.746108103,1,1,0.1049492972,0.08555862312,0.02673835884,0.02673835884,-0.06168471172,-0.08356003886,1.742682942,3.475821277,-0.6524007573,-0.04199697052,2,1,504,1,0,1,1,1,0,0,0,24,0,0,23,0.0725,7.174082803,0,1
84,189714,63237,1789,4,1,gep5_replayed_5711_stream0_2_seg1_1_firstevent0_nevent100000_1.root,gem_only,7_gem_only_no_candidate,gem_only,1,0,4,2,1.499970467,0.5363992526,0.1638253161,0.05972022953,0.04178320187,-6.008037815,1,1,0.05976775287,0.07863521646,0.005109511721,0.005109511721,-0.04534861634,0.06117644351,-11.29595346,2.739164299,-1.388194538,-0.1464476982,2,0,586,0,0,0,0,0,0,0,0,0,-1,-999,-1,,,-1,0
85,190821,63606,2158,4,1,gep5_replayed_5711_stream0_2_seg1_1_firstevent0_nevent100000_1.root,gem_only,7_gem_only_no_candidate,gem_only,1,0,4,3,9.807565942,0.4816184464,0.1262221551,0.0318475244,0.0530183999,-5.150780577,1,1,-0.03661677397,-0.05122192134,-0.04511826939,0.04511826939,0.1619761559,-0.016599791,20.85565331,2.248297887,-1.1728445,0.1249213409,2,0,570,0,0,0,0,0,0,0,0,0,-1,-999,-1,,,-1,0
86,192783,64260,2812,4,1,gep5_replayed_5711_stream0_2_seg1_1_firstevent0_nevent100000_1.root,gem_only,7_gem_only_no_candidate,gem_only,1,0,6,4,28.16906787,0.3925507421,0.08823853667,0.01612118468,0.02169212028,-3.864308385,1,1,0.01423088845,0.0194108568,0.01590447239,0.01590447239,-0.05017957617,0.00515489178,-2.149110942,5.314500207,-1.00442038,-0.1043342641,2,0,590,0,0,0,0,0,0,0,0,0,-1,-999,-1,,,-1,0
87,197322,65773,4325,4,1,gep5_replayed_5711_stream0_2_seg1_1_firstevent0_nevent100000_1.root,gem_only,7_gem_only_no_candidate,gem_only,1,0,4,2,7.577425442,0.3830797023,0.03526847437,0.01493304791,0.01333542917,1.71726726,1,1,0.06790194148,0.09340059848,-0.009568144787,0.009568144787,0.001453892141,0.09610714583,-13.91230654,2.444071253,-0.8692875365,-0.02000901712,2,0,598,0,0,0,0,0,0,0,0,0,-1,-999,-1,,,-1,0
88,203655,67884,6436,4,1,gep5_replayed_5711_stream0_2_seg1_1_firstevent0_nevent100000_1.root,overlap,3_overlap_seam,overlap;seam;boundary_best_z,1,0,4,3,7.014630546,0.39732453,0.0111639992,0.004370281738,0.02294648836,0.2935060759,1,1,-0.05361944424,-0.0793396729,-0.01215722583,0.01215722583,0.06568464502,-0.09273885569,10.4537,2.451030688,-0.9100295875,-0.08654697052,2,1,606,5,0,5,5,3,2,0,48,120,4,1,0,-0.2725,6.888861731,1,1
89,203886,67961,6513,4,1,gep5_replayed_5711_stream0_2_seg1_1_firstevent0_nevent100000_1.root,gem_only,7_gem_only_no_candidate,gem_only,1,0,5,3,8.08375894,0.1442467807,0.1476568131,-0.05106335184,0.02675211471,6.474866234,1,1,-0.02773092835,-0.01436827547,-0.01150898771,0.01150898771,0.02754602707,0.06434810586,-1.03541253,2.70633941,-0.3449771569,0.2180251667,2,0,594,0,0,0,0,0,0,0,0,0,-1,-999,-1,,,-1,0
90,204072,68023,6575,4,1,gep5_replayed_5711_stream0_2_seg1_1_firstevent0_nevent100000_1.root,gem_only,7_gem_only_no_candidate,gem_only,1,0,4,2,5.063683239,0.1531144052,0.1730414646,-0.05035313652,0.03586483562,-11.19776911,1,1,-0.06828369748,-0.06136537917,-0.04007551552,0.04007551552,0.1182577853,0.04783658461,37.02773509,1.504884031,-0.312375706,0.2999137841,2,0,574,0,0,0,0,0,0,0,0,0,-1,-999,-1,,,-1,0
91,204096,68031,6583,4,1,gep5_replayed_5711_stream0_2_seg1_1_firstevent0_nevent100000_1.root,gem_only,7_gem_only_no_candidate,gem_only,1,0,4,2,5.36014875,0.213345647,-0.1336262146,-0.04339097013,-0.03499595237,-11.85796995,1,1,0.0132193967,-0.009158949689,-0.02240719239,0.02240719239,0.06407471147,-0.05567163149,25.14627012,7.030593289,-0.3647605406,-0.4262945731,2,0,567,0,0,0,0,0,0,0,0,0,-1,-999,-1,,,-1,0
92,207504,69167,7719,4,1,gep5_replayed_5711_stream0_2_seg1_1_firstevent0_nevent100000_1.root,overlap,5_overlap_standard,overlap;boundary_best_z,1,0,4,3,9.088038805,0.3033477964,-0.08807900516,-0.0122474188,-0.005065649932,18.15438687,1,1,0.08602611052,0.09181957435,0.004652393932,0.004652393932,-0.01660254666,0.01589716218,-3.533876118,3.66720043,-0.6446628489,-0.09052128078,2,1,561,1,0,1,1,1,0,0,24,24,0,0,0,-0.2725,0.3687631854,1,1
93,213246,71081,9633,4,1,gep5_replayed_5711_stream0_2_seg1_1_firstevent0_nevent100000_1.root,overlap,5_overlap_standard,overlap;boundary_best_z,1,0,4,2,3.632260106,0.2235393724,-0.07502086448,-0.04134894318,-0.01637402471,5.084039399,1,1,-0.07753573144,-0.05990225767,-0.03302970541,0.03302970541,0.07743446011,0.07655588542,-0.9039291005,2.980293866,-0.4159074802,-0.1478133788,2,1,612,3,0,3,3,3,0,0,72,72,1,0,0,-0.2725,9.019131511,1,1
94,214713,71570,10122,4,1,gep5_replayed_5711_stream0_2_seg1_1_firstevent0_nevent100000_1.root,overlap,3_overlap_seam,overlap;seam;boundary_best_z,1,0,4,2,6.563475346,0.411764174,0.02881470026,0.01319543701,0.03080624058,10.30690564,1,1,0.02640904544,-0.004610382643,0.003093982281,0.003093982281,0.02949650112,-0.1237453477,1.437447059,1.835622427,-0.9923254035,-0.02444449134,2,1,580,3,0,3,3,2,1,0,72,72,2,0,0,-0.2725,0.643967014,1,1
95,215535,71844,10396,4,1,gep5_replayed_5711_stream0_2_seg1_1_firstevent0_nevent100000_1.root,gem_only,7_gem_only_no_candidate,gem_only,1,0,5,2,9.184499574,0.3468690005,-0.06270553092,-0.005120362027,-0.002395102338,4.948685651,1,1,0.03294625064,0.001185461004,-0.01196710141,0.01196710141,0.05685277353,-0.0945408108,23.40957875,3.42829423,-0.6924896727,-0.2598769705,2,0,627,0,0,0,0,0,0,0,0,0,-1,-999,-1,,,-1,0
96,216471,72156,10708,4,1,gep5_replayed_5711_stream0_2_seg1_1_firstevent0_nevent100000_1.root,overlap,5_overlap_standard,overlap;boundary_best_z,1,0,5,2,19.99614255,0.2015500387,0.1167425116,-0.03344037042,0.03026162296,-12.23234389,1,1,0.05262640417,0.03132012038,-0.01878840001,0.01878840001,0.06855396964,-0.08081579976,6.33030799,3.16364829,-0.444865791,0.1383274158,2,1,578,20,0,20,20,20,0,0,480,480,1,0,23,0.0725,0.06719164846,1,1
97,217935,72644,11196,4,1,gep5_replayed_5711_stream0_2_seg1_1_firstevent0_nevent100000_1.root,gem_only,7_gem_only_no_candidate,gem_only,1,0,4,2,4.087907992,0.2016738361,0.01687099107,-0.03292319987,0.01862363107,2.580763644,1,1,0.1435857661,0.1138365435,-0.0008616255929,0.0008616255929,0.01711571552,-0.1070396937,-14.52911037,4.603364094,-0.4359369779,0.08662415407,2,0,597,0,0,0,0,0,0,0,0,0,-1,-999,-1,,,-1,0
98,225183,75060,13612,4,1,gep5_replayed_5711_stream0_2_seg1_1_firstevent0_nevent100000_1.root,gem_only,7_gem_only_no_candidate,gem_only,1,0,4,2,3.958322644,0.3917398834,0.1237495574,0.02177522721,0.02052645331,-5.143696131,1,1,0.04172517344,0.07893599943,-0.002487072089,0.002487072089,-0.03581516677,0.1366782084,-20.79548314,2.067062467,-0.9771505301,-0.03857189401,2,0,561,0,0,0,0,0,0,0,0,0,-1,-999,-1,,,-1,0
99,226812,75603,14155,4,1,gep5_replayed_5711_stream0_2_seg1_1_firstevent0_nevent100000_1.root,gem_only,7_gem_only_no_candidate,gem_only,1,0,4,3,9.208968838,0.2909572758,0.0438097758,-0.01779807304,0.01030351708,-4.479363452,1,1,-0.05621385639,-0.06088350761,-0.02344002845,0.02344002845,0.06845503213,-0.004011536956,3.163931995,4.179252722,-0.6417502516,-0.08654697052,2,0,552,0,0,0,0,0,0,0,0,0,-1,-999,-1,,,-1,0
100,230049,76682,15234,4,1,gep5_replayed_5711_stream0_2_seg1_1_firstevent0_nevent100000_1.root,gem_only,6_gem_only_multi_track,gem_only;multi_track,2,0,4,2,2.602996876,0.3876942219,0.08635706699,0.009694592279,0.03220281506,8.965329219,2,1,-0.0367065573,-0.03818200842,0.011165117,0.011165117,-0.03039591452,-0.0163960048,11.95898776,2.599437153,-1.033513133,0.03395956711,2,0,602,0,0,0,0,0,0,0,0,0,-1,-999,-1,,,-1,0
101,230430,76809,15361,4,1,gep5_replayed_5711_stream0_2_seg1_1_firstevent0_nevent100000_1.root,gem_only,7_gem_only_no_candidate,gem_only,1,0,4,2,8.269387748,0.2307299273,0.08147899393,-0.0333387309,0.03006470974,0.4982374716,1,1,-0.09149955426,-0.0717881033,-0.03714865381,0.03714865381,0.09749731757,0.1175453657,18.36522154,0.6318393015,-0.5247635378,0.3484251667,2,0,587,0,0,0,0,0,0,0,0,0,-1,-999,-1,,,-1,0
102,231792,77263,15815,4,1,gep5_replayed_5711_stream0_2_seg1_1_firstevent0_nevent100000_1.root,overlap,5_overlap_standard,overlap;boundary_best_z,1,0,4,2,2.770521123,0.2640650942,0.02305389712,-0.01599738907,0.01205946385,-6.620184237,1,1,0.1096904941,0.1138960488,0.005065529609,0.005065529609,-0.01723439271,0.0120383477,-6.016666667,3.001836495,-0.6122435378,0.04022566903,2,1,589,3,0,3,3,3,0,0,72,72,0,0,0,-0.2725,2.616352046,1,1
103,234144,78047,16599,4,1,gep5_replayed_5711_stream0_2_seg1_1_firstevent0_nevent100000_1.root,gem_only,7_gem_only_no_candidate,gem_only,1,0,4,3,2.539820036,0.3793697852,0.06163159226,0.00572864511,0.008176781476,6.740026109,1,1,-0.1176565011,-0.08028692582,-0.02918382929,0.02918382929,0.03406785311,0.1720166573,10.5743859,2.35723744,-0.8682499066,-0.08654697052,2,0,551,0,0,0,0,0,0,0,0,0,-1,-999,-1,,,-1,0
104,237984,79327,29,5,1,gep5_replayed_5711_stream0_2_seg1_1_firstevent0_nevent100000_2.root,gem_only,7_gem_only_no_candidate,gem_only,1,0,4,3,8.097203931,0.4016515777,0.08157791504,0.01600782352,0.04487890162,8.745023169,1,1,0.08194735502,0.05300401815,-0.00857019787,0.00857019787,0.06342091315,-0.1126375733,-1.424536893,1.91757691,-1.002491317,0.1617130295,2,0,607,0,0,0,0,0,0,0,0,0,-1,-999,-1,,,-1,0
105,238242,79413,115,5,1,gep5_replayed_5711_stream0_2_seg1_1_firstevent0_nevent100000_2.root,overlap,5_overlap_standard,overlap;boundary_best_z,1,0,4,2,4.4227635,0.1693920197,-0.1251559072,-0.05369174615,-0.03878681935,0.04640837852,1,1,0.0108816012,0.01197405307,0.004944111347,0.004944111347,-0.01250151315,0.001551345502,10.67668457,3.593173248,-0.3514335378,-0.3910648333,2,1,573,2,0,2,2,2,0,0,48,48,1,0,23,0.0725,7.436013866,1,1
106,239001,79666,368,5,1,gep5_replayed_5711_stream0_2_seg1_1_firstevent0_nevent100000_2.root,gem_only,7_gem_only_no_candidate,gem_only,1,0,4,2,7.868381686,-0.302469034,-0.1008808269,-0.177660629,-0.001132765495,0.4518885261,1,1,-0.01939474752,-0.0357085315,-0.04481944034,0.04481944034,0.1100690835,-0.08823846739,15.00172553,5.639539013,0.7673372261,-0.1133461003,2,0,603,0,0,0,0,0,0,0,0,0,-1,-999,-1,,,-1,0
107,239796,79931,633,5,1,gep5_replayed_5711_stream0_2_seg1_1_firstevent0_nevent100000_2.root,overlap,3_overlap_seam,overlap;seam;boundary_best_z,1,0,7,5,13.75158987,0.4229575182,0.03836352995,0.01924114869,0.02148994402,0.7188695675,1,1,0.002384493731,0.00610947471,-0.009143089209,0.009143089209,0.02107531888,0.02215416277,0.7949861601,4.604803564,-0.9844781473,-0.05620529041,2,1,582,3,0,3,3,2,1,0,24,72,0,1,23,0.0725,0.5544137001,1,1
108,242616,80871,1573,5,1,gep5_replayed_5711_stream0_2_seg1_1_firstevent0_nevent100000_2.root,gem_only,7_gem_only_no_candidate,gem_only,1,0,4,3,9.73724027,0.2707772303,0.08320782031,-0.01369432171,0.007566281922,7.839772016,1,1,0.04880430435,0.06313823723,-0.0003764751248,0.000376475125,-0.009474630299,0.05024042505,16.87205731,2.667114478,-0.6382703823,-0.08654697052,2,0,599,0,0,0,0,0,0,0,0,0,-1,-999,-1,,,-1,0
109,242841,80946,1648,5,1,gep5_replayed_5711_stream0_2_seg1_1_firstevent0_nevent100000_2.root,overlap,5_overlap_standard,overlap;boundary_best_z,1,0,7,6,35.3738981,0.6057321465,-0.02203099343,0.06108860701,0.01306251383,8.191423585,1,1,0.03398532663,0.02341147011,-0.008106543894,0.008106543894,0.03475826898,-0.02213459047,1.404681158,6.597326779,-1.215221139,-0.4215649838,2,1,553,8,0,8,8,8,0,0,192,192,0,0,0,-0.2725,0.008961620547,1,1
110,242847,80948,1650,5,1,gep5_replayed_5711_stream0_2_seg1_1_firstevent0_nevent100000_2.root,overlap,3_overlap_seam,overlap;seam;boundary_best_z,1,0,4,2,7.058440176,0.4331632607,0.1624202197,0.03399264994,0.03431046611,1.654916504,1,1,0.06520516398,0.0822363263,0.003517281292,0.003517281292,-0.03289125011,0.05942271178,15.62653297,1.699566954,-1.130955262,-0.05358196822,2,1,535,10,0,10,10,5,5,0,192,240,2,0,23,0.0725,0.09731968542,1,1
111,245985,81994,2696,5,1,gep5_replayed_5711_stream0_2_seg1_1_firstevent0_nevent100000_2.root,gem_only,7_gem_only_no_candidate,gem_only,1,0,4,3,4.251763925,0.1547178034,-0.1332437046,-0.06104926092,-0.02449811926,-1.124317763,1,1,-0.05178658177,-0.0419449729,0.005936486893,0.005936486893,-0.01946073245,0.03147250963,17.85339863,3.242690807,-0.3537286323,-0.1850445517,2,0,635,0,0,0,0,0,0,0,0,0,-1,-999,-1,,,-1,0
112,250203,83400,4102,5,1,gep5_replayed_5711_stream0_2_seg1_1_firstevent0_nevent100000_2.root,overlap,3_overlap_seam,overlap;seam;boundary_best_z,1,0,5,4,2.503471664,0.1742996505,-0.0634429486,-0.04915667994,0.0008446909466,4.658296093,1,1,0.006267461223,0.0065346607,-0.009389222462,0.009389222462,0.02650740051,0.004142104194,-0.4389321092,4.493841114,-0.360595513,0.04289862625,2,1,610,10,0,10,10,1,9,0,216,240,5,1,0,-0.2725,0.1345218152,1,1
113,250440,83479,4181,5,1,gep5_replayed_5711_stream0_2_seg1_1_firstevent0_nevent100000_2.root,overlap,5_overlap_standard,overlap;boundary_best_z,1,0,4,3,3.280931566,0.5286687503,-0.04294325345,0.03372918945,0.009495842359,7.604179895,1,1,-0.05752549186,-0.07707506572,-0.01015998852,0.01015998852,0.05222600961,-0.05522393153,1.143485786,3.003269415,-1.082757939,-0.3674356985,2,1,561,1,0,1,1,1,0,0,24,24,0,0,23,0.0725,5.106442686,1,1
114,250476,83491,4193,5,1,gep5_replayed_5711_stream0_2_seg1_1_firstevent0_nevent100000_2.root,overlap,5_overlap_standard,overlap;boundary_best_z,1,0,4,2,6.398962328,0.3656793909,0.1508999384,0.01494589147,0.04405928723,6.175281069,1,1,0.0913324258,0.1058682059,0.02863516322,0.02863516322,-0.1064416088,0.03545172688,11.265468,2.444673764,-1.08575122,0.2277269494,2,1,593,10,0,10,10,10,0,0,240,240,3,0,0,-0.2725,0.9934488781,1,1
115,251259,83752,4454,5,1,gep5_replayed_5711_stream0_2_seg1_1_firstevent0_nevent100000_2.root,gem_only,7_gem_only_no_candidate,gem_only,1,0,4,3,8.080992732,-0.286987557,0.05723932805,-0.1797176046,0.01195528761,5.507740565,1,1,-0.05318716146,-0.05866566208,0.01819717857,0.01819717857,-0.05479917442,-0.01041846154,22.40571863,2.281604608,0.6481542488,-0.08691639907,2,0,603,0,0,0,0,0,0,0,0,0,-1,-999,-1,,,-1,0
116,254868,84955,5657,5,1,gep5_replayed_5711_stream0_2_seg1_1_firstevent0_nevent100000_2.root,gem_only,7_gem_only_no_candidate,gem_only,1,0,4,2,8.971829646,0.242898236,0.1112349221,-0.02698961947,0.03268808613,-14.52290205,1,1,-0.03325033519,-0.04445737324,-0.01347806382,0.01347806382,0.05008159845,-0.04382179433,-12.05502449,2.931361632,-0.6068986093,0.1734751667,2,0,574,0,0,0,0,0,0,0,0,0,-1,-999,-1,,,-1,0
117,255420,85139,5841,5,1,gep5_replayed_5711_stream0_2_seg1_1_firstevent0_nevent100000_2.root,gem_only,7_gem_only_no_candidate,gem_only,1,0,4,2,7.208997783,0.3513243025,0.05693716309,0.006049416629,0.02732218396,3.980303189,1,1,0.1344509062,0.08696308572,0.03157768872,0.03157768872,-0.0434351381,-0.1913741686,15.06053333,3.003721865,-0.900482899,-0.08654697052,2,0,582,0,0,0,0,0,0,0,0,0,-1,-999,-1,,,-1,0
118,256164,85387,6089,5,1,gep5_replayed_5711_stream0_2_seg1_1_firstevent0_nevent100000_2.root,overlap,3_overlap_seam,overlap;seam;boundary_best_z,1,0,4,2,8.174229036,0.1973616277,-0.0536184161,-0.04855379473,0.006942087999,3.666214114,1,1,-0.06386740814,-0.07695578412,-0.02741455612,0.02741455612,0.0857545647,-0.0432042777,0.728119063,1.983264994,-0.3910700617,0.04430429758,2,1,611,20,0,20,20,10,10,0,240,480,1,0,0,-0.2725,0.3331476025,0,1
119,259794,86597,7299,5,1,gep5_replayed_5711_stream0_2_seg1_1_firstevent0_nevent100000_2.root,gem_only,7_gem_only_no_candidate,gem_only,1,0,4,2,1.890007766,0.1172883051,0.141880125,-0.05473578281,0.03228995835,-5.58170609,1,1,0.06331988187,0.05390145871,0.02253476535,0.02253476535,-0.06433593214,-0.04654250494,16.15849665,2.567490805,-0.336420263,0.2246145239,2,0,610,0,0,0,0,0,0,0,0,0,-1,-999,-1,,,-1,0
120,262086,87361,182,6,2,gep5_replayed_5711_stream0_2_seg2_2_firstevent0_nevent100000.root,overlap,5_overlap_standard,overlap;boundary_best_z,1,0,4,2,6.969695648,0.2406776073,0.0985950767,-0.02003682446,0.02111286089,8.714804045,1,1,0.08888436229,0.09621051748,-0.01958684866,0.01958684866,0.05190628981,0.03728227246,-2.124069075,2.47404676,-0.5247635378,0.108951818,2,1,607,1,0,1,1,1,0,0,24,24,0,0,0,-0.2725,1.912197015,1,1
121,262908,87635,456,6,2,gep5_replayed_5711_stream0_2_seg2_2_firstevent0_nevent100000.root,gem_only,7_gem_only_no_candidate,gem_only,1,0,4,3,3.982023688,0.3128141395,-0.07152529774,-0.01754436168,-0.01536167115,4.796924299,1,1,-0.0508806645,-0.05887589188,0.00784400875,0.00784400875,-0.01365961123,-0.03109038639,5.505963383,4.171318527,-0.6838911172,-0.3277937288,2,0,575,0,0,0,0,0,0,0,0,0,-1,-999,-1,,,-1,0
122,263490,87829,650,6,2,gep5_replayed_5711_stream0_2_seg2_2_firstevent0_nevent100000.root,gem_only,7_gem_only_no_candidate,gem_only,1,0,4,2,9.406566235,0.3988574178,0.09410210619,0.01591741893,0.02451755219,6.056528287,1,1,-0.02859921754,-0.01251663718,-0.03911357226,0.03911357226,0.09051528092,0.09692629472,-3.571228571,2.383986054,-0.8990776038,0.002349621893,2,0,557,0,0,0,0,0,0,0,0,0,-1,-999,-1,,,-1,0
123,266493,88830,1651,6,2,gep5_replayed_5711_stream0_2_seg2_2_firstevent0_nevent100000.root,gem_only,7_gem_only_no_candidate,gem_only,1,0,4,2,5.152517002,0.373748287,0.08503747819,0.009524348647,0.01987817842,1.407074112,1,1,-0.01753749652,-0.007565267703,-0.001574092639,0.001574092639,-0.00716002615,0.0394987605,-3.425995378,2.553907608,-0.921541156,-0.06808905522,2,0,530,0,0,0,0,0,0,0,0,0,-1,-999,-1,,,-1,0
124,268860,89619,2440,6,2,gep5_replayed_5711_stream0_2_seg2_2_firstevent0_nevent100000.root,gem_only,7_gem_only_no_candidate,gem_only,1,0,4,3,8.586666768,0.2833969312,0.1257748455,-0.01536412972,0.04357968457,-4.35230677,1,1,-0.00549342403,-0.03097132411,-0.008019069269,0.008019069269,0.05184445031,-0.1146290405,17.78442246,2.398382849,-0.7450345974,0.2188130295,2,0,564,0,0,0,0,0,0,0,0,0,-1,-999,-1,,,-1,0
125,269727,89908,2729,6,2,gep5_replayed_5711_stream0_2_seg2_2_firstevent0_nevent100000.root,gem_only,7_gem_only_no_candidate,gem_only,1,0,4,3,2.764709506,0.3784423313,-0.0937112038,-0.002404887533,-0.03006762764,5.405353558,1,1,-0.1001688655,-0.07985408057,-0.03317028262,0.03317028262,0.06262533134,0.08500334657,19.58950097,2.789831828,-0.693043718,-0.4332069705,2,0,569,0,0,0,0,0,0,0,0,0,-1,-999,-1,,,-1,0
126,273303,91100,3921,6,2,gep5_replayed_5711_stream0_2_seg2_2_firstevent0_nevent100000.root,gem_only,7_gem_only_no_candidate,gem_only,1,0,4,2,4.507896429,0.2802847487,0.08629713064,-0.01959873044,0.03869950829,3.835689915,1,1,-0.08829869297,-0.05463224898,-0.004316036079,0.004316036079,-0.02624262231,0.1835986805,23.43554252,2.82450609,-0.7973210256,0.5001796453,2,0,584,0,0,0,0,0,0,0,0,0,-1,-999,-1,,,-1,0
127,275460,91819,4640,6,2,gep5_replayed_5711_stream0_2_seg2_2_firstevent0_nevent100000.root,gem_only,7_gem_only_no_candidate,gem_only,1,0,4,2,0.6885471404,0.3683066315,0.06103978034,-6.034757491e-06,0.03159537187,-4.480332546,1,1,-0.08519804468,-0.07999133954,-0.009561655428,0.009561655428,0.021328234,0.03198755226,-5.614216667,2.386175565,-0.9420002395,0.1373461921,2,0,595,0,0,0,0,0,0,0,0,0,-1,-999,-1,,,-1,0
128,276177,92058,4879,6,2,gep5_replayed_5711_stream0_2_seg2_2_firstevent0_nevent100000.root,gem_only,7_gem_only_no_candidate,gem_only,1,0,4,2,7.569458053,0.2960257704,-0.08096711483,-0.01086446666,-0.0334696213,8.677570603,1,1,0.09198312983,0.1107763242,0.009877559735,0.009877559735,-0.03452208506,0.04389959455,18.64103549,3.380715493,-0.5955481857,-0.4114994319,2,0,594,0,0,0,0,0,0,0,0,0,-1,-999,-1,,,-1,0
129,276558,92185,5006,6,2,gep5_replayed_5711_stream0_2_seg2_2_firstevent0_nevent100000.root,gem_only,7_gem_only_no_candidate,gem_only,1,0,5,4,11.08302579,-0.4581996928,0.1412299432,-0.2129925077,0.05017046103,3.176718362,1,1,0.02006709118,0.0401927479,0.007896711323,0.007896711323,0.01137370411,0.09455192349,1.464840898,5.151558591,1.326049271,0.1337611666,2,0,589,0,0,0,0,0,0,0,0,0,-1,-999,-1,,,-1,0
130,277248,92415,5236,6,2,gep5_replayed_5711_stream0_2_seg2_2_firstevent0_nevent100000.root,gem_only,7_gem_only_no_candidate,gem_only,1,0,4,3,5.438000174,0.3715932108,-0.06253464071,0.006727224098,-0.01320787358,5.395815533,1,1,0.1022341577,0.06903444594,0.03067703915,0.03067703915,-0.05072479313,-0.1135107328,-7.435784192,3.293108369,-0.8025168783,-0.4348350341,2,0,572,0,0,0,0,0,0,0,0,0,-1,-999,-1,,,-1,0
131,278223,92740,5561,6,2,gep5_replayed_5711_stream0_2_seg2_2_firstevent0_nevent100000.root,gem_only,7_gem_only_no_candidate,gem_only,1,0,4,2,5.974567074,0.1614554822,-0.06243023277,-0.05030404578,-0.01822016239,-1.341342006,1,1,0.01271333201,0.05157886858,-0.004443133925,0.004443133925,-0.002480105753,0.1304907574,-14.15830849,2.735525823,-0.3329792563,-0.07724457136,2,0,580,0,0,0,0,0,0,0,0,0,-1,-999,-1,,,-1,0
132,284457,94818,7639,6,2,gep5_replayed_5711_stream0_2_seg2_2_firstevent0_nevent100000.root,gem_only,7_gem_only_no_candidate,gem_only,1,0,5,3,12.84727908,0.2103732023,0.04299174218,-0.03895914801,0.02306726989,3.846959493,1,1,-0.03093520958,-0.05144116379,-0.01293782647,0.01293782647,0.05204779006,-0.08317062657,28.40018929,2.566916778,-0.4875427364,0.1153477017,2,0,583,0,0,0,0,0,0,0,0,0,-1,-999,-1,,,-1,0
133,290124,96707,9528,6,2,gep5_replayed_5711_stream0_2_seg2_2_firstevent0_nevent100000.root,overlap,5_overlap_standard,overlap;boundary_best_z,1,0,4,3,9.046264847,0.263367053,-0.1587334267,-0.02643876089,-0.05677616101,4.680750216,1,1,0.02515777323,0.06104283539,0.01562314204,0.01562314204,-0.05354858731,0.08260070567,5.460254942,2.417936694,-0.5269719376,-0.5190959418,2,1,546,9,0,9,9,9,0,0,216,216,3,0,23,0.0725,2.871533984,1,1
134,291564,97187,10008,6,2,gep5_replayed_5711_stream0_2_seg2_2_firstevent0_nevent100000.root,gem_only,7_gem_only_no_candidate,gem_only,1,0,5,2,15.99389728,0.3299247333,-0.1550484767,-0.01506573237,-0.01502346609,8.221777161,1,1,0.02868635407,0.003392464318,-0.01094258162,0.01094258162,0.04589614142,-0.07175362432,1.756437932,2.841172424,-0.6197537348,-0.2731536781,2,0,586,0,0,0,0,0,0,0,0,0,-1,-999,-1,,,-1,0
135,291960,97319,10140,6,2,gep5_replayed_5711_stream0_2_seg2_2_firstevent0_nevent100000.root,overlap,3_overlap_seam,overlap;seam;boundary_best_z,1,0,4,2,5.545304049,0.4051543422,0.136379909,0.02134891089,0.03031653046,-5.418229215,1,1,-0.001058898554,0.0114587979,-0.01881607245,0.01881607245,0.03676834122,0.06624886775,-79.92835503,1.706001469,-0.9953665365,-0.02242462151,2,1,566,3,0,3,3,0,3,0,72,72,2,1,23,0.0725,2.376403352,1,1
136,292281,97426,10247,6,2,gep5_replayed_5711_stream0_2_seg2_2_firstevent0_nevent100000.root,gem_only,7_gem_only_no_candidate,gem_only,1,0,4,3,7.625326922,0.1533861445,0.03930097192,-0.05105807499,0.01740167063,-2.681970517,1,1,0.006740365967,-0.001434987931,0.01446990305,0.01446990305,-0.03839643265,-0.03864247161,-5.377258178,0.8021986835,-0.4048091987,0.1241193406,2,0,548,0,0,0,0,0,0,0,0,0,-1,-999,-1,,,-1,0
137,292401,97466,10287,6,2,gep5_replayed_5711_stream0_2_seg2_2_firstevent0_nevent100000.root,overlap,5_overlap_standard,overlap;boundary_best_z,1,0,4,3,9.575239671,0.2330772767,0.009394206595,-0.02528190034,0.01359915022,4.037398164,1,1,0.07557762364,0.1060762357,-0.01163582232,0.01163582232,0.01603270243,0.1220995128,-2.405478628,2.875080067,-0.5075363554,0.2212850912,2,1,556,1,0,1,1,1,0,0,24,24,0,0,23,0.0725,8.268039018,1,1
138,295191,98396,11217,6,2,gep5_replayed_5711_stream0_2_seg2_2_firstevent0_nevent100000.root,overlap,5_overlap_standard,overlap;boundary_best_z,1,0,4,3,2.408405782,0.208248371,-0.1722791465,-0.03913991058,-0.04414033793,4.465083418,1,1,0.1019487796,0.1099508948,-0.009772261066,0.009772261066,0.02106404299,0.02378120379,7.271021402,4.878517341,-0.3551434393,-0.3946395774,2,1,615,12,0,12,12,12,0,0,288,288,8,0,0,-0.2725,0.5572184284,1,1
139,296076,98691,11512,6,2,gep5_replayed_5711_stream0_2_seg2_2_firstevent0_nevent100000.root,overlap,5_overlap_standard,overlap;boundary_best_z,1,0,4,2,8.098991597,0.2047097799,0.148142588,-0.03090079862,0.03285500867,-5.076037918,1,1,0.05048778865,0.04229931308,-2.021932469e-06,2.021895947e-06,0.00553557208,-0.03484679043,0.9161170822,3.478842216,-0.5242670292,0.1734751667,2,1,583,5,0,5,5,5,0,0,120,120,0,0,23,0.0725,0.06171166367,1,1
140,297147,99048,11869,6,2,gep5_replayed_5711_stream0_2_seg2_2_firstevent0_nevent100000.root,overlap,5_overlap_standard,overlap;boundary_best_z,1,0,4,3,7.187317402,0.5165313396,-0.1018543156,0.03976663226,-0.01489143039,-10.09258412,1,1,0.03462425788,0.05819948078,0.004607584201,0.004607584201,-0.03551973461,0.06105138528,0.1384188569,1.419502645,-1.011186119,-0.4168930675,2,1,548,7,0,7,7,7,0,0,168,168,2,0,0,-0.2725,0.009648530976,1,1
141,305124,101707,14528,6,2,gep5_replayed_5711_stream0_2_seg2_2_firstevent0_nevent100000.root,overlap,5_overlap_standard,overlap;boundary_best_z,1,0,4,2,6.735899015,0.3106535547,-0.1075842441,-0.01399499853,-0.03148651182,5.149641972,1,1,-0.00763514343,0.01935513606,-0.01300436263,0.01300436263,0.01486247744,0.08618679753,6.511273756,6.682255236,-0.591987567,-0.3439822643,2,1,595,19,0,19,19,19,0,0,456,456,7,0,23,0.0725,0.5583591994,1,1
142,306474,102157,14978,6,2,gep5_replayed_5711_stream0_2_seg2_2_firstevent0_nevent100000.root,gem_only,7_gem_only_no_candidate,gem_only,1,0,4,3,4.893990405,0.1997230655,0.1006485915,-0.03966207977,0.04882398804,9.81296048,1,1,-0.03409045341,-0.05027446619,-0.01995176574,0.01995176574,0.07840209605,-0.07905779891,11.72851613,1.219660042,-0.4933904308,0.4974373446,2,0,576,0,0,0,0,0,0,0,0,0,-1,-999,-1,,,-1,0
143,307614,102537,15358,6,2,gep5_replayed_5711_stream0_2_seg2_2_firstevent0_nevent100000.root,gem_only,7_gem_only_no_candidate,gem_only,1,0,4,3,9.069410636,0.30597392,0.0102765407,-0.01192433677,0.03151495427,-3.157272833,1,1,0.05334496424,0.03604060218,0.01977889257,0.01977889257,-0.04375726012,-0.08658357595,12.80720851,2.82866449,-0.8085125082,0.2188130295,2,0,591,0,0,0,0,0,0,0,0,0,-1,-999,-1,,,-1,0
144,309039,103012,15833,6,2,gep5_replayed_5711_stream0_2_seg2_2_firstevent0_nevent100000.root,gem_only,7_gem_only_no_candidate,gem_only,1,0,4,2,8.511841666,0.3745908367,0.08624466158,0.006046248509,0.02697600696,-1.112479834,1,1,-0.04551739432,-0.05310610222,-0.01216669437,0.01216669437,0.04383390026,-0.0209772282,-11.39384815,2.095876709,-0.9136720386,-0.03545628828,2,0,561,0,0,0,0,0,0,0,0,0,-1,-999,-1,,,-1,0
145,311103,103700,16521,6,2,gep5_replayed_5711_stream0_2_seg2_2_firstevent0_nevent100000.root,overlap,5_overlap_standard,overlap;boundary_best_z,1,0,4,3,6.490878321,0.1568600767,-0.09152839107,-0.05151498841,-0.02846829045,-0.5026473882,1,1,0.04907000873,0.07687199041,-0.03781195934,0.03781195934,0.08968898225,0.09212548488,1.98933871,4.302421405,-0.2159015179,-0.204284729,2,1,578,3,0,3,3,3,0,0,72,72,0,0,23,0.0725,0.1521938121,1,1
146,313122,104373,17194,6,2,gep5_replayed_5711_stream0_2_seg2_2_firstevent0_nevent100000.root,gem_only,6_gem_only_multi_track,gem_only;multi_track,2,0,4,2,6.669137902,0.4383564991,0.1746037556,0.03413169525,0.02953176946,10.64251585,2,1,0.001412911209,0.02842263017,-0.008492190782,0.008492190782,-0.01467733674,0.1092972899,-18.12438788,2.726016075,-1.116965104,-0.1188239149,2,0,589,0,0,0,0,0,0,0,0,0,-1,-999,-1,,,-1,0
147,314292,104763,17584,6,2,gep5_replayed_5711_stream0_2_seg2_2_firstevent0_nevent100000.root,gem_only,7_gem_only_no_candidate,gem_only,1,0,4,2,2.050226259,0.2515376628,-0.09316264212,-0.0324370598,-0.01098255414,-1.822590811,1,1,-0.02960845363,-0.02214560462,0.006749794895,0.006749794895,-0.02295765112,0.02264986292,16.25095462,2.470105535,-0.5653192863,-0.1284744581,2,0,592,0,0,0,0,0,0,0,0,0,-1,-999,-1,,,-1,0
148,314496,104831,17652,6,2,gep5_replayed_5711_stream0_2_seg2_2_firstevent0_nevent100000.root,gem_only,7_gem_only_no_candidate,gem_only,1,0,4,3,6.501540952,0.1410327495,0.03401957237,-0.05075832856,0.02466717634,6.43002666,1,1,0.09415879036,0.06167954095,-0.003713123723,0.003713123723,0.02298843944,-0.1287515846,20.3034414,2.770567028,-0.2954382213,0.1734751667,2,0,601,0,0,0,0,0,0,0,0,0,-1,-999,-1,,,-1,0
149,315762,105253,224,7,2,gep5_replayed_5711_stream0_2_seg2_2_firstevent0_nevent100000_1.root,gem_only,7_gem_only_no_candidate,gem_only,1,0,4,2,4.593789166,-0.2055620967,-0.07293458846,-0.1475916753,0.006842816821,-5.071880733,1,1,0.01167347183,0.005023156505,-0.01401459982,0.01401459982,0.03655400578,-0.03230417188,-5.849541807,1.090505622,0.5395690872,0.09142220892,2,0,581,0,0,0,0,0,0,0,0,0,-1,-999,-1,,,-1,0
150,318186,106061,1032,7,2,gep5_replayed_5711_stream0_2_seg2_2_firstevent0_nevent100000_1.root,gem_only,7_gem_only_no_candidate,gem_only,1,0,4,3,3.044024413,0.1166132815,-0.03674470891,-0.06332579049,0.0174254334,-2.027313907,1,1,0.01588501839,-0.006202517251,0.005927962488,0.005927962488,-0.01035196228,-0.09413563602,-3.143526079,2.541691192,-0.2783849691,0.1977052229,2,0,568,0,0,0,0,0,0,0,0,0,-1,-999,-1,,,-1,0
151,318447,106148,1119,7,2,gep5_replayed_5711_stream0_2_seg2_2_firstevent0_nevent100000_1.root,gem_only,7_gem_only_no_candidate,gem_only,1,0,4,2,9.83504088,0.4302345852,-0.009926079927,0.02398992424,0.002159355793,7.380606671,1,1,0.05031341839,0.06906097222,0.02349632702,0.02349632702,-0.08152680933,0.0386074864,23.80612523,1.589963007,-0.9991989087,-0.2327758701,2,0,625,0,0,0,0,0,0,0,0,0,-1,-999,-1,,,-1,0
152,318945,106314,1285,7,2,gep5_replayed_5711_stream0_2_seg2_2_firstevent0_nevent100000_1.root,gem_only,7_gem_only_no_candidate,gem_only,1,0,4,2,6.910186688,0.2336731663,0.07731777827,-0.02955737765,0.03944574505,12.71685598,1,1,-0.002686655454,-0.01469271357,0.01014119651,0.01014119651,-0.02141489876,-0.06360529601,-3.50574767,3.501871961,-0.651027942,0.3455553676,2,0,589,0,0,0,0,0,0,0,0,0,-1,-999,-1,,,-1,0
153,325503,108500,3471,7,2,gep5_replayed_5711_stream0_2_seg2_2_firstevent0_nevent100000_1.root,gem_only,7_gem_only_no_candidate,gem_only,1,0,4,2,7.919556105,0.4061624571,0.004681633722,0.01281780577,0.02396594164,5.640844069,1,1,0.04685777211,0.02601677919,-0.004633408175,0.004633408175,0.03660090728,-0.07342142567,-1.316126904,1.880261565,-0.9292128862,-0.02658546421,2,0,614,0,0,0,0,0,0,0,0,0,-1,-999,-1,,,-1,0
154,327441,109146,4117,7,2,gep5_replayed_5711_stream0_2_seg2_2_firstevent0_nevent100000_1.root,overlap,5_overlap_standard,overlap;boundary_best_z,1,0,4,2,8.770321603,0.3617767338,0.0789907491,0.009443285063,0.02773177057,-8.894046629,1,1,0.07581478123,0.07123992499,-0.007303152709,0.007303152709,0.02588499795,-0.01155498237,-1.278843303,3.041755914,-0.8668057164,0.04385302948,2,1,577,3,0,3,3,3,0,0,72,72,0,0,23,0.0725,1.733360187,1,1
155,328443,109480,4451,7,2,gep5_replayed_5711_stream0_2_seg2_2_firstevent0_nevent100000_1.root,gem_only,7_gem_only_no_candidate,gem_only,1,0,4,2,5.106165754,0.4024051105,0.02966326337,0.007307575084,0.02428338574,6.100866167,1,1,-0.07114324794,-0.07601475517,-0.004767307324,0.004767307324,0.01996216624,-0.01599737192,14.33274482,1.505495384,-0.976362127,-0.02630252321,2,0,634,0,0,0,0,0,0,0,0,0,-1,-999,-1,,,-1,0
156,329625,109874,4845,7,2,gep5_replayed_5711_stream0_2_seg2_2_firstevent0_nevent100000_1.root,overlap,5_overlap_standard,overlap;boundary_best_z,1,0,4,2,7.1828289,0.5637320097,0.09977842683,0.05764330723,0.044798375,-7.521757868,1,1,0.05174919667,0.05293787434,-0.01951251158,0.01951251158,0.05387117471,0.02868558865,1.839163388,1.758827501,-1.348663115,-0.05492352318,2,1,595,5,0,5,5,5,0,0,120,120,2,0,23,0.0725,2.783978348,1,1
157,331359,110452,5423,7,2,gep5_replayed_5711_stream0_2_seg2_2_firstevent0_nevent100000_1.root,gem_only,7_gem_only_no_candidate,gem_only,1,0,4,3,5.274139627,0.1234542703,0.05161014499,-0.06123467776,0.03868638097,10.36479763,1,1,-0.05082809176,-0.05545394975,-0.00568401216,0.00568401216,0.02061913152,-0.02312500314,4.06401565,1.54713285,-0.304142568,0.5009426281,2,0,564,0,0,0,0,0,0,0,0,0,-1,-999,-1,,,-1,0
158,337848,112615,7586,7,2,gep5_replayed_5711_stream0_2_seg2_2_firstevent0_nevent100000_1.root,gem_only,7_gem_only_no_candidate,gem_only,1,0,4,2,6.367862901,0.2880327706,0.01426924463,-0.01904358803,0.0217903747,5.750730886,1,1,-0.04423216578,-0.02899166586,-0.01157621803,0.01157621803,0.02030345453,0.07432092012,15.32792119,2.574592483,-0.6940913509,0.2188130295,2,0,594,0,0,0,0,0,0,0,0,0,-1,-999,-1,,,-1,0
159,338979,112992,7963,7,2,gep5_replayed_5711_stream0_2_seg2_2_firstevent0_nevent100000_1.root,gem_only,7_gem_only_no_candidate,gem_only,1,0,6,4,27.65542416,0.2436470866,0.1438512997,-0.02107983015,0.04448857621,1.072899326,1,1,0.04113687557,0.03728480033,0.001956790976,0.001956790976,-0.002675979219,-0.01938379126,-1.736333824,5.375529293,-0.6701706835,0.3587462552,2,0,599,0,0,0,0,0,0,0,0,0,-1,-999,-1,,,-1,0
160,339405,113134,8105,7,2,gep5_replayed_5711_stream0_2_seg2_2_firstevent0_nevent100000_1.root,gem_only,7_gem_only_no_candidate,gem_only,1,0,4,2,8.469769394,0.2645965615,0.1126405971,-0.02071059947,0.05652820549,-4.300649681,1,1,0.01980871834,-0.008124955979,0.02416865659,0.02416865659,-0.04836591366,-0.1649390379,-11.55285708,4.632100187,-0.8247962377,0.4772123374,2,0,607,0,0,0,0,0,0,0,0,0,-1,-999,-1,,,-1,0
161,349980,116659,11630,7,2,gep5_replayed_5711_stream0_2_seg2_2_firstevent0_nevent100000_1.root,overlap,5_overlap_standard,overlap;boundary_best_z,1,0,5,4,14.1262834,-0.04849969198,0.1698774067,-0.1009472131,0.04866671888,2.913052739,1,1,0.01361451865,0.01493345872,-0.01522854922,0.01522854922,0.05012193163,0.00351017508,2.198403828,0.9034088587,0.2912251077,0.5217858145,2,1,595,3,0,3,3,3,0,0,0,72,2,0,0,-0.2725,5.458130719,0,1
162,350244,116747,11718,7,2,gep5_replayed_5711_stream0_2_seg2_2_firstevent0_nevent100000_1.root,gem_only,7_gem_only_no_candidate,gem_only,1,0,4,3,9.189315416,0.2944499176,-0.03759626247,-0.01701566356,-0.006344752527,1.960183241,1,1,0.0314712952,-0.00531494626,0.01338539756,0.01338539756,-0.008357443694,-0.1246048851,20.54321852,5.384495275,-0.6522419137,-0.3189786943,2,0,572,0,0,0,0,0,0,0,0,0,-1,-999,-1,,,-1,0
163,351753,117250,12221,7,2,gep5_replayed_5711_stream0_2_seg2_2_firstevent0_nevent100000_1.root,gem_only,6_gem_only_multi_track,gem_only;multi_track,2,0,4,3,6.500866374,0.1654468273,0.1185247738,-0.04991719404,0.02902093557,7.978410938,2,1,-0.0780269826,-0.07984520559,-0.03534145157,0.03534145157,0.1068723886,0.003598658115,20.03382122,2.592900739,-0.3475201975,0.2180251667,2,0,562,0,0,0,0,0,0,0,0,0,-1,-999,-1,,,-1,0
164,357141,119046,14017,7,2,gep5_replayed_5711_stream0_2_seg2_2_firstevent0_nevent100000_1.root,overlap,3_overlap_seam,overlap;seam;boundary_best_z,1,0,4,3,8.979741582,0.1220097389,0.01559595096,-0.05694772675,-0.003967834846,10.45586276,1,1,0.06486958525,0.07790850136,0.01067017369,0.01067017369,-0.03297706123,0.04174163873,-1.022078935,5.191499766,-0.2829587072,-0.05287071536,2,1,573,3,0,3,3,1,2,0,48,72,0,1,23,0.0725,0.7544646673,1,1
165,364983,121660,16631,7,2,gep5_replayed_5711_stream0_2_seg2_2_firstevent0_nevent100000_1.root,gem_only,7_gem_only_no_candidate,gem_only,1,0,4,3,9.650389012,0.1585361384,0.1615651911,-0.04161195304,0.04618044904,-1.179509963,1,1,0.1023242596,0.07037567075,0.03125613351,0.03125613351,-0.07987399525,-0.157024171,25.66796825,4.184035834,-0.485288518,0.3038751667,2,0,559,0,0,0,0,0,0,0,0,0,-1,-999,-1,,,-1,0
166,365694,121897,16868,7,2,gep5_replayed_5711_stream0_2_seg2_2_firstevent0_nevent100000_1.root,overlap,5_overlap_standard,overlap;boundary_best_z,1,0,4,3,6.85388662,0.1207418924,-0.07262479029,-0.05955702949,-0.02675625279,-4.435665936,1,1,0.1015891047,0.1021747771,-0.0004174642984,0.0004174642979,0.0009300282768,0.001749022264,-0.1632552704,5.356542688,-0.2268614488,-0.277387406,2,1,602,7,0,7,7,7,0,0,168,168,3,0,23,0.0725,0.2414611441,1,1
167,367251,122416,17387,7,2,gep5_replayed_5711_stream0_2_seg2_2_firstevent0_nevent100000_1.root,gem_only,7_gem_only_no_candidate,gem_only,1,0,4,2,7.747040298,0.1442885683,-0.09479240783,-0.06066046426,-0.006330885731,-6.533867864,1,1,-0.02189093895,-0.0291464395,-0.001118715038,0.001118715038,0.005856521698,-0.02638890571,-42.75855682,1.421888667,-0.3171368151,-0.03905796477,2,0,577,0,0,0,0,0,0,0,0,0,-1,-999,-1,,,-1,0
168,367260,122419,17390,7,2,gep5_replayed_5711_stream0_2_seg2_2_firstevent0_nevent100000_1.root,gem_only,7_gem_only_no_candidate,gem_only,1,0,4,2,1.956191172,0.2692486759,0.02866965654,-0.01625962766,0.03449411947,-0.4322860059,1,1,0.1158131624,0.1090354287,0.02560298744,0.02560298744,-0.07483988274,-0.04419728082,-16.47913312,3.121060568,-0.7388433478,0.3395631787,2,0,572,0,0,0,0,0,0,0,0,0,-1,-999,-1,,,-1,0
169,375504,125167,2288,8,2,gep5_replayed_5711_stream0_2_seg2_2_firstevent0_nevent100000_2.root,gem_only,7_gem_only_no_candidate,gem_only,1,0,4,2,4.724167297,0.1891688462,0.1228702503,-0.03454955489,0.04583035848,16.69666887,1,1,0.07583328681,0.07314130259,-0.005203665417,0.005203665417,0.01863532125,-0.01084702052,-12.99419817,1.416632406,-0.4731278048,0.4913328959,2,0,572,0,0,0,0,0,0,0,0,0,-1,-999,-1,,,-1,0
170,376797,125598,2719,8,2,gep5_replayed_5711_stream0_2_seg2_2_firstevent0_nevent100000_2.root,gem_only,7_gem_only_no_candidate,gem_only,1,0,4,2,7.499368265,0.2310473567,0.09157304681,-0.02377824915,0.009270615335,5.771330974,1,1,0.05648592943,0.07696409248,0.03190037719,0.03190037719,-0.1022271528,0.05674268286,-15.05389763,3.28822397,-0.6383360511,-0.02795562657,2,0,600,0,0,0,0,0,0,0,0,0,-1,-999,-1,,,-1,0
171,377568,125855,2976,8,2,gep5_replayed_5711_stream0_2_seg2_2_firstevent0_nevent100000_2.root,overlap,5_overlap_standard,overlap;boundary_best_z,1,0,4,3,6.77461621,0.2562148633,-0.009852590363,-0.02850156866,0.01435899152,-6.061845665,1,1,-0.0288435481,-0.03540595523,-0.03083211962,0.03083211962,0.09398953484,-0.01112483662,2.667331602,2.150409882,-0.5247635378,0.08535921975,2,1,594,6,0,6,6,6,0,0,144,144,3,0,0,-0.2725,4.365256343,1,1
172,382851,127616,4737,8,2,gep5_replayed_5711_stream0_2_seg2_2_firstevent0_nevent100000_2.root,gem_only,7_gem_only_no_candidate,gem_only,1,0,4,2,6.174094405,0.1431254573,0.03897006984,-0.05679159593,0.03999130293,-2.889770979,1,1,-0.02992426469,-0.05671338562,0.004039714854,0.004039714854,0.001516313566,-0.1392979096,8.985752676,2.906336274,-0.3816998575,0.418826505,2,0,566,0,0,0,0,0,0,0,0,0,-1,-999,-1,,,-1,0
173,383880,127959,5080,8,2,gep5_replayed_5711_stream0_2_seg2_2_firstevent0_nevent100000_2.root,gem_only,7_gem_only_no_candidate,gem_only,1,0,4,2,8.228823044,0.441612788,0.07070994549,0.02296924802,0.008612263454,-10.3400289,1,1,-0.09950820072,-0.07970211098,-0.01920101188,0.01920101188,0.02369764517,0.08971356562,23.07215738,2.347471049,-0.9995234034,-0.2727530712,2,0,569,0,0,0,0,0,0,0,0,0,-1,-999,-1,,,-1,0
174,385134,128377,5498,8,2,gep5_replayed_5711_stream0_2_seg2_2_firstevent0_nevent100000_2.root,overlap,5_overlap_standard,overlap;boundary_best_z,1,0,4,4,0.7446441312,0.2662754772,-0.1888795945,-0.03168159611,-0.03649346579,-5.901065839,1,1,-0.01570780579,0.003630590094,-0.00662050037,0.00662050037,0.006151484279,0.06046024112,-0.3074945931,4.667840182,-0.5042986966,-0.3098124117,2,1,592,9,0,9,9,9,0,0,216,216,3,0,0,-0.2725,0.01151864152,1,1
175,387873,129290,6411,8,2,gep5_replayed_5711_stream0_2_seg2_2_firstevent0_nevent100000_2.root,gem_only,7_gem_only_no_candidate,gem_only,1,0,4,3,8.442895126,0.3696575333,0.01873476066,0.01110112242,0.004023592741,5.963448397,1,1,0.08835321308,0.08788188843,-0.01004499193,0.01004499194,0.02709649005,0.005768561294,14.98404064,0.9191562633,-0.7837423389,-0.1980871576,2,0,589,0,0,0,0,0,0,0,0,0,-1,-999,-1,,,-1,0
176,388356,129451,6572,8,2,gep5_replayed_5711_stream0_2_seg2_2_firstevent0_nevent100000_2.root,gem_only,7_gem_only_no_candidate,gem_only,1,0,4,2,1.591380384,0.4589162955,-0.02477032847,0.02781675273,-0.01340378474,-2.519594421,1,1,-0.04731304425,-0.008751795071,0.0005202168503,0.0005202168506,-0.04309359049,0.1177968661,-20.80730201,3.081224212,-0.9725344712,-0.3820740326,2,0,606,0,0,0,0,0,0,0,0,0,-1,-999,-1,,,-1,0
177,393714,131237,545,9,3,gep5_replayed_5711_stream0_2_seg3_3_firstevent0_nevent100000.root,overlap,5_overlap_standard,overlap;boundary_best_z,1,0,4,3,7.777330274,-0.09808941242,-0.02329952605,-0.125541644,-0.02377517071,10.56762994,1,1,0.02041348834,0.04189923357,0.01361733012,0.01361733012,-0.03015091673,0.06964877289,0.2377269706,0.935609976,0.1870793921,-0.2241564373,2,1,525,2,0,2,2,2,0,0,48,48,0,0,0,-0.2725,4.38714693,1,1
178,394551,131516,824,9,3,gep5_replayed_5711_stream0_2_seg3_3_firstevent0_nevent100000.root,gem_only,7_gem_only_no_candidate,gem_only,1,0,4,2,9.277194966,0.4168066135,0.1069841732,0.01835793463,0.01851647046,4.550093161,1,1,-0.09583128529,-0.07349092963,-0.02625621761,0.02625621761,0.04058689085,0.1120394886,-16.01180968,4.008279836,-0.98359705,-0.1352989746,2,0,533,0,0,0,0,0,0,0,0,0,-1,-999,-1,,,-1,0
179,394884,131627,935,9,3,gep5_replayed_5711_stream0_2_seg3_3_firstevent0_nevent100000.root,gem_only,7_gem_only_no_candidate,gem_only,1,0,4,3,9.86310752,0.3947505993,0.01350808732,0.01012033749,-0.01412416324,12.03883062,1,1,-0.09885659528,-0.05858388424,-0.04214393312,0.04214393312,0.06469661651,0.1652647443,-6.289825957,2.708015019,-0.7798209018,-0.3185560506,2,0,592,0,0,0,0,0,0,0,0,0,-1,-999,-1,,,-1,0
180,396642,132213,1521,9,3,gep5_replayed_5711_stream0_2_seg3_3_firstevent0_nevent100000.root,overlap,3_overlap_seam,overlap;seam;boundary_best_z,1,0,4,3,8.770348638,0.1605699397,0.09467260703,-0.05057740748,0.01058278676,-0.7918427448,1,1,-0.06182793354,-0.04658383389,-0.009613327985,0.009613327985,0.01898867186,0.06689636468,16.62900088,1.762431099,-0.3862770279,0.04192482793,2,1,602,6,0,6,6,4,2,0,48,144,0,1,23,0.0725,2.495938193,1,1
181,398655,132884,2192,9,3,gep5_replayed_5711_stream0_2_seg3_3_firstevent0_nevent100000.root,gem_only,7_gem_only_no_candidate,gem_only,1,0,4,2,8.316436137,0.182739159,0.1662605307,-0.04013701018,0.04015189604,0.626537215,1,1,-0.004381501646,-0.02737007358,-0.0006263582271,0.000626358227,0.01785599559,-0.1080974336,-4.231106973,2.013045554,-0.4903454024,0.2072401735,2,0,618,0,0,0,0,0,0,0,0,0,-1,-999,-1,,,-1,0
182,401040,133679,2987,9,3,gep5_replayed_5711_stream0_2_seg3_3_firstevent0_nevent100000.root,gem_only,6_gem_only_multi_track,gem_only;multi_track,2,0,4,2,2.347103254,0.1457584959,-0.14299083,-0.05888768559,-0.03462472629,-2.869440611,2,1,0.003002898015,0.03722825974,-0.00214166114,0.00214166114,-0.005077410017,0.1051900257,31.92355195,2.166290157,-0.2921337637,-0.2094205357,2,0,561,0,0,0,0,0,0,0,0,0,-1,-999,-1,,,-1,0
183,407130,135709,5017,9,3,gep5_replayed_5711_stream0_2_seg3_3_firstevent0_nevent100000.root,gem_only,6_gem_only_multi_track,gem_only;multi_track,2,0,6,5,27.36326355,0.37708809,-0.06325532693,0.004499636306,-0.03336206728,5.765837471,2,1,-0.0541254702,-0.01714972797,-0.02430679215,0.02430679215,0.02819895331,0.1229759872,-18.71759592,2.644939912,-0.7087337589,-0.4501121033,2,0,535,0,0,0,0,0,0,0,0,0,-1,-999,-1,,,-1,0
184,407250,135749,5057,9,3,gep5_replayed_5711_stream0_2_seg3_3_firstevent0_nevent100000.root,overlap,3_overlap_seam,overlap;seam;boundary_best_z,1,0,4,2,5.373309562,0.2867793041,0.1060887837,-0.01476554095,0.01955687256,1.762741307,1,1,-0.0359817122,-0.04247799819,-0.03282558804,0.03282558804,0.0974403266,-0.006131756784,0.9982964158,4.172610102,-0.6358938081,-0.03945078342,2,1,597,10,0,10,10,5,5,0,216,240,2,0,0,-0.2725,0.09320352721,1,1
185,407898,135965,5273,9,3,gep5_replayed_5711_stream0_2_seg3_3_firstevent0_nevent100000.root,gem_only,7_gem_only_no_candidate,gem_only,1,0,4,2,2.260578281,0.3746473752,0.1339261385,0.007162046114,0.03060268901,19.71553248,1,1,-0.08224278232,-0.08060502339,-0.01968339219,0.01968339219,0.05340767293,0.02407560675,-20.93074048,2.822802029,-0.9420630482,-0.02558528511,2,0,595,0,0,0,0,0,0,0,0,0,-1,-999,-1,,,-1,0
186,408351,136116,5424,9,3,gep5_replayed_5711_stream0_2_seg3_3_firstevent0_nevent100000.root,gem_only,7_gem_only_no_candidate,gem_only,1,0,4,3,5.34758339,0.1448472905,-0.1155234768,-0.05690259867,-0.029611386,-5.352805413,1,1,0.05720343372,0.0545087631,-0.01845451357,0.01845451357,0.04763365102,-0.003464753805,0.1961,2.500823726,-0.2371206312,-0.2848829795,2,0,552,0,0,0,0,0,0,0,0,0,-1,-999,-1,,,-1,0
187,408651,136216,5524,9,3,gep5_replayed_5711_stream0_2_seg3_3_firstevent0_nevent100000.root,overlap,3_overlap_seam,overlap;seam;boundary_best_z,1,0,4,2,7.908649956,0.3524227357,0.09405921045,0.004509547688,0.02166501025,1.698780087,1,1,0.005301639635,-0.00360053215,-0.003448590524,0.003448590524,0.01911888798,-0.0309910565,0.4468280702,2.5786749,-0.8561512722,-0.09498540358,2,1,624,4,0,4,4,3,1,0,96,96,0,0,23,0.0725,1.575403694,1,1
188,409473,136490,5798,9,3,gep5_replayed_5711_stream0_2_seg3_3_firstevent0_nevent100000.root,gem_only,7_gem_only_no_candidate,gem_only,1,0,4,2,1.765926575,0.356432921,-0.06103463869,-0.002075118003,-0.006092740007,-6.903740408,1,1,0.0009095029963,0.001794817725,-0.006500915967,0.006500915967,0.01635149417,0.007352029512,-33.27246786,2.042317034,-0.7422240954,-0.2202567963,2,0,584,0,0,0,0,0,0,0,0,0,-1,-999,-1,,,-1,0
189,409800,136599,5907,9,3,gep5_replayed_5711_stream0_2_seg3_3_firstevent0_nevent100000.root,overlap,5_overlap_standard,overlap;boundary_best_z,1,0,4,3,5.932416173,0.2098211327,-0.1378830048,-0.03896603355,-0.03162252719,-1.006536519,1,1,0.05829077027,0.07739323853,0.009904176677,0.009904176677,-0.03328790189,0.0511956366,4.733606015,4.18362247,-0.4347156479,-0.2636547238,2,1,583,17,0,17,17,17,0,0,408,408,4,0,0,-0.2725,1.051886315,1,1
190,411729,137242,6550,9,3,gep5_replayed_5711_stream0_2_seg3_3_firstevent0_nevent100000.root,gem_only,7_gem_only_no_candidate,gem_only,1,0,4,2,5.206185881,0.3758842112,-0.1052199544,0.002836837596,-0.04600608282,6.932950657,1,1,-0.04550322789,-0.007379409146,-0.03326655959,0.03326655959,0.04923747885,0.123019201,11.14882297,3.431837412,-0.6480663352,-0.5314860852,2,0,583,0,0,0,0,0,0,0,0,0,-1,-999,-1,,,-1,0
191,414132,138043,7351,9,3,gep5_replayed_5711_stream0_2_seg3_3_firstevent0_nevent100000.root,gem_only,7_gem_only_no_candidate,gem_only,1,0,4,2,3.961571995,0.3759625073,0.130125286,0.0150317156,0.03632453737,-5.813188915,1,1,0.08630681115,0.06033669519,-0.02732628091,0.02732628091,0.1077102916,-0.07662730359,15.48438424,6.531715272,-0.8692786561,0.0002347041299,2,0,585,0,0,0,0,0,0,0,0,0,-1,-999,-1,,,-1,0
192,416652,138883,8191,9,3,gep5_replayed_5711_stream0_2_seg3_3_firstevent0_nevent100000.root,gem_only,7_gem_only_no_candidate,gem_only,1,0,4,3,4.130870923,0.594598003,-0.07675135975,0.05717222175,-0.009149892757,2.738662812,1,1,0.01194277402,0.008442388717,-0.01503976176,0.01503976176,0.03967132431,0.006107000673,4.072037682,4.099508472,-1.080763381,-0.5671117467,2,0,557,0,0,0,0,0,0,0,0,0,-1,-999,-1,,,-1,0
193,418344,139447,8755,9,3,gep5_replayed_5711_stream0_2_seg3_3_firstevent0_nevent100000.root,gem_only,7_gem_only_no_candidate,gem_only,1,0,5,3,17.11952574,0.2550836664,0.1586929794,-0.02135553367,0.03580348231,-5.504825347,1,1,-0.04710884084,-0.04030384804,-0.02055301685,0.02055301685,0.0550482756,0.04444756689,-25.15914978,2.51201258,-0.6533423389,0.2188130295,2,0,556,0,0,0,0,0,0,0,0,0,-1,-999,-1,,,-1,0
194,419667,139888,9196,9,3,gep5_replayed_5711_stream0_2_seg3_3_firstevent0_nevent100000.root,gem_only,7_gem_only_no_candidate,gem_only,1,0,5,3,14.85320567,0.09863607216,-0.1075900883,-0.07472653666,-0.02496283895,0.5516243031,1,1,-0.05972354059,-0.03494718587,0.005789908732,0.005789908732,-0.02194688786,0.08449601857,9.146939247,2.895338732,-0.241886076,-0.1382459095,2,0,628,0,0,0,0,0,0,0,0,0,-1,-999,-1,,,-1,0
195,422622,140873,10181,9,3,gep5_replayed_5711_stream0_2_seg3_3_firstevent0_nevent100000.root,overlap,5_overlap_standard,overlap;boundary_best_z,1,0,4,2,5.971855855,0.2219915209,-0.00405302654,-0.03053461491,0.0245145415,5.708750408,1,1,0.06964776952,0.08108220337,0.01267794924,0.01267794924,-0.04687126767,0.04203240206,10.75552339,4.280907284,-0.5676935378,0.3458784243,2,1,561,5,0,5,5,5,0,0,120,120,1,0,23,0.0725,0.367259566,1,1
196,422820,140939,10247,9,3,gep5_replayed_5711_stream0_2_seg3_3_firstevent0_nevent100000.root,gem_only,7_gem_only_no_candidate,gem_only,1,0,5,2,19.6091079,0.1768217761,-0.02708297987,-0.04190240492,-0.02158816432,-0.1338697951,1,1,0.07734314687,0.1104515424,0.01221036931,0.01221036931,-0.04426596838,0.09474917512,13.9858158,3.549186922,-0.3943635378,-0.1974009785,2,0,560,0,0,0,0,0,0,0,0,0,-1,-999,-1,,,-1,0
197,425670,141889,11197,9,3,gep5_replayed_5711_stream0_2_seg3_3_firstevent0_nevent100000.root,gem_only,7_gem_only_no_candidate,gem_only,1,0,4,2,9.369626569,0.4100901381,0.1240970728,0.02016368996,0.05175227807,3.172706701,1,1,0.05267710953,0.04853725397,-0.01624124583,0.01624124583,0.05706996196,-0.002987081183,-13.80971015,1.11012403,-1.079575702,0.2933564768,2,0,574,0,0,0,0,0,0,0,0,0,-1,-999,-1,,,-1,0
198,432963,144320,13628,9,3,gep5_replayed_5711_stream0_2_seg3_3_firstevent0_nevent100000.root,gem_only,7_gem_only_no_candidate,gem_only,1,0,4,2,8.608419597,0.2338991628,-0.01840381366,-0.03179066163,0.01512033802,-0.4958117085,1,1,0.02034821419,0.01042118738,0.002829734883,0.002829734883,-0.001612676065,-0.04076393009,-17.96315338,3.279452426,-0.5528359369,0.1089512525,2,0,555,0,0,0,0,0,0,0,0,0,-1,-999,-1,,,-1,0
199,433767,144588,13896,9,3,gep5_replayed_5711_stream0_2_seg3_3_firstevent0_nevent100000.root,gem_only,7_gem_only_no_candidate,gem_only,1,0,4,2,9.829151775,0.1561029466,0.1063416075,-0.05061568327,0.05439511051,-2.626527441,1,1,-0.01913122073,-0.05097395298,0.003424165619,0.003424165619,0.009660525156,-0.180961804,15.50446741,1.794096272,-0.4382442047,0.5387881798,2,0,577,0,0,0,0,0,0,0,0,0,-1,-999,-1,,,-1,0
200,435681,145226,14534,9,3,gep5_replayed_5711_stream0_2_seg3_3_firstevent0_nevent100000.root,overlap,3_overlap_seam,overlap;seam;boundary_best_z,1,0,4,2,9.025382546,0.3978816726,-0.03337606839,0.0099090526,0.0100443377,-1.091103276,1,1,0.008115214038,0.0263528585,0.002043973587,0.002043973587,-0.0250462706,0.06437396026,-3.302407471,2.545009094,-0.9118147585,-0.02714835642,2,1,599,1,0,1,1,0,1,0,24,24,0,1,0,-0.2725,3.585956416,1,1
201,439014,146337,15645,9,3,gep5_replayed_5711_stream0_2_seg3_3_firstevent0_nevent100000.root,gem_only,7_gem_only_no_candidate,gem_only,1,0,4,2,5.200046247,0.3827934584,0.0614618571,0.01577434124,0.02487280556,17.93023553,1,1,0.0954689682,0.1057162426,0.01027872024,0.01027872024,-0.04066780775,0.02877518723,-28.7060243,5.116445757,-0.9564570712,0.04471579491,2,0,574,0,0,0,0,0,0,0,0,0,-1,-999,-1,,,-1,0
202,441231,147076,16384,9,3,gep5_replayed_5711_stream0_2_seg3_3_firstevent0_nevent100000.root,gem_only,7_gem_only_no_candidate,gem_only,1,0,4,2,6.654499944,0.2657233049,-0.02591678451,-0.0191550001,-0.01496377551,7.325479567,1,1,0.07047964271,0.07088354472,0.01502060347,0.01502060347,-0.03870651873,-0.006598209189,22.98623787,2.452244496,-0.5904009504,-0.2871559026,2,0,615,0,0,0,0,0,0,0,0,0,-1,-999,-1,,,-1,0
203,442047,147348,16656,9,3,gep5_replayed_5711_stream0_2_seg3_3_firstevent0_nevent100000.root,gem_only,7_gem_only_no_candidate,gem_only,1,0,4,2,8.274126826,0.2529301391,0.04933014122,-0.02773577652,0.02239556723,-3.387252362,1,1,-0.05890702837,-0.05491183912,8.790822042e-05,8.79082206e-05,-0.003786501636,0.01771923553,-14.27141628,3.696443142,-0.6518959747,0.1528894891,2,0,565,0,0,0,0,0,0,0,0,0,-1,-999,-1,,,-1,0
204,446811,148936,445,10,3,gep5_replayed_5711_stream0_2_seg3_3_firstevent0_nevent100000_1.root,gem_only,7_gem_only_no_candidate,gem_only,1,0,4,2,9.601742475,0.2323413182,0.07702133892,-0.03303206124,0.02460371017,-3.568823526,1,1,-0.04523340056,-0.07263525951,0.02163448141,0.02163448141,-0.03921539221,-0.1303544109,-15.8198044,2.159429295,-0.6533423389,0.0163306097,2,0,679,0,0,0,0,0,0,0,0,0,-1,-999,-1,,,-1,0
205,448557,149518,1027,10,3,gep5_replayed_5711_stream0_2_seg3_3_firstevent0_nevent100000_1.root,gem_only,7_gem_only_no_candidate,gem_only,1,0,4,2,8.622298289,0.1398287096,-0.1207177263,-0.05616985352,-0.03234271168,13.23367826,1,1,0.1000690026,0.09638090646,0.02920193558,0.02920193558,-0.07245689605,-0.01814770119,-5.331046154,3.3350517,-0.3349605399,-0.3209973216,2,0,533,0,0,0,0,0,0,0,0,0,-1,-999,-1,,,-1,0
206,451602,150533,2042,10,3,gep5_replayed_5711_stream0_2_seg3_3_firstevent0_nevent100000_1.root,overlap,5_overlap_standard,overlap;boundary_best_z,1,0,4,3,5.028137928,0.2760443988,0.009273887772,-0.01451789889,-0.005492124788,-0.7217048419,1,1,0.0850324531,0.07776376277,0.01743000793,0.01743000793,-0.0407972107,-0.03211667016,19.6128916,4.19736735,-0.6353429219,-0.2455061578,2,1,513,1,0,1,1,1,0,0,24,24,0,0,23,0.0725,14.76737885,1,1
207,452079,150692,2201,10,3,gep5_replayed_5711_stream0_2_seg3_3_firstevent0_nevent100000_1.root,overlap,5_overlap_standard,overlap;boundary_best_z,1,0,4,2,9.863367634,0.4617637639,0.05467101328,0.02778929243,0.01138309971,11.9570836,1,1,-0.03224079645,-0.06236839821,-0.004495276651,0.004495276651,0.04881877322,-0.09526284734,12.00417138,1.871687472,-1.011494079,-0.4235305367,2,1,526,1,0,1,1,1,0,0,24,24,0,0,23,0.0725,5.39894602,1,1
208,452370,150789,2298,10,3,gep5_replayed_5711_stream0_2_seg3_3_firstevent0_nevent100000_1.root,gem_only,7_gem_only_no_candidate,gem_only,1,0,6,4,8.479970618,-0.5186900418,-0.1547319108,-0.2478903234,-0.03424212996,2.751479211,1,1,-0.006798272689,0.007728673493,0.002881719334,0.002881719334,0.006362267241,0.04092495198,-1.120893685,6.086901889,0.8796975933,-0.5360925773,2,0,590,0,0,0,0,0,0,0,0,0,-1,-999,-1,,,-1,0
209,453342,151113,2622,10,3,gep5_replayed_5711_stream0_2_seg3_3_firstevent0_nevent100000_1.root,gem_only,6_gem_only_multi_track,gem_only;multi_track,2,0,4,2,5.053816533,0.2076691366,0.03160199251,-0.0396466862,0.01126680715,-1.015103475,2,1,-0.04578980436,-0.04516939876,0.01618187872,0.01618187872,-0.04637180447,-0.00513279524,-59.5173439,0.9954629329,-0.5557609786,0.03003737696,2,0,580,0,0,0,0,0,0,0,0,0,-1,-999,-1,,,-1,0
210,454887,151628,3137,10,3,gep5_replayed_5711_stream0_2_seg3_3_firstevent0_nevent100000_1.root,gem_only,7_gem_only_no_candidate,gem_only,1,0,4,2,9.73467745,0.4101166961,0.1196805546,0.01220307933,0.05956968888,9.567026564,1,1,-0.03059221147,-0.05320334719,-0.02897228212,0.02897228212,0.1314984562,-0.08781848396,-15.65134881,3.00539089,-1.080321289,0.3407003557,2,0,566,0,0,0,0,0,0,0,0,0,-1,-999,-1,,,-1,0
211,456522,152173,3682,10,3,gep5_replayed_5711_stream0_2_seg3_3_firstevent0_nevent100000_1.root,gem_only,7_gem_only_no_candidate,gem_only,1,0,4,2,5.708117267,0.3958696014,0.1321346765,0.0172329087,0.05979517985,9.204599617,1,1,0.1142871081,0.0777902855,0.007639297085,0.007639297085,0.02849791415,-0.1729805779,4.482268233,1.220340922,-1.112776911,0.2959687222,2,0,566,0,0,0,0,0,0,0,0,0,-1,-999,-1,,,-1,0
212,461652,153883,5392,10,3,gep5_replayed_5711_stream0_2_seg3_3_firstevent0_nevent100000_1.root,gem_only,7_gem_only_no_candidate,gem_only,1,0,5,2,12.3326534,-0.1922436696,-0.01716681583,-0.1581642355,-0.02190648629,-0.4563885784,1,1,-0.04245757989,-0.03453166517,-0.007774232184,0.007774232184,0.02335060343,0.02306578398,-2.578911753,1.66847205,0.4143558533,-0.2950975326,2,0,577,0,0,0,0,0,0,0,0,0,-1,-999,-1,,,-1,0
213,463539,154512,6021,10,3,gep5_replayed_5711_stream0_2_seg3_3_firstevent0_nevent100000_1.root,gem_only,7_gem_only_no_candidate,gem_only,1,0,4,2,9.096418848,0.270830727,0.1534443338,-0.01654520659,0.03257049774,-1.658380773,1,1,-0.06703916299,-0.02988255146,-0.02725421145,0.02725421145,0.04367748834,0.196751973,-11.2076446,3.435308906,-0.692680319,0.3089405017,2,0,646,0,0,0,0,0,0,0,0,0,-1,-999,-1,,,-1,0
214,468003,156000,7509,10,3,gep5_replayed_5711_stream0_2_seg3_3_firstevent0_nevent100000_1.root,gem_only,7_gem_only_no_candidate,gem_only,1,0,4,2,8.611353618,0.138494811,0.1352160214,-0.05376558113,0.0480760902,4.391264955,1,1,-0.03453118569,-0.04290304365,-0.02101309763,0.02101309763,0.07309446372,-0.03980212033,9.092856803,0.9889263825,-0.3103168217,0.510835728,2,0,572,0,0,0,0,0,0,0,0,0,-1,-999,-1,,,-1,0
215,470652,156883,8392,10,3,gep5_replayed_5711_stream0_2_seg3_3_firstevent0_nevent100000_1.root,gem_only,7_gem_only_no_candidate,gem_only,1,0,4,3,9.355612815,0.09853588607,0.1040749478,-0.05985221373,0.03163967421,1.737526053,1,1,0.05012257368,0.06833210297,0.01108088338,0.01108088338,-0.03998296458,0.08081807015,0.5251488152,1.979882416,-0.2471294463,0.4102989444,2,0,554,0,0,0,0,0,0,0,0,0,-1,-999,-1,,,-1,0
216,471063,157020,8529,10,3,gep5_replayed_5711_stream0_2_seg3_3_firstevent0_nevent100000_1.root,overlap,5_overlap_standard,overlap;boundary_best_z,1,0,4,3,5.307839677,0.2205229036,0.1101405714,-0.03042370749,0.02813605053,1.535089365,1,1,-0.009177718893,-0.002770408265,-0.0003511319987,0.000351131999,-0.003853507448,0.02852682781,8.536201887,3.576616687,-0.575450787,0.2019073474,2,1,610,7,0,7,7,7,0,0,168,168,3,0,23,0.0725,0.06087451874,1,1
217,473571,157856,9365,10,3,gep5_replayed_5711_stream0_2_seg3_3_firstevent0_nevent100000_1.root,overlap,2_overlap_single,overlap;single;boundary_best_z,1,0,4,2,3.712777815,0.3689031062,-0.1281813464,0.0009698985936,-0.0186654149,-3.222837998,1,1,0.02599091669,0.05896032943,0.01442068553,0.01442068553,-0.06375866967,0.09051455484,6.564912917,1.132351155,-0.7837423389,-0.2169569705,2,2,561,0,3,3,0,0,0,3,72,72,1,-1,23,0.0725,0.07753163605,1,1
218,474705,158234,9743,10,3,gep5_replayed_5711_stream0_2_seg3_3_firstevent0_nevent100000_1.root,gem_only,7_gem_only_no_candidate,gem_only,1,0,4,2,8.408948039,0.3846275248,0.1624883331,0.01701440792,0.05395420343,-2.936203808,1,1,0.09778363031,0.06061420618,0.008449953079,0.008449953079,0.02531472186,-0.1670879284,10.96267427,1.192805814,-1.067269353,0.1377295227,2,0,561,0,0,0,0,0,0,0,0,0,-1,-999,-1,,,-1,0
219,474963,158320,9829,10,3,gep5_replayed_5711_stream0_2_seg3_3_firstevent0_nevent100000_1.root,gem_only,7_gem_only_no_candidate,gem_only,1,0,4,3,7.36486111,0.333603828,-0.01545988281,-0.0113996751,0.006258522831,-7.893247252,1,1,-0.09865959854,-0.07738845509,0.002771175428,0.002771175428,-0.02998738865,0.08372988467,-19.58979394,2.754296302,-0.8115194693,-0.02732217855,2,0,577,0,0,0,0,0,0,0,0,0,-1,-999,-1,,,-1,0
220,476292,158763,10272,10,3,gep5_replayed_5711_stream0_2_seg3_3_firstevent0_nevent100000_1.root,overlap,3_overlap_seam,overlap;seam;boundary_best_z,1,0,4,2,7.9172844,0.3314785012,0.06829152827,-0.001447355492,0.009146869482,2.735580351,1,1,-0.03155113268,-0.0002234401974,0.0120769591,0.0120769591,-0.06485911468,0.10888511,0.1627833107,1.034098069,-0.8476584858,-0.06442385033,2,1,612,8,0,8,8,7,1,0,192,192,6,0,23,0.0725,0.9918559425,1,1
221,476838,158945,10454,10,3,gep5_replayed_5711_stream0_2_seg3_3_firstevent0_nevent100000_1.root,gem_only,7_gem_only_no_candidate,gem_only,1,0,4,3,7.548014943,0.380085014,0.1721939215,0.01286532979,0.04668634766,-4.195988521,1,1,-0.05654136383,-0.02577362556,-0.02600566431,0.02600566431,0.03201804014,0.1765854916,-0.8391199324,1.282063258,-1.040932081,0.3189303277,2,0,635,0,0,0,0,0,0,0,0,0,-1,-999,-1,,,-1,0
222,480000,159999,11508,10,3,gep5_replayed_5711_stream0_2_seg3_3_firstevent0_nevent100000_1.root,gem_only,7_gem_only_no_candidate,gem_only,1,0,4,2,5.721621581,0.2735063213,0.08668002225,-0.0187605656,0.03607669761,1.347340029,1,1,-0.03102939673,-0.01727908985,-0.02053540098,0.02053540098,0.05037642916,0.07913676862,-0.2709922052,1.877061026,-0.6812452015,0.36471101,2,0,631,0,0,0,0,0,0,0,0,0,-1,-999,-1,,,-1,0
223,487083,162360,13869,10,3,gep5_replayed_5711_stream0_2_seg3_3_firstevent0_nevent100000_1.root,gem_only,7_gem_only_no_candidate,gem_only,1,0,4,4,4.25494991,0.5281600728,-0.04633700737,0.0430049214,0.01896254291,-0.1168689521,1,1,0.143737369,0.111826017,0.01145269381,0.01145269381,0.006138364388,-0.1092541704,20.38067036,4.021377764,-1.130555204,-0.2283957569,2,0,601,0,0,0,0,0,0,0,0,0,-1,-999,-1,,,-1,0
224,487605,162534,14043,10,3,gep5_replayed_5711_stream0_2_seg3_3_firstevent0_nevent100000_1.root,gem_only,7_gem_only_no_candidate,gem_only,1,0,4,2,8.157710152,0.616391885,-0.0135578206,0.05820614959,0.01948341873,-0.2938701018,1,1,-0.02981292382,-0.03990998577,-0.02312704564,0.02312704564,0.07472675604,-0.00556667184,31.62633945,2.525765553,-1.237080296,-0.3727097114,2,0,535,0,0,0,0,0,0,0,0,0,-1,-999,-1,,,-1,0
225,494460,164819,16328,10,3,gep5_replayed_5711_stream0_2_seg3_3_firstevent0_nevent100000_1.root,overlap,5_overlap_standard,overlap;boundary_best_z,1,0,6,4,25.56579222,-0.2965465272,0.04997140189,-0.1816704185,0.007869032042,-5.57751918,1,1,-0.05173404526,-0.02815676233,-0.04411274788,0.04411274788,0.1444703123,0.05954897761,-4.443365069,2.35235568,0.8585127237,-0.0760740898,2,1,583,4,0,4,4,4,0,0,96,96,1,0,23,0.0725,0.5890077873,1,1
226,496455,165484,16993,10,3,gep5_replayed_5711_stream0_2_seg3_3_firstevent0_nevent100000_1.root,overlap,5_overlap_standard,overlap;boundary_best_z,1,0,6,5,1.402358025,-0.2634191193,0.09442072437,-0.161287707,0.0343424283,-3.126713191,1,1,0.02368638007,0.03083978838,0.002085091738,0.002085091738,0.001014286574,0.03261101883,-1.660728795,4.770206598,0.7892743472,0.237241907,2,1,597,4,0,4,4,4,0,0,96,96,3,0,23,0.0725,0.1806124822,1,1
227,496956,165651,17160,10,3,gep5_replayed_5711_stream0_2_seg3_3_firstevent0_nevent100000_1.root,overlap,5_overlap_standard,overlap;boundary_best_z,1,0,4,3,1.062018908,0.1319007796,0.04289974214,-0.0570690589,0.02879093078,0.9714276301,1,1,-0.04412081545,-0.01486128579,0.005598297393,0.005598297393,-0.03184047767,0.1455465281,3.990262687,1.612328686,-0.3555669232,0.5030087737,2,1,609,9,0,9,9,9,0,0,216,216,3,0,0,-0.2725,2.038045149,1,1
228,498249,166082,17591,10,3,gep5_replayed_5711_stream0_2_seg3_3_firstevent0_nevent100000_1.root,gem_only,7_gem_only_no_candidate,gem_only,1,0,4,2,4.878911026,0.4051663523,0.04013380024,0.01360057801,0.02623956982,-1.46848694,1,1,0.01484471499,-0.001533550054,-0.005090107935,0.005090107935,0.0341169225,-0.05838539641,12.28387688,1.70232427,-0.9570723389,-0.04062010509,2,0,535,0,0,0,0,0,0,0,0,0,-1,-999,-1,,,-1,0
229,501408,167135,845,11,3,gep5_replayed_5711_stream0_2_seg3_3_firstevent0_nevent100000_2.root,gem_only,7_gem_only_no_candidate,gem_only,1,0,4,2,7.55823485,0.3282207643,-0.003491117171,-0.01236970629,0.00801819047,8.586434295,1,1,-0.06547666563,-0.08120549014,-0.03077119985,0.03077119985,0.09838393586,-0.03981073392,-19.97742203,7.570038179,-0.6812696178,-0.136917855,2,0,582,0,0,0,0,0,0,0,0,0,-1,-999,-1,,,-1,0
230,501555,167184,894,11,3,gep5_replayed_5711_stream0_2_seg3_3_firstevent0_nevent100000_2.root,overlap,5_overlap_standard,overlap;boundary_best_z,1,0,4,4,6.443441736,0.1410324592,0.009677434127,-0.05142568678,0.01346773625,14.67087875,1,1,0.05924968781,0.06889298277,0.02564788697,0.02564788697,-0.07963601126,0.02996890401,4.137513366,0.7408606807,-0.3853838403,0.1863911432,2,1,582,1,0,1,1,1,0,0,24,24,0,0,0,-0.2725,1.50912562,1,1
231,501882,167293,1003,11,3,gep5_replayed_5711_stream0_2_seg3_3_firstevent0_nevent100000_2.root,gem_only,7_gem_only_no_candidate,gem_only,1,0,4,3,2.862538856,0.1160782443,0.05879239677,-0.05736949811,0.03683944278,-2.899663845,1,1,0.03727275477,0.03911164509,-0.005242819995,0.005242819995,0.01632734876,0.01007762751,-19.68393236,0.7099698099,-0.2499015038,0.5001104349,2,0,547,0,0,0,0,0,0,0,0,0,-1,-999,-1,,,-1,0
232,506043,168680,2390,11,3,gep5_replayed_5711_stream0_2_seg3_3_firstevent0_nevent100000_2.root,overlap,5_overlap_standard,overlap;boundary_best_z,1,0,4,2,6.872892057,0.2817015636,-0.04364877054,-0.02425657409,-0.006919421281,0.008112028105,1,1,-0.07334702449,-0.05692136566,-0.009395774883,0.009395774883,0.01247223013,0.06559815471,-10.23269363,3.056561566,-0.6189815248,-0.1251819682,2,1,604,5,0,5,5,5,0,0,0,120,3,0,0,-0.2725,5.680910277,0,1
233,508509,169502,3212,11,3,gep5_replayed_5711_stream0_2_seg3_3_firstevent0_nevent100000_2.root,overlap,5_overlap_standard,overlap;boundary_best_z,1,0,4,3,5.240063655,0.5377205542,-0.06353752735,0.04172834583,0.001404728725,2.976119507,1,1,0.02774811385,0.005075597003,-0.02331411264,0.02331411264,0.08418241023,-0.04414478792,-7.133552745,1.783376913,-1.005498061,-0.4205297264,2,1,623,1,0,1,1,1,0,0,24,24,0,0,23,0.0725,0.9263889102,1,1
234,510000,169999,3709,11,3,gep5_replayed_5711_stream0_2_seg3_3_firstevent0_nevent100000_2.root,overlap,5_overlap_standard,overlap;boundary_best_z,1,0,4,2,4.722798416,0.4069752786,-0.05914205732,0.01899391357,-0.02267977714,-10.81275046,1,1,0.09042927494,0.09564505928,0.01467639509,0.01467639509,-0.03957420566,0.002691975838,1.110426456,2.474105032,-0.8245989881,-0.4723535518,2,1,592,2,0,2,2,2,0,0,48,48,1,0,0,-0.2725,4.131077393,1,1
235,511977,170658,4368,11,3,gep5_replayed_5711_stream0_2_seg3_3_firstevent0_nevent100000_2.root,gem_only,7_gem_only_no_candidate,gem_only,1,0,5,2,4.351238517,0.3745166617,0.1033329375,0.01173636769,0.04711781706,0.7930031298,1,1,0.06623555754,0.07393663845,0.008371471044,0.008371471044,-0.03683640402,0.02727041751,-15.50238302,1.624467864,-1.048382044,0.3501940169,2,0,603,0,0,0,0,0,0,0,0,0,-1,-999,-1,,,-1,0
236,519354,173117,6827,11,3,gep5_replayed_5711_stream0_2_seg3_3_firstevent0_nevent100000_2.root,gem_only,7_gem_only_no_candidate,gem_only,1,0,4,2,8.769249075,0.4298199136,-0.1067346512,0.0124825617,-0.01085636725,-5.20121654,1,1,0.01667532498,-0.007797769027,-0.006602266932,0.006602266932,0.03895055008,-0.06793883969,-16.15334479,1.694593344,-0.8266723389,-0.3902769705,2,0,533,0,0,0,0,0,0,0,0,0,-1,-999,-1,,,-1,0
237,519513,173170,6880,11,3,gep5_replayed_5711_stream0_2_seg3_3_firstevent0_nevent100000_2.root,gem_only,7_gem_only_no_candidate,gem_only,1,0,4,2,9.523475489,0.375546014,0.03773102175,0.005647784306,-6.452096736e-05,11.3633531,1,1,-0.05549364516,-0.05495913964,0.005641074961,0.005641074961,-0.01499569378,-0.00260601106,0.009897767333,2.917281305,-0.8695326598,-0.3224365544,2,0,565,0,0,0,0,0,0,0,0,0,-1,-999,-1,,,-1,0
238,522201,174066,7776,11,3,gep5_replayed_5711_stream0_2_seg3_3_firstevent0_nevent100000_2.root,gem_only,6_gem_only_multi_track,gem_only;multi_track,2,0,5,2,11.80213232,0.298073569,-0.09871139196,-0.01443529821,-0.0117873437,7.505976161,2,1,0.1185502573,0.07872694606,0.02466617907,0.02466617907,-0.0391707606,-0.1291817417,15.00433619,3.060671488,-0.6443782889,-0.3095421584,2,0,550,0,0,0,0,0,0,0,0,0,-1,-999,-1,,,-1,0
239,523998,174665,484,12,4,gep5_replayed_5711_stream0_2_seg4_4_firstevent0_nevent100000.root,gem_only,7_gem_only_no_candidate,gem_only,1,0,4,3,4.272930295,0.3709082361,0.1562387366,0.01431057605,0.03757858652,16.47333823,1,1,0.04595598106,0.04137236812,-0.01046202515,0.01046202515,0.03594563395,-0.009497657173,17.41333575,1.864159485,-0.9468409532,0.04252626657,2,0,551,0,0,0,0,0,0,0,0,0,-1,-999,-1,,,-1,0
240,527181,175726,1545,12,4,gep5_replayed_5711_stream0_2_seg4_4_firstevent0_nevent100000.root,gem_only,7_gem_only_no_candidate,gem_only,1,0,4,2,3.988956038,0.2654486373,-0.05630126116,-0.03127775596,0.003386119588,-4.730340346,1,1,-0.09034297114,-0.07633027501,0.01699717426,0.01699717426,-0.05985556064,0.04730355856,14.776034,4.783013788,-0.68119,0.02570501546,2,0,586,0,0,0,0,0,0,0,0,0,-1,-999,-1,,,-1,0
241,532440,177479,3298,12,4,gep5_replayed_5711_stream0_2_seg4_4_firstevent0_nevent100000.root,overlap,5_overlap_standard,overlap;boundary_best_z,1,0,4,2,9.236526856,0.4243176231,0.1328398894,0.01954834813,0.03632294789,-1.29763672,1,1,-0.105100126,-0.07782271572,0.01493790937,0.01493790937,-0.09000681139,0.1094168003,-4.203487672,1.294272467,-1.218263115,0.06381385605,2,1,557,1,0,1,1,1,0,0,24,24,0,0,0,-0.2725,3.126346982,1,1
242,532683,177560,3379,12,4,gep5_replayed_5711_stream0_2_seg4_4_firstevent0_nevent100000.root,gem_only,7_gem_only_no_candidate,gem_only,1,0,4,2,9.985602311,0.4890710184,-0.1326969966,0.02094842439,-0.01399954571,-8.59842816,1,1,-0.08542576712,-0.05885586654,-0.005496658958,0.005496658958,-0.01602352909,0.09058310945,-12.66405216,3.217286304,-0.9686166743,-0.3298930313,2,0,555,0,0,0,0,0,0,0,0,0,-1,-999,-1,,,-1,0
243,533262,177753,3572,12,4,gep5_replayed_5711_stream0_2_seg4_4_firstevent0_nevent100000.root,gem_only,7_gem_only_no_candidate,gem_only,1,0,4,3,6.401104683,0.3497606189,-0.01972284562,-0.00126633054,-0.006191548998,4.889674132,1,1,-0.005534821832,-0.005494586115,-0.02474691101,0.02474691101,0.06404994866,0.01649837949,-15.70661758,2.884931643,-0.6941989942,-0.2598769705,2,0,604,0,0,0,0,0,0,0,0,0,-1,-999,-1,,,-1,0
244,533802,177933,3752,12,4,gep5_replayed_5711_stream0_2_seg4_4_firstevent0_nevent100000.root,gem_only,7_gem_only_no_candidate,gem_only,1,0,4,4,8.971856165,0.4286435026,-0.06198857626,0.0190880291,0.008125219085,10.50841808,1,1,0.1360323466,0.09237260678,0.03328663331,0.03328663331,-0.04736502634,-0.1604279584,11.51947504,3.297614241,-0.9624434069,-0.2653824702,2,0,556,0,0,0,0,0,0,0,0,0,-1,-999,-1,,,-1,0
245,534900,178299,4118,12,4,gep5_replayed_5711_stream0_2_seg4_4_firstevent0_nevent100000.root,gem_only,7_gem_only_no_candidate,gem_only,1,0,4,2,9.427705032,0.4054041051,0.05653677973,0.01380084596,0.02007442933,0.5179228525,1,1,-0.04748802001,-0.0362013166,-0.03058814325,0.03058814325,0.07148900897,0.0703417896,10.10128363,2.221452097,-0.9102002017,-0.04199697052,2,0,594,0,0,0,0,0,0,0,0,0,-1,-999,-1,,,-1,0
246,536250,178749,4568,12,4,gep5_replayed_5711_stream0_2_seg4_4_firstevent0_nevent100000.root,overlap,5_overlap_standard,overlap;boundary_best_z,1,0,4,2,9.558161797,0.3982533212,-0.08062113159,0.00772429582,-0.01521988855,3.242310377,1,1,-0.003666621668,-0.0058608366,0.007445596349,0.007445596349,-0.01668229382,-0.01221049364,-0.3545194033,2.431607234,-0.8239736802,-0.3812846755,2,1,569,1,0,1,1,1,0,0,24,24,0,0,23,0.0725,4.521133634,1,1
247,536769,178922,4741,12,4,gep5_replayed_5711_stream0_2_seg4_4_firstevent0_nevent100000.root,gem_only,7_gem_only_no_candidate,gem_only,1,0,4,3,9.607063221,0.1138528272,0.05857463645,-0.05678672519,0.02016941669,1.968707314,1,1,0.07081402882,0.07722908937,0.01480538033,0.01480538033,-0.04625571269,0.0225190442,-8.637003704,2.421905065,-0.2864587398,0.2267037896,2,0,606,0,0,0,0,0,0,0,0,0,-1,-999,-1,,,-1,0
248,537900,179299,5118,12,4,gep5_replayed_5711_stream0_2_seg4_4_firstevent0_nevent100000.root,gem_only,7_gem_only_no_candidate,gem_only,1,0,4,2,7.647178934,0.3999677066,0.03679117911,0.01320124206,0.00129429535,3.047821293,1,1,-0.04168647211,-0.03758911835,0.0003888502277,0.0003888502279,-0.005424328367,0.01345623768,15.29842386,1.933992571,-0.9047338632,-0.3177429631,2,0,539,0,0,0,0,0,0,0,0,0,-1,-999,-1,,,-1,0
249,540852,180283,6102,12,4,gep5_replayed_5711_stream0_2_seg4_4_firstevent0_nevent100000.root,overlap,2_overlap_single,overlap;single;boundary_best_z,1,0,6,4,8.687452815,-0.547910521,-0.06260060753,-0.2443297735,0.002370915736,-2.405291181,1,1,0.001485583164,0.008598992015,-0.02046555403,0.02046555403,0.06183396154,0.0007067576922,3.650454598,4.21441201,1.170862234,-0.3422072622,2,3,595,0,1,1,0,0,0,1,24,24,0,-1,0,-0.2725,2.493504384,1,1
250,547692,182563,8382,12,4,gep5_replayed_5711_stream0_2_seg4_4_firstevent0_nevent100000.root,gem_only,7_gem_only_no_candidate,gem_only,1,0,4,2,4.900173544,0.4790115393,0.03845083659,0.03608695836,0.00764327943,-0.1063217181,1,1,0.02920276023,0.005213363931,-0.01736628878,0.01736628878,0.07088753642,-0.05695145712,-17.6295,1.467973954,-0.9816081821,-0.4187917569,2,0,596,0,0,0,0,0,0,0,0,0,-1,-999,-1,,,-1,0
251,547896,182631,8450,12,4,gep5_replayed_5711_stream0_2_seg4_4_firstevent0_nevent100000.root,gem_only,7_gem_only_no_candidate,gem_only,1,0,4,2,7.876211609,-0.02813708651,-0.0001081879057,-0.1013546027,0.02952109399,-13.95311052,1,1,-0.02244883267,-0.05273608021,-0.02079981362,0.02079981362,0.05978050324,-0.1474848068,67.90913932,0.7383897433,0.1654317584,0.322070686,2,0,569,0,0,0,0,0,0,0,0,0,-1,-999,-1,,,-1,0
252,548856,182951,8770,12,4,gep5_replayed_5711_stream0_2_seg4_4_firstevent0_nevent100000.root,gem_only,7_gem_only_no_candidate,gem_only,1,0,4,2,6.239817133,0.1088658445,-0.03706150508,-0.06489162208,-0.0005127875085,9.734330675,1,1,0.0438577295,0.01656889277,-0.002848703724,0.002848703724,0.01489402618,-0.0955892111,19.46273392,3.015941673,-0.2187190889,-0.07528695798,2,0,652,0,0,0,0,0,0,0,0,0,-1,-999,-1,,,-1,0
253,553425,184474,10293,12,4,gep5_replayed_5711_stream0_2_seg4_4_firstevent0_nevent100000.root,overlap,3_overlap_seam,overlap;seam;boundary_best_z,1,0,4,2,4.88554672,0.2066949015,-0.1034920533,-0.04652957726,-0.005625507367,1.710825758,1,1,-0.02150200487,-0.04865827917,-0.005982451303,0.005982451303,0.030656893,-0.09487521756,8.804594643,2.856740803,-0.4334940733,-0.1302648333,2,1,577,15,0,15,15,9,6,0,288,360,4,0,23,0.0725,0.01696050855,1,1
254,555225,185074,10893,12,4,gep5_replayed_5711_stream0_2_seg4_4_firstevent0_nevent100000.root,gem_only,7_gem_only_no_candidate,gem_only,1,0,4,2,5.97432609,0.3025019672,0.07616798265,-0.01239659725,0.0224482625,-8.10158449,1,1,-0.07156804964,-0.04295142328,0.005268678243,0.005268678243,-0.04669121869,0.1235648814,21.31727815,3.899269714,-0.8174839308,0.1612567919,2,0,589,0,0,0,0,0,0,0,0,0,-1,-999,-1,,,-1,0
255,556335,185444,11263,12,4,gep5_replayed_5711_stream0_2_seg4_4_firstevent0_nevent100000.root,gem_only,7_gem_only_no_candidate,gem_only,1,0,4,3,0.7964174436,0.2431836632,0.05731935748,-0.02547149343,0.02002402181,3.529074929,1,1,0.01697723679,0.01467390142,0.002824539642,0.002824539642,-0.006483924465,-0.01078846487,-0.6281099545,6.780307704,-0.603065961,0.09586440324,2,0,554,0,0,0,0,0,0,0,0,0,-1,-999,-1,,,-1,0
256,557004,185667,11486,12,4,gep5_replayed_5711_stream0_2_seg4_4_firstevent0_nevent100000.root,overlap,3_overlap_seam,overlap;seam;boundary_best_z,1,0,4,3,7.624985765,0.1361972386,0.07051394095,-0.04969451554,0.008749250838,-4.396297703,1,1,0.08958997966,0.1046976384,0.01398051733,0.01398051733,-0.04481323353,0.0505023978,-8.538855558,1.717405395,-0.3329743457,0.05566028605,2,1,578,3,0,3,3,2,1,0,24,72,1,0,0,-0.2725,6.418858142,0,1
257,566757,188918,14737,12,4,gep5_replayed_5711_stream0_2_seg4_4_firstevent0_nevent100000.root,gem_only,7_gem_only_no_candidate,gem_only,1,0,5,3,7.237158095,-0.4096149638,0.1340466412,-0.20605293,0.0391449423,1.095464533,1,1,-0.02432587504,0.001463100995,0.006221894188,0.006221894188,0.02134007427,0.1161980829,0.4131709762,4.549439343,1.151852602,0.1006072115,2,0,565,0,0,0,0,0,0,0,0,0,-1,-999,-1,,,-1,0
258,568530,189509,15328,12,4,gep5_replayed_5711_stream0_2_seg4_4_firstevent0_nevent100000.root,gem_only,7_gem_only_no_candidate,gem_only,1,0,4,2,9.15325711,0.1510111559,-0.04342141039,-0.05440983765,0.006268525513,2.399533966,1,1,-0.01559084754,0.004819764413,0.0008069320484,0.0008069320484,-0.01112687456,0.08282896816,16.52793505,3.65523409,-0.3514335378,0.1899677637,2,0,592,0,0,0,0,0,0,0,0,0,-1,-999,-1,,,-1,0
259,569181,189726,15545,12,4,gep5_replayed_5711_stream0_2_seg4_4_firstevent0_nevent100000.root,gem_only,7_gem_only_no_candidate,gem_only,1,0,4,2,2.833724759,0.2158724622,0.1524050072,-0.02912459549,0.02544053866,3.810290082,1,1,0.0007298373666,0.01508165418,-0.0003751581468,0.000375158147,-0.009514096099,0.06103261463,-10.39515856,2.776560782,-0.5676935378,0.1305451667,2,0,599,0,0,0,0,0,0,0,0,0,-1,-999,-1,,,-1,0
260,570243,190080,15899,12,4,gep5_replayed_5711_stream0_2_seg4_4_firstevent0_nevent100000.root,gem_only,7_gem_only_no_candidate,gem_only,1,0,4,2,7.944784048,0.36995079,-0.098811299,-0.003802251257,-0.03915742293,-12.55296859,1,1,-0.1005828474,-0.07298667408,-0.02227893029,0.02227893029,0.02985179073,0.09572254728,6.116445988,4.386639204,-0.6904738361,-0.5027792544,2,0,569,0,0,0,0,0,0,0,0,0,-1,-999,-1,,,-1,0
261,572316,190771,16590,12,4,gep5_replayed_5711_stream0_2_seg4_4_firstevent0_nevent100000.root,overlap,3_overlap_seam,overlap;seam;boundary_best_z,1,0,4,2,8.031237641,0.3458958661,-0.1630556646,-0.01403334399,-0.01657933615,1.355048316,1,1,-0.05014187098,-0.02932885067,-0.01020155632,0.01020155632,0.01041608209,0.0767165342,-0.4048003092,3.458914551,-0.6870389154,-0.1594541592,2,1,580,3,0,3,3,2,1,0,24,72,2,0,23,0.0725,2.701811705,0,1
262,572478,190825,16644,12,4,gep5_replayed_5711_stream0_2_seg4_4_firstevent0_nevent100000.root,gem_only,7_gem_only_no_candidate,gem_only,1,0,4,2,4.714135666,0.4368310215,-0.05866737465,0.02186711977,-0.01917197243,-2.598420837,1,1,0.02906996873,0.01966608252,-0.01698704077,0.01698704077,0.04899162747,-0.0126526023,-11.49347024,3.941605125,-0.8116627463,-0.4987729691,2,0,565,0,0,0,0,0,0,0,0,0,-1,-999,-1,,,-1,0
263,572790,190929,16748,12,4,gep5_replayed_5711_stream0_2_seg4_4_firstevent0_nevent100000.root,overlap,5_overlap_standard,overlap;boundary_best_z,1,0,5,2,11.2019059,0.1470569584,-0.09145661687,-0.05922716153,-0.01063631033,-3.97500762,1,1,-0.01616337917,-0.01838153983,-0.001938139406,0.001938139406,0.006108435313,-0.00731824653,-0.5154630921,4.617504256,-0.3166299226,-0.08317149334,2,1,562,5,0,5,5,5,0,0,120,120,1,0,0,-0.2725,1.72712595,1,1
264,572961,190986,16805,12,4,gep5_replayed_5711_stream0_2_seg4_4_firstevent0_nevent100000.root,gem_only,7_gem_only_no_candidate,gem_only,1,0,5,2,12.35795658,0.4009302295,0.04581627253,0.012452019,0.02599358651,4.407061291,1,1,-0.01703203911,-0.01126392263,-0.01257056278,0.01257056278,0.029052318,0.034167495,13.48637886,4.964017286,-0.9566412831,0.04266544982,2,0,603,0,0,0,0,0,0,0,0,0,-1,-999,-1,,,-1,0
265,575124,191707,17526,12,4,gep5_replayed_5711_stream0_2_seg4_4_firstevent0_nevent100000.root,gem_only,7_gem_only_no_candidate,gem_only,1,0,4,3,9.072827265,-0.3172325547,0.05065377968,-0.1775481836,0.02943851661,1.383798628,1,1,-0.02128517886,-0.007626627569,-0.003875891843,0.003875891843,0.02758740399,0.05677873002,-6.096530161,2.279886042,0.8957628031,0.2035206417,2,0,645,0,0,0,0,0,0,0,0,0,-1,-999,-1,,,-1,0
266,575151,191716,17535,12,4,gep5_replayed_5711_stream0_2_seg4_4_firstevent0_nevent100000.root,gem_only,7_gem_only_no_candidate,gem_only,1,0,4,2,8.287551178,0.3454757076,0.1289332395,0.007732302734,0.02966497705,4.168552064,1,1,0.0754791536,0.06240877748,0.016722525,0.016722525,-0.0334656243,-0.06219327988,-20.02044043,2.983291482,-0.9107637208,-0.04199697052,2,0,590,0,0,0,0,0,0,0,0,0,-1,-999,-1,,,-1,0
267,576078,192025,17844,12,4,gep5_replayed_5711_stream0_2_seg4_4_firstevent0_nevent100000.root,gem_only,7_gem_only_no_candidate,gem_only,1,0,4,2,6.920843148,0.2439213948,0.1286427495,-0.02412815605,0.04005765746,-4.808988326,1,1,-0.0127391717,-0.01037853094,-0.03872975742,0.03872975742,0.1186316367,0.03199449248,-5.252218122,2.307610351,-0.5510861343,0.3506603814,2,0,586,0,0,0,0,0,0,0,0,0,-1,-999,-1,,,-1,0
268,577299,192432,365,13,4,gep5_replayed_5711_stream0_2_seg4_4_firstevent0_nevent100000_1.root,gem_only,7_gem_only_no_candidate,gem_only,1,0,4,3,3.015483858,0.3197190246,0.06145884974,-0.01036087655,0.04194852632,8.44084248,1,1,-9.090446552e-05,-0.03332406646,-0.003049649622,0.003049649622,0.04744194442,-0.1512962706,17.7080772,2.951708593,-0.8234512952,0.2188130295,2,0,579,0,0,0,0,0,0,0,0,0,-1,-999,-1,,,-1,0
269,578388,192795,728,13,4,gep5_replayed_5711_stream0_2_seg4_4_firstevent0_nevent100000_1.root,overlap,3_overlap_seam,overlap;seam;boundary_best_z,1,0,4,3,7.674617769,-0.2701003165,0.1015126022,-0.1733604356,0.01623578858,-4.811366523,1,1,-0.01930333546,-0.02069256484,-0.02334226071,0.02334226071,0.06301514305,-0.02063246703,-5.271939229,2.317383833,0.764850247,-0.09469466477,2,1,568,1,0,1,1,0,1,0,24,24,0,1,23,0.0725,0.1416882132,1,1
270,589494,196497,4430,13,4,gep5_replayed_5711_stream0_2_seg4_4_firstevent0_nevent100000_1.root,gem_only,7_gem_only_no_candidate,gem_only,1,0,4,2,9.114260498,0.1921542877,0.06381310229,-0.03805141614,0.02848464168,-3.443034198,1,1,0.04217881136,0.02914472858,0.01748928301,0.01748928301,-0.04478963177,-0.06342834656,0.586374677,3.245835534,-0.5204697115,0.2192678503,2,0,539,0,0,0,0,0,0,0,0,0,-1,-999,-1,,,-1,0
271,594222,198073,6006,13,4,gep5_replayed_5711_stream0_2_seg4_4_firstevent0_nevent100000_1.root,gem_only,7_gem_only_no_candidate,gem_only,1,0,4,2,4.329620664,0.4777350183,0.07614012214,0.03053038602,0.0332169567,-7.344933348,1,1,-0.07050959251,-0.05013380781,-0.02571256035,0.02571256035,0.04128648881,0.1132683596,1.073719649,1.911788362,-1.15312497,0.03643737236,2,0,558,0,0,0,0,0,0,0,0,0,-1,-999,-1,,,-1,0
272,594765,198254,6187,13,4,gep5_replayed_5711_stream0_2_seg4_4_firstevent0_nevent100000_1.root,gem_only,7_gem_only_no_candidate,gem_only,1,0,4,2,5.499848191,-0.2828814869,0.11509908,-0.1706913837,0.0244211159,8.147628898,1,1,0.02660458947,0.05376026847,0.02609826325,0.02609826325,-0.04917656491,0.1252375109,14.72002602,2.278224342,0.7418798351,0.1127540011,2,0,599,0,0,0,0,0,0,0,0,0,-1,-999,-1,,,-1,0
273,596370,198789,6722,13,4,gep5_replayed_5711_stream0_2_seg4_4_firstevent0_nevent100000_1.root,gem_only,7_gem_only_no_candidate,gem_only,1,0,4,4,9.542412476,0.4441376872,-0.1322134114,0.01915188371,-0.01953582129,19.97706863,1,1,0.01421395057,0.05160176896,0.009199780851,0.009199780851,-0.05772840505,0.1023709657,-8.299942317,3.835798523,-0.9012762975,-0.2988998556,2,0,615,0,0,0,0,0,0,0,0,0,-1,-999,-1,,,-1,0
274,599817,199938,7871,13,4,gep5_replayed_5711_stream0_2_seg4_4_firstevent0_nevent100000_1.root,overlap,5_overlap_standard,overlap;boundary_best_z,1,0,4,2,6.283347275,0.306590384,0.01656911592,-0.01595499761,0.01701451838,-4.733148774,1,1,-0.08234764162,-0.061832232,-0.01719602313,0.01719602313,0.0293857406,0.1007590249,-5.806779597,4.482742954,-0.7265421821,0.1379580322,2,1,596,2,0,2,2,2,0,0,48,48,0,0,23,0.0725,3.320730724,1,1
275,600126,200041,7974,13,4,gep5_replayed_5711_stream0_2_seg4_4_firstevent0_nevent100000_1.root,gem_only,7_gem_only_no_candidate,gem_only,1,0,6,4,8.010711215,-0.2762288871,0.01264694938,-0.1664249463,0.01651588695,1.714750838,1,1,0.02406713391,0.03033724448,0.008846906284,0.008846906284,-0.0201893524,0.02994160829,0.4425082328,4.638239989,0.7005912391,0.08947136118,2,0,587,0,0,0,0,0,0,0,0,0,-1,-999,-1,,,-1,0
276,603318,201105,9038,13,4,gep5_replayed_5711_stream0_2_seg4_4_firstevent0_nevent100000_1.root,overlap,5_overlap_standard,overlap;boundary_best_z,1,0,4,2,2.389483914,0.3351177006,-0.1069576649,-0.008714280504,-0.00600952254,-4.582716242,1,1,0.04743568625,0.03814545466,0.001375930902,0.001375930902,0.003299288788,-0.03081893436,7.931082585,3.237369074,-0.6940862923,-0.1682243189,2,1,548,7,0,7,7,7,0,0,0,168,1,0,23,0.0725,0.1804547136,0,1
277,608130,202709,10642,13,4,gep5_replayed_5711_stream0_2_seg4_4_firstevent0_nevent100000_1.root,overlap,3_overlap_seam,overlap;seam;boundary_best_z,1,0,4,2,9.835152739,0.291169379,0.05319382121,-0.01377365802,0.01085163375,1.566536514,1,1,0.02679039071,-0.007764229786,0.009251794248,0.009251794248,0.003281939205,-0.1271591279,-33.37650923,5.173428899,-0.6933288665,-0.2064270918,2,1,593,2,0,2,2,1,1,0,24,48,0,0,0,-0.2725,11.48478744,0,1
278,608346,202781,10714,13,4,gep5_replayed_5711_stream0_2_seg4_4_firstevent0_nevent100000_1.root,gem_only,7_gem_only_no_candidate,gem_only,1,0,4,3,6.746155098,-0.02871955275,-0.01647899533,-0.09833842342,0.005406817793,-4.163187189,1,1,0.03031051904,0.06536746129,0.00585848895,0.00585848895,-0.01261185066,0.1387277182,32.69198097,0.5445550389,0.1032167176,0.234875753,2,0,523,0,0,0,0,0,0,0,0,0,-1,-999,-1,,,-1,0
279,608400,202799,10732,13,4,gep5_replayed_5711_stream0_2_seg4_4_firstevent0_nevent100000_1.root,gem_only,7_gem_only_no_candidate,gem_only,1,0,4,2,5.760664452,0.1354806336,0.03759450649,-0.05214584676,0.01466501315,-2.014201553,1,1,0.06684145878,0.06830031347,-0.007179289195,0.007179289195,0.0204823284,0.00744976742,2.764423906,2.529801292,-0.2748527169,0.1453378729,2,0,558,0,0,0,0,0,0,0,0,0,-1,-999,-1,,,-1,0
280,612960,204319,12252,13,4,gep5_replayed_5711_stream0_2_seg4_4_firstevent0_nevent100000_1.root,gem_only,7_gem_only_no_candidate,gem_only,1,0,4,2,9.741521102,0.4126525738,0.1174881898,0.01985017624,0.03685662928,-4.24232672,1,1,0.009972582377,-0.006277702121,0.001317923514,0.001317923514,0.01854834959,-0.06661461937,19.79092933,2.686356834,-1.060316338,-0.03387055863,2,0,584,0,0,0,0,0,0,0,0,0,-1,-999,-1,,,-1,0
281,616470,205489,13422,13,4,gep5_replayed_5711_stream0_2_seg4_4_firstevent0_nevent100000_1.root,overlap,3_overlap_seam,overlap;seam;boundary_best_z,1,0,4,3,8.952856129,0.5669275926,0.1236545578,0.05732413541,0.05166033562,4.559394794,1,1,0.05005893921,0.02200186937,-0.004109540007,0.004109540007,0.06182203926,-0.100516938,1.389921622,3.498312993,-1.407190941,-0.1413075626,2,1,580,31,0,31,31,9,22,0,648,744,2,1,23,0.0725,0.02845917129,1,1
282,617283,205760,13693,13,4,gep5_replayed_5711_stream0_2_seg4_4_firstevent0_nevent100000_1.root,gem_only,7_gem_only_no_candidate,gem_only,1,0,4,2,7.080413685,0.2984115521,0.08609039571,-0.0081159298,0.02067357446,-1.620003383,1,1,0.01956625334,0.03506938519,0.02568664031,0.02568664031,-0.08859055809,0.04330978942,-15.10735373,2.166890006,-0.821983735,0.05650568581,2,0,585,0,0,0,0,0,0,0,0,0,-1,-999,-1,,,-1,0
283,619461,206486,14419,13,4,gep5_replayed_5711_stream0_2_seg4_4_firstevent0_nevent100000_1.root,gem_only,7_gem_only_no_candidate,gem_only,1,0,4,2,6.660106884,0.4006679416,0.1055862031,0.01889640365,0.02836002028,7.620893313,1,1,0.002404826446,0.02415693021,0.003606095323,0.003606095323,-0.03856713732,0.08306739568,12.89053755,2.104579427,-1.040654177,0.03130302948,2,0,613,0,0,0,0,0,0,0,0,0,-1,-999,-1,,,-1,0
284,620316,206771,14704,13,4,gep5_replayed_5711_stream0_2_seg4_4_firstevent0_nevent100000_1.root,overlap,5_overlap_standard,overlap;boundary_best_z,1,0,4,2,6.056383768,0.2736981915,0.0942705275,-0.01644757474,0.03650521549,8.638947865,1,1,0.01495690942,0.0147353902,-0.03727099414,0.03727099414,0.115183436,0.02071298111,1.789054421,3.013044547,-0.6091132523,0.3058447341,2,1,575,4,0,4,4,4,0,0,96,96,3,0,23,0.0725,1.5204895,1,1
285,623127,207708,15641,13,4,gep5_replayed_5711_stream0_2_seg4_4_firstevent0_nevent100000_1.root,overlap,3_overlap_seam,overlap;seam;boundary_best_z,1,0,5,3,16.29271504,0.1286612871,0.08966293593,-0.05912914896,0.01302359549,8.144995471,1,1,-0.04172208036,-0.04011922146,-0.01011940889,0.01011940889,0.02802974355,0.009411406259,4.818396761,2.736952876,-0.2934217405,0.04651492468,2,1,609,2,0,2,2,0,2,0,48,48,0,1,0,-0.2725,2.272573643,1,1
286,631671,210556,588,14,4,gep5_replayed_5711_stream0_2_seg4_4_firstevent0_nevent100000_2.root,gem_only,7_gem_only_no_candidate,gem_only,1,0,4,2,8.908967995,0.1662791348,-0.01392865611,-0.04470687221,-0.006522882076,-2.340028571,1,1,0.1129116257,0.09371200177,-0.01557912172,0.01557912172,0.04800986953,-0.05544282785,13.82091081,1.963194182,-0.2949257464,-0.1682248276,2,0,577,0,0,0,0,0,0,0,0,0,-1,-999,-1,,,-1,0
287,632358,210785,817,14,4,gep5_replayed_5711_stream0_2_seg4_4_firstevent0_nevent100000_2.root,gem_only,7_gem_only_no_candidate,gem_only,1,0,4,3,4.72464604,0.2757352777,0.04084432042,-0.01900944286,0.01199826762,3.9952021,1,1,0.01294175326,-0.01372539282,-0.03524446217,0.03524446217,0.1164592195,-0.07890546033,15.99103599,2.214472743,-0.5464331645,-0.1073224606,2,0,583,0,0,0,0,0,0,0,0,0,-1,-999,-1,,,-1,0
288,632457,210818,850,14,4,gep5_replayed_5711_stream0_2_seg4_4_firstevent0_nevent100000_2.root,gem_only,7_gem_only_no_candidate,gem_only,1,0,4,2,3.851160534,0.4578980442,-0.07820220403,0.02068760991,-0.008323803031,-7.894412507,1,1,-0.05811438805,-0.02349731614,-0.03806376719,0.03806376719,0.06191026049,0.1461124987,-14.23590782,1.964416761,-0.8700711019,-0.2226580315,2,0,623,0,0,0,0,0,0,0,0,0,-1,-999,-1,,,-1,0
289,640383,213460,3492,14,4,gep5_replayed_5711_stream0_2_seg4_4_firstevent0_nevent100000_2.root,gem_only,7_gem_only_no_candidate,gem_only,1,0,5,3,14.61780259,-0.1056079328,-0.1396571483,-0.1320407573,-0.01894260471,-2.988102942,1,1,-0.06946388214,-0.0745536892,-0.009927385314,0.009927385314,0.02546847428,-0.02029697594,-27.21312747,0.9506982804,0.2161478903,-0.1239221609,2,0,575,0,0,0,0,0,0,0,0,0,-1,-999,-1,,,-1,0
290,641547,213848,3880,14,4,gep5_replayed_5711_stream0_2_seg4_4_firstevent0_nevent100000_2.root,gem_only,7_gem_only_no_candidate,gem_only,1,0,4,2,7.413744508,0.1834670188,0.08475220828,-0.04091856443,0.02391458336,3.253360262,1,1,-0.01557118599,0.005675462923,-0.02977741716,0.02977741716,0.07772987986,0.106080533,-3.613828423,3.655683905,-0.3796774663,0.2846792456,2,0,612,0,0,0,0,0,0,0,0,0,-1,-999,-1,,,-1,0
291,643869,214622,4654,14,4,gep5_replayed_5711_stream0_2_seg4_4_firstevent0_nevent100000_2.root,gem_only,7_gem_only_no_candidate,gem_only,1,0,4,2,9.93720786,0.2645218526,0.1505084148,-0.02075626111,0.02964427673,-7.721986026,1,1,-0.1039915503,-0.06854254526,-0.03816475802,0.03816475802,0.0772818157,0.1971332372,20.93650321,2.059427672,-0.6488835682,0.2694464658,2,0,580,0,0,0,0,0,0,0,0,0,-1,-999,-1,,,-1,0
292,644511,214836,4868,14,4,gep5_replayed_5711_stream0_2_seg4_4_firstevent0_nevent100000_2.root,gem_only,7_gem_only_no_candidate,gem_only,1,0,4,2,8.357438753,0.1461070168,0.1118295407,-0.05457068852,0.03362049991,-1.440910601,1,1,-0.0661020731,-0.07010347541,-0.002859797952,0.002859797952,0.01108614764,-0.01904313447,-13.59454236,3.465819407,-0.3880572617,0.2985243074,2,0,590,0,0,0,0,0,0,0,0,0,-1,-999,-1,,,-1,0
293,649821,216606,6638,14,4,gep5_replayed_5711_stream0_2_seg4_4_firstevent0_nevent100000_2.root,gem_only,7_gem_only_no_candidate,gem_only,1,0,4,3,5.171488419,0.3529108193,0.1180843286,0.011175819,0.03251843724,8.734241727,1,1,0.1020236427,0.1121755986,-0.01144808312,0.01144808312,0.0230533125,0.04801314313,28.93060202,2.019617724,-0.8663621739,0.1303294376,2,0,593,0,0,0,0,0,0,0,0,0,-1,-999,-1,,,-1,0
294,650598,216865,6897,14,4,gep5_replayed_5711_stream0_2_seg4_4_firstevent0_nevent100000_2.root,overlap,3_overlap_seam,overlap;seam;boundary_best_z,1,0,4,2,6.380017591,-0.3481852286,0.004736411493,-0.1872747183,0.008729813804,-7.57455349,1,1,0.06318353533,0.06803146663,0.01742603436,0.01742603436,-0.04326589994,0.02920320422,-4.989817598,2.663063037,0.7967555205,-0.09888198827,2,1,581,6,0,6,6,3,3,0,144,144,1,1,0,-0.2725,1.743953848,1,1
295,652452,217483,7515,14,4,gep5_replayed_5711_stream0_2_seg4_4_firstevent0_nevent100000_2.root,gem_only,7_gem_only_no_candidate,gem_only,1,0,4,2,6.889872568,0.3642670227,0.1524035816,0.009135675871,0.03559646331,3.646473409,1,1,-0.05416072039,-0.01827394572,-0.009941892478,0.009941892478,-0.0204959802,0.1728042568,0.1180400966,3.850960689,-0.9966245154,0.1992151296,2,0,563,0,0,0,0,0,0,0,0,0,-1,-999,-1,,,-1,0
296,653856,217951,303,15,5,gep5_replayed_5711_stream0_2_seg5_5_firstevent0_nevent100000.root,gem_only,7_gem_only_no_candidate,gem_only,1,0,6,3,13.80700282,-0.4957623481,-0.1690491674,-0.2400446095,-0.03067974802,-4.13443608,1,1,-0.04584236395,-0.02713747687,-0.001301363746,0.001301363746,0.02062166867,0.05340768022,-0.5262470053,5.510788993,0.8665165078,-0.4335454144,2,0,565,0,0,0,0,0,0,0,0,0,-1,-999,-1,,,-1,0
297,659304,219767,2119,15,5,gep5_replayed_5711_stream0_2_seg5_5_firstevent0_nevent100000.root,gem_only,7_gem_only_no_candidate,gem_only,1,0,4,2,5.866062422,0.202218819,0.08954540204,-0.03472915296,0.04032063244,4.452584581,1,1,0.05797126758,0.0268207085,-0.009991825655,0.009991825655,0.05176958773,-0.1375051139,18.05129932,2.828560386,-0.4780874444,0.3038751667,2,0,569,0,0,0,0,0,0,0,0,0,-1,-999,-1,,,-1,0
298,659493,219830,2182,15,5,gep5_replayed_5711_stream0_2_seg5_5_firstevent0_nevent100000.root,overlap,4_overlap_multi_track,overlap;multi_track;boundary_best_z,2,0,4,3,5.165398228,0.4175931771,0.06130311371,0.01887452966,0.03400040189,0.2615603082,2,1,0.04261300516,0.02754411258,0.003818750345,0.003818750345,0.008268680979,-0.06281721846,6.070640843,2.19022392,-1.041950456,0.02885986217,2,1,603,3,0,3,3,3,0,0,72,72,0,0,23,0.0725,3.77437461,1,1
299,661773,220590,2942,15,5,gep5_replayed_5711_stream0_2_seg5_5_firstevent0_nevent100000.root,gem_only,7_gem_only_no_candidate,gem_only,1,0,4,2,2.380649502,0.3673167731,-0.0265300916,0.00723876906,0.002786345895,-0.2277015431,1,1,0.1086684585,0.0853792549,0.003518274136,0.003518274136,0.009823910897,-0.07428885061,-0.3575316133,6.397855916,-0.7817274903,-0.2269218883,2,0,601,0,0,0,0,0,0,0,0,0,-1,-999,-1,,,-1,0
300,662283,220760,3112,15,5,gep5_replayed_5711_stream0_2_seg5_5_firstevent0_nevent100000.root,gem_only,7_gem_only_no_candidate,gem_only,1,0,4,2,5.744924429,0.2773012969,0.1102818512,-0.01714667886,0.0461320652,-11.32918522,1,1,0.01335569715,-0.01585891025,-0.03411798957,0.03411798957,0.1358714526,-0.1188605533,-16.91646934,4.620959181,-0.6432344795,0.3021465888,2,0,612,0,0,0,0,0,0,0,0,0,-1,-999,-1,,,-1,0
301,662538,220845,3197,15,5,gep5_replayed_5711_stream0_2_seg5_5_firstevent0_nevent100000.root,gem_only,7_gem_only_no_candidate,gem_only,1,0,4,2,9.828733826,0.129292468,0.06969440459,-0.05099372393,0.02118008384,3.233940073,1,1,0.08234714018,0.1040437386,0.01604690868,0.01604690868,-0.056238323,0.08393999888,-20.86591434,4.085460495,-0.3316155641,0.2822997837,2,0,596,0,0,0,0,0,0,0,0,0,-1,-999,-1,,,-1,0
302,664056,221351,3703,15,5,gep5_replayed_5711_stream0_2_seg5_5_firstevent0_nevent100000.root,overlap,3_overlap_seam,overlap;seam;boundary_best_z,1,0,4,3,0.9097992781,0.3150825379,0.06631314742,-0.002996300763,0.0254338929,2.902914364,1,1,0.116361525,0.07727351194,0.005464801735,0.005464801735,0.01817490377,-0.1442529133,1.152393129,2.710941571,-0.7518670073,-0.03878285105,2,1,564,8,0,8,8,4,4,0,192,192,0,0,23,0.0725,0.01565512591,1,1
303,665688,221895,4247,15,5,gep5_replayed_5711_stream0_2_seg5_5_firstevent0_nevent100000.root,gem_only,7_gem_only_no_candidate,gem_only,1,0,4,3,4.196618423,0.18378545,0.00158647616,-0.04221878179,-0.01073502116,3.579736055,1,1,0.03195941189,0.04422795212,-0.01697244582,0.01697244582,0.03970381213,0.04608725391,-17.93889993,2.462469769,-0.3555978067,-0.1545936826,2,0,596,0,0,0,0,0,0,0,0,0,-1,-999,-1,,,-1,0
304,671103,223700,6052,15,5,gep5_replayed_5711_stream0_2_seg5_5_firstevent0_nevent100000.root,gem_only,7_gem_only_no_candidate,gem_only,1,0,4,3,2.777388676,0.3073888927,-0.1792170509,-0.01729421838,-0.02409799946,-3.655727003,1,1,0.08276644071,0.06747595571,0.006015612434,0.006015612434,-0.00644422609,-0.04665447271,27.53909349,2.933936061,-0.5937871215,-0.3026038086,2,0,588,0,0,0,0,0,0,0,0,0,-1,-999,-1,,,-1,0
305,673839,224612,6964,15,5,gep5_replayed_5711_stream0_2_seg5_5_firstevent0_nevent100000.root,overlap,5_overlap_standard,overlap;boundary_best_z,1,0,5,2,17.53579056,0.2431311041,0.1785984156,-0.019906191,0.03339756609,6.831253269,1,1,0.0004788284724,0.02739835749,-0.01193166937,0.01193166937,0.01207057926,0.1280756958,1.248836687,6.717969333,-0.6383398707,0.2518008223,2,1,597,13,0,13,13,13,0,0,312,312,0,0,0,-0.2725,0.001012197688,1,1
306,676923,225640,7992,15,5,gep5_replayed_5711_stream0_2_seg5_5_firstevent0_nevent100000.root,gem_only,7_gem_only_no_candidate,gem_only,1,0,4,4,3.41961224,0.2358054743,0.02034307472,-0.03088223521,0.03203631877,-0.6282385869,1,1,-0.00411186427,-0.001936035328,-0.03335292919,0.03335292919,0.103561961,0.02629283513,-2.59642613,2.433476727,-0.4986163244,0.3971337602,2,0,560,0,0,0,0,0,0,0,0,0,-1,-999,-1,,,-1,0
307,677661,225886,8238,15,5,gep5_replayed_5711_stream0_2_seg5_5_firstevent0_nevent100000.root,gem_only,7_gem_only_no_candidate,gem_only,1,0,4,3,5.42887577,0.2725612837,0.0396838024,-0.02285138763,0.008274199071,-7.116419358,1,1,-0.09183692267,-0.06075832053,-0.01853511003,0.01853511003,0.02494591117,0.1404043319,20.45298337,3.526355551,-0.6382704151,0.055729495,2,0,583,0,0,0,0,0,0,0,0,0,-1,-999,-1,,,-1,0
308,677907,225968,8320,15,5,gep5_replayed_5711_stream0_2_seg5_5_firstevent0_nevent100000.root,gem_only,7_gem_only_no_candidate,gem_only,1,0,4,2,7.330987014,0.1535701658,0.05146790016,-0.05396110154,0.02939167173,1.175274228,1,1,-0.08932829241,-0.0594574353,-0.0302823909,0.0302823909,0.07997999614,0.1668090224,-8.619854358,0.9634027033,-0.3222829934,0.5028573717,2,0,556,0,0,0,0,0,0,0,0,0,-1,-999,-1,,,-1,0
309,678021,226006,8358,15,5,gep5_replayed_5711_stream0_2_seg5_5_firstevent0_nevent100000.root,overlap,3_overlap_seam,overlap;seam;boundary_best_z,1,0,4,2,9.6337447,0.4315009672,0.1608425593,0.02593562378,0.03783034913,7.937186644,1,1,-0.04901937368,-0.04026314301,-0.015188612,0.015188612,0.02952579017,0.05220239821,6.169859706,2.571565534,-1.11696064,-0.02804095141,2,1,609,7,0,7,7,3,4,0,168,168,1,0,0,-0.2725,0.3121782213,1,1
310,679809,226602,8954,15,5,gep5_replayed_5711_stream0_2_seg5_5_firstevent0_nevent100000.root,gem_only,7_gem_only_no_candidate,gem_only,1,0,4,3,4.181225455,0.2814317349,-0.1459016682,-0.02148955807,-0.04082986648,3.090222057,1,1,0.06013148261,0.05419903749,-0.00184444117,0.00184444117,0.007434444605,-0.01453158059,20.27774534,2.196192192,-0.5182265028,-0.4785448333,2,0,547,0,0,0,0,0,0,0,0,0,-1,-999,-1,,,-1,0
311,681915,227304,9656,15,5,gep5_replayed_5711_stream0_2_seg5_5_firstevent0_nevent100000.root,gem_only,6_gem_only_multi_track,gem_only;multi_track,3,0,6,2,21.35441117,-0.0859200058,0.06950912661,-0.1120802803,0.01215131069,-8.82483708,3,1,0.1096452087,0.1110937879,0.0239570657,0.0239570657,-0.0677757124,0.01056394646,-15.56899632,1.118715969,0.2193145292,0.06369181778,2,0,549,0,0,0,0,0,0,0,0,0,-1,-999,-1,,,-1,0
312,682827,227608,9960,15,5,gep5_replayed_5711_stream0_2_seg5_5_firstevent0_nevent100000.root,overlap,5_overlap_standard,overlap;boundary_best_z,1,0,5,2,18.01561658,0.2095650058,-0.02272407049,-0.03557982332,0.01481788527,2.960850196,1,1,0.06934251137,0.05531281114,-0.002489785164,0.002489785164,0.01500021692,-0.05254802463,6.531412634,5.145594249,-0.4628983395,0.1256291605,2,1,564,2,0,2,2,2,0,0,48,48,1,0,23,0.0725,0.8874891482,1,1
313,683628,227875,10227,15,5,gep5_replayed_5711_stream0_2_seg5_5_firstevent0_nevent100000.root,overlap,1_overlap_interior_best_z,overlap;seam,1,0,4,2,9.46117498,0.4061426379,0.03320401778,0.01669191035,0.02095857971,4.720983758,1,1,0.03240292956,0.04085113154,0.009777546819,0.009777546819,-0.03753389916,0.02269523877,2.791766873,1.621179137,-0.996214738,-0.02109084359,2,1,619,9,0,9,9,4,5,0,216,216,1,0,21,0.0425,0.02527141562,1,0
314,683757,227918,10270,15,5,gep5_replayed_5711_stream0_2_seg5_5_firstevent0_nevent100000.root,gem_only,7_gem_only_no_candidate,gem_only,1,0,4,2,4.169239421,-0.2960112588,-0.051975499,-0.1769950288,-0.01780456582,4.465560469,1,1,0.1030656053,0.1093623349,0.00870912611,0.00870912611,-0.01815629948,0.02271111364,-3.545022104,2.77840933,0.6176763787,-0.3036320495,2,0,576,0,0,0,0,0,0,0,0,0,-1,-999,-1,,,-1,0
315,687369,229122,11474,15,5,gep5_replayed_5711_stream0_2_seg5_5_firstevent0_nevent100000.root,overlap,5_overlap_standard,overlap;boundary_best_z,1,0,4,3,5.683518028,-0.3157030823,0.1348007095,-0.1729508792,0.04154279984,-1.720066434,1,1,0.08256270483,0.09295822785,0.02373631061,0.02373631061,-0.05951251999,0.06261878013,11.85687105,2.29272589,0.9123709254,0.2184589896,2,1,568,4,0,4,4,4,0,0,96,96,3,0,23,0.0725,1.610818402,1,1
316,691047,230348,12700,15,5,gep5_replayed_5711_stream0_2_seg5_5_firstevent0_nevent100000.root,gem_only,7_gem_only_no_candidate,gem_only,1,0,4,3,4.435218603,-0.2070561997,0.1000589431,-0.1515211257,0.03531802495,-6.714273373,1,1,-0.08991541988,-0.07032666621,0.003952923441,0.003952923441,0.005872461501,0.1041750026,1.598277725,2.510700451,0.6233780222,0.3964956205,2,0,595,0,0,0,0,0,0,0,0,0,-1,-999,-1,,,-1,0
317,691416,230471,12823,15,5,gep5_replayed_5711_stream0_2_seg5_5_firstevent0_nevent100000.root,gem_only,7_gem_only_no_candidate,gem_only,1,0,4,2,9.413036404,0.3352173243,-0.1485946594,-0.0127851769,-0.03786555169,6.41977482,1,1,-0.02297253216,-0.02229938877,0.01390069542,0.01390069542,-0.03359268418,-0.006592614768,18.87424361,2.484822766,-0.6735942032,-0.4950652678,2,0,571,0,0,0,0,0,0,0,0,0,-1,-999,-1,,,-1,0
318,692343,230780,13132,15,5,gep5_replayed_5711_stream0_2_seg5_5_firstevent0_nevent100000.root,gem_only,7_gem_only_no_candidate,gem_only,1,0,6,4,23.30998731,0.2390186448,-0.1513232834,-0.0430676635,-0.0315773188,14.61517757,1,1,-0.09059587772,-0.08173554575,-0.02707039023,0.02707039023,0.06328801437,0.04067056386,-19.62009015,4.324832263,-0.4360373229,-0.3035948333,2,0,565,0,0,0,0,0,0,0,0,0,-1,-999,-1,,,-1,0
319,693477,231158,13510,15,5,gep5_replayed_5711_stream0_2_seg5_5_firstevent0_nevent100000.root,overlap,3_overlap_seam,overlap;seam;boundary_best_z,1,0,4,2,3.797921131,0.4184374041,0.06128499777,0.02132672328,0.03851188545,3.514513118,1,1,0.126578259,0.08508647833,0.03888156302,0.03888156302,-0.06223167454,-0.1922381255,6.981235578,1.719956314,-1.121090611,-0.01266253968,2,1,528,5,0,5,5,1,4,0,120,120,2,0,0,-0.2725,0.9530405118,1,1
320,694815,231604,13956,15,5,gep5_replayed_5711_stream0_2_seg5_5_firstevent0_nevent100000.root,gem_only,7_gem_only_no_candidate,gem_only,1,0,4,3,4.511436475,0.2430750626,-0.001447835342,-0.02853096965,0.01671715213,9.151896628,1,1,0.04194628389,0.01173787237,0.002976744561,0.002976744561,0.0120321432,-0.1172342439,-15.39178952,2.719017955,-0.5668255279,0.02487525691,2,0,575,0,0,0,0,0,0,0,0,0,-1,-999,-1,,,-1,0
321,698742,232913,15265,15,5,gep5_replayed_5711_stream0_2_seg5_5_firstevent0_nevent100000.root,gem_only,7_gem_only_no_candidate,gem_only,1,0,4,2,6.876676394,0.2355035682,0.100582986,-0.02556746335,0.01423660626,-12.6642176,1,1,0.001705652531,0.01453912589,0.02308079226,0.02308079226,-0.07447552593,0.0372774928,-14.08689658,3.467269674,-0.6510084892,-0.0004176402078,2,0,593,0,0,0,0,0,0,0,0,0,-1,-999,-1,,,-1,0
322,703539,234512,16864,15,5,gep5_replayed_5711_stream0_2_seg5_5_firstevent0_nevent100000.root,overlap,3_overlap_seam,overlap;seam;boundary_best_z,1,0,5,3,15.03961942,0.4694040322,0.00292577181,0.03227286102,0.02458536398,3.536249851,1,1,0.1047478232,0.1020954669,0.002923213462,0.002923213462,-0.005134720379,-0.01199713856,-5.457029702,2.129577002,-1.081710725,-0.03530526609,2,1,570,2,0,2,2,0,2,0,48,48,0,1,0,-0.2725,1.333252838,1,1
323,703701,234566,16918,15,5,gep5_replayed_5711_stream0_2_seg5_5_firstevent0_nevent100000.root,overlap,5_overlap_standard,overlap;boundary_best_z,1,0,4,2,6.424492927,0.2612737794,-0.1594211136,-0.03059881156,-0.03282231581,-1.785219933,1,1,0.05007057723,0.013163647,0.009215407101,0.009215407101,-0.003569016318,-0.1057459404,0.09070351759,3.991121091,-0.5121455347,-0.4571907757,2,1,640,2,0,2,2,2,0,0,48,48,1,0,23,0.0725,5.857763609,1,1
324,705195,235064,17416,15,5,gep5_replayed_5711_stream0_2_seg5_5_firstevent0_nevent100000.root,gem_only,7_gem_only_no_candidate,gem_only,1,0,4,2,7.673005388,0.2965975036,0.005210846649,-0.01482837945,-0.01198089048,-0.1091327613,1,1,-0.02608578324,-0.02198031273,-0.02363379987,0.02363379987,0.05711504843,0.02677783795,-14.35958293,2.108266519,-0.5953409934,-0.2974919758,2,0,612,0,0,0,0,0,0,0,0,0,-1,-999,-1,,,-1,0
325,706743,235580,133,16,5,gep5_replayed_5711_stream0_2_seg5_5_firstevent0_nevent100000_1.root,gem_only,7_gem_only_no_candidate,gem_only,1,0,4,2,7.465555147,0.1421337994,0.009558871187,-0.05597474055,0.03281934459,-1.939834888,1,1,0.001615603156,-0.02220560822,0.01416761965,0.01416761965,-0.03302257223,-0.1177736055,12.62512882,5.541214172,-0.3894210078,0.3586143575,2,0,574,0,0,0,0,0,0,0,0,0,-1,-999,-1,,,-1,0
326,712965,237654,2207,16,5,gep5_replayed_5711_stream0_2_seg5_5_firstevent0_nevent100000_1.root,overlap,2_overlap_single,overlap;multi_track;single;boundary_best_z,2,0,4,3,3.258503146,0.3784479174,0.01959371467,0.003878548494,0.005430148269,-0.5731214606,2,1,-0.05923800956,-0.06434330422,0.01146989453,0.01146989453,-0.0245737073,-0.02754521396,0.5343428571,2.602805643,-0.8991489179,-0.2553050061,2,2,600,0,1,1,0,0,0,1,24,24,0,-1,23,0.0725,0.4464204882,1,1
327,719010,239669,4222,16,5,gep5_replayed_5711_stream0_2_seg5_5_firstevent0_nevent100000_1.root,gem_only,7_gem_only_no_candidate,gem_only,1,0,4,2,6.958554299,0.197686932,-0.1236631903,-0.04002599959,-0.03168458996,2.517689284,1,1,0.07637183889,0.1053285117,-0.001719468251,0.001719468251,-0.006495554902,0.08305575796,-8.475942857,4.097370524,-0.3795905693,-0.2370076793,2,0,567,0,0,0,0,0,0,0,0,0,-1,-999,-1,,,-1,0
328,719502,239833,4386,16,5,gep5_replayed_5711_stream0_2_seg5_5_firstevent0_nevent100000_1.root,gem_only,7_gem_only_no_candidate,gem_only,1,0,4,2,8.614960792,0.3944610425,-0.007164919972,0.007511130761,-0.009932814655,-0.7302976033,1,1,-0.06293267411,-0.06745498291,-0.02387110415,0.02387110415,0.0635176723,0.003451464575,10.17776276,2.867229692,-0.7888587776,-0.4050925996,2,0,604,0,0,0,0,0,0,0,0,0,-1,-999,-1,,,-1,0
329,719880,239959,4512,16,5,gep5_replayed_5711_stream0_2_seg5_5_firstevent0_nevent100000_1.root,gem_only,7_gem_only_no_candidate,gem_only,1,0,5,2,17.0025346,0.37397594,0.1637292353,0.01656305216,0.03692335671,-11.09612268,1,1,0.04546922762,0.05775922836,-0.01592045986,0.01592045986,0.03121294679,0.06334741116,13.07440475,4.042442781,-0.9532064693,0.08819388621,2,0,565,0,0,0,0,0,0,0,0,0,-1,-999,-1,,,-1,0
330,720102,240033,4586,16,5,gep5_replayed_5711_stream0_2_seg5_5_firstevent0_nevent100000_1.root,gem_only,7_gem_only_no_candidate,gem_only,1,0,4,3,4.241900929,0.1815137875,-0.03810085046,-0.0490587477,-0.004911265309,-7.771953716,1,1,-0.05074667331,-0.03577376268,-0.00732233684,0.00732233684,0.01263897458,0.05940298996,16.02936129,2.343958934,-0.4017208259,-0.02402351382,2,0,620,0,0,0,0,0,0,0,0,0,-1,-999,-1,,,-1,0
331,723621,241206,5759,16,5,gep5_replayed_5711_stream0_2_seg5_5_firstevent0_nevent100000_1.root,gem_only,7_gem_only_no_candidate,gem_only,1,0,4,2,9.136602947,0.1842957025,0.068881208,-0.04627097494,0.03327887711,8.091004631,1,1,-0.1005985947,-0.07428448078,-0.01058831285,0.01058831285,0.01393677631,0.1467186019,-16.83958889,2.232701148,-0.4872490231,0.4972701296,2,0,591,0,0,0,0,0,0,0,0,0,-1,-999,-1,,,-1,0
332,725124,241707,6260,16,5,gep5_replayed_5711_stream0_2_seg5_5_firstevent0_nevent100000_1.root,gem_only,7_gem_only_no_candidate,gem_only,1,0,4,2,8.762993897,0.3066414603,-0.06470874142,-0.0155030233,-0.002355348113,1.827769885,1,1,0.005379672098,0.001136779634,-0.005029173575,0.005029173575,0.01684875415,-0.01163190183,-10.08653966,4.202362884,-0.6522236612,-0.1294769705,2,0,573,0,0,0,0,0,0,0,0,0,-1,-999,-1,,,-1,0
333,734262,244753,9306,16,5,gep5_replayed_5711_stream0_2_seg5_5_firstevent0_nevent100000_1.root,gem_only,7_gem_only_no_candidate,gem_only,1,0,4,3,6.404508797,0.3166780356,0.04286836121,-0.003440957682,0.03051987583,7.825915488,1,1,0.0925311119,0.1010841957,0.01251021071,0.01251021071,-0.04642061939,0.02585222506,11.25729127,3.155972686,-0.8242395251,0.2569440838,2,0,597,0,0,0,0,0,0,0,0,0,-1,-999,-1,,,-1,0
334,734664,244887,9440,16,5,gep5_replayed_5711_stream0_2_seg5_5_firstevent0_nevent100000_1.root,gem_only,7_gem_only_no_candidate,gem_only,1,0,4,2,3.752186925,0.1660361676,-0.1124842112,-0.05024615162,-0.01268896011,1.628674694,1,1,0.04435307837,0.05948362531,-0.002888468178,0.002888468178,0.002392705767,0.05164889992,20.62954815,1.695236586,-0.3347584953,-0.02898397473,2,0,545,0,0,0,0,0,0,0,0,0,-1,-999,-1,,,-1,0
335,734817,244938,9491,16,5,gep5_replayed_5711_stream0_2_seg5_5_firstevent0_nevent100000_1.root,gem_only,7_gem_only_no_candidate,gem_only,1,0,4,2,5.55981131,0.1813822494,-0.03345050635,-0.04181713589,-0.0208917717,0.1871713961,1,1,0.05578165041,0.09062176663,0.005440146174,0.005440146174,-0.02805489913,0.1050528699,12.03516415,2.958646451,-0.3922629445,-0.1756607551,2,0,551,0,0,0,0,0,0,0,0,0,-1,-999,-1,,,-1,0
336,738135,246044,10597,16,5,gep5_replayed_5711_stream0_2_seg5_5_firstevent0_nevent100000_1.root,gem_only,7_gem_only_no_candidate,gem_only,1,0,4,2,3.457573822,0.2551585355,0.1585095811,-0.01915996604,0.03631697981,16.81970456,1,1,0.007659940862,-0.002981705802,0.01648733091,0.01648733091,-0.03875577258,-0.05731353119,23.58390714,2.536361511,-0.7346905941,0.1313330295,2,0,618,0,0,0,0,0,0,0,0,0,-1,-999,-1,,,-1,0
337,739002,246333,10886,16,5,gep5_replayed_5711_stream0_2_seg5_5_firstevent0_nevent100000_1.root,overlap,5_overlap_standard,overlap;boundary_best_z,1,0,5,2,16.63727233,0.552570401,0.02005042735,0.05636817435,0.01426815915,-8.073657296,1,1,0.1087680372,0.08502429529,0.02665387978,0.02665387978,-0.03810012928,-0.09705693858,23.06704058,3.070962547,-1.218263115,-0.4446635232,2,1,590,8,0,8,8,8,0,0,192,192,0,0,0,-0.2725,0.05693487364,1,1
338,740844,246947,11500,16,5,gep5_replayed_5711_stream0_2_seg5_5_firstevent0_nevent100000_1.root,gem_only,7_gem_only_no_candidate,gem_only,1,0,4,2,2.192020791,-0.2484958585,0.003706315028,-0.1566602297,0.02181280341,2.158217296,1,1,0.04102220475,0.02415803137,0.02175561598,0.02175561598,-0.07754538022,-0.05512214803,13.43875647,0.8151721209,0.600287677,0.1343954374,2,0,552,0,0,0,0,0,0,0,0,0,-1,-999,-1,,,-1,0
339,743982,247993,12546,16,5,gep5_replayed_5711_stream0_2_seg5_5_firstevent0_nevent100000_1.root,gem_only,7_gem_only_no_candidate,gem_only,1,0,4,2,1.360343562,0.2918477651,0.1119511794,-0.008938864861,0.05331863073,-9.646068992,1,1,0.1086484436,0.08000993811,0.03943062368,0.03943062368,-0.09653691205,-0.1637819844,-0.9625475419,2.190965105,-0.9116566753,0.3921430295,2,0,580,0,0,0,0,0,0,0,0,0,-1,-999,-1,,,-1,0
340,745560,248519,13072,16,5,gep5_replayed_5711_stream0_2_seg5_5_firstevent0_nevent100000_1.root,overlap,5_overlap_standard,overlap;boundary_best_z,1,0,4,2,6.960090354,0.1262516957,0.05654296321,-0.06156325357,0.01368373641,-5.185992127,1,1,-0.07423995906,-0.05647725265,-0.008251073464,0.008251073464,0.01657482847,0.08134436122,-1.520153357,1.99941271,-0.2999170233,0.1734751667,2,1,569,4,0,4,4,4,0,0,96,96,1,0,23,0.0725,0.9193304028,1,1
341,745932,248643,13196,16,5,gep5_replayed_5711_stream0_2_seg5_5_firstevent0_nevent100000_1.root,gem_only,7_gem_only_no_candidate,gem_only,1,0,4,3,9.081758609,0.3028265237,0.004256085872,-0.005263362775,-0.01537655411,-6.141370644,1,1,0.08679784928,0.1105836361,0.03077202275,0.03077202275,-0.09427109451,0.0498719407,-6.242046154,4.047502801,-0.7165082254,-0.3028069705,2,0,560,0,0,0,0,0,0,0,0,0,-1,-999,-1,,,-1,0
342,746079,248692,13245,16,5,gep5_replayed_5711_stream0_2_seg5_5_firstevent0_nevent100000_1.root,overlap,5_overlap_standard,overlap;boundary_best_z,1,0,4,2,1.2409586,0.3999269793,0.02743473295,0.01171898555,0.03683860451,1.26918235,1,1,0.06822484982,0.04101309542,-0.007703683518,0.007703683518,0.05581430528,-0.1031252184,-0.2201212369,3.213485703,-0.9540470564,0.1313330295,2,1,605,2,0,2,2,2,0,0,48,48,1,0,23,0.0725,0.8390092395,1,1
343,748221,249406,13959,16,5,gep5_replayed_5711_stream0_2_seg5_5_firstevent0_nevent100000_1.root,gem_only,7_gem_only_no_candidate,gem_only,1,0,4,2,2.884942565,0.3701941961,-0.0699647496,0.005445333264,-0.02260821307,4.897849591,1,1,0.07544327308,0.04593695208,-0.01658997621,0.01658997621,0.06069841627,-0.06794244198,38.81165267,2.536660527,-0.6700655577,-0.4951277771,2,0,581,0,0,0,0,0,0,0,0,0,-1,-999,-1,,,-1,0
344,748884,249627,14180,16,5,gep5_replayed_5711_stream0_2_seg5_5_firstevent0_nevent100000_1.root,gem_only,7_gem_only_no_candidate,gem_only,1,0,4,3,9.255751093,0.2132113538,0.1666648596,-0.02607715737,0.03790269746,2.928230928,1,1,0.04300117745,0.07989445285,-0.01858339843,0.01858339843,0.03119058304,0.1811880983,13.82590207,1.145364236,-0.523984221,0.4380507101,2,0,570,0,0,0,0,0,0,0,0,0,-1,-999,-1,,,-1,0
345,755406,251801,16354,16,5,gep5_replayed_5711_stream0_2_seg5_5_firstevent0_nevent100000_1.root,overlap,5_overlap_standard,overlap;boundary_best_z,1,0,4,2,9.542484129,-0.2440760384,0.129732099,-0.1513718029,0.04741709043,-2.00970592,1,1,0.06929723276,0.06983023266,0.01951465036,0.01951465036,-0.06147958847,0.01593480717,0.0752481253,3.492317252,0.7639377575,0.3940317084,2,1,579,3,0,3,3,3,0,0,72,72,2,0,0,-0.2725,5.215421523,1,1
346,756858,252285,16838,16,5,gep5_replayed_5711_stream0_2_seg5_5_firstevent0_nevent100000_1.root,overlap,3_overlap_seam,overlap;seam;boundary_best_z,1,0,4,2,7.106952078,-0.04065591142,0.0197521212,-0.1019487987,0.002565666124,-4.307751265,1,1,0.09706739491,0.07652984172,0.005412693614,0.005412693614,-0.01802971352,-0.06920158092,16.43563118,2.510932392,0.1274928384,-0.0658333636,2,1,586,21,0,21,21,9,12,0,456,504,9,1,23,0.0725,0.5376227094,1,1
347,757116,252371,16924,16,5,gep5_replayed_5711_stream0_2_seg5_5_firstevent0_nevent100000_1.root,overlap,1_overlap_interior_best_z,overlap;seam,1,0,4,3,9.286426343,0.4585234594,0.1602657021,0.03227361287,0.03730475992,-2.13789643,1,1,-0.06569484703,-0.05270000811,-0.03360320164,0.03360320164,0.07334024283,0.08934624252,9.08173599,1.887356472,-1.129413056,-0.05372450957,2,1,564,4,0,4,4,2,2,0,48,96,0,0,13,-0.0775,0.01482524471,0,0
348,757422,252473,17026,16,5,gep5_replayed_5711_stream0_2_seg5_5_firstevent0_nevent100000_1.root,gem_only,6_gem_only_multi_track,gem_only;multi_track,2,0,4,2,6.633855486,0.3925794576,0.05924774439,0.01952799687,0.01279978847,0.9101677764,2,1,0.1049470214,0.09874466425,0.03320989626,0.03320989626,-0.08261871086,-0.04785149613,-8.259409457,2.718420741,-0.9760525073,-0.2224575082,2,0,597,0,0,0,0,0,0,0,0,0,-1,-999,-1,,,-1,0
349,762033,254010,764,17,5,gep5_replayed_5711_stream0_2_seg5_5_firstevent0_nevent100000_2.root,gem_only,7_gem_only_no_candidate,gem_only,1,0,4,2,8.331781684,0.151745023,0.0286586701,-0.05564831078,0.01320111125,3.096609178,1,1,-0.08575163414,-0.05916511529,-0.03524624266,0.03524624266,0.09185012314,0.1313552442,-8.172427642,2.510341382,-0.2864069175,0.2392096539,2,0,576,0,0,0,0,0,0,0,0,0,-1,-999,-1,,,-1,0
350,764022,254673,1427,17,5,gep5_replayed_5711_stream0_2_seg5_5_firstevent0_nevent100000_2.root,overlap,3_overlap_seam,overlap;seam;boundary_best_z,1,0,4,2,7.790199031,0.1847139065,0.06295155021,-0.04159959186,0.003016111615,1.122992155,1,1,-0.01780570717,0.008840657431,-0.02559716559,0.02559716559,0.0574349507,0.1105020972,9.328247741,3.358686147,-0.3744211153,0.01031199498,2,1,601,13,0,13,13,11,2,0,48,312,0,0,23,0.0725,0.3156064306,0,1
351,770997,256998,3752,17,5,gep5_replayed_5711_stream0_2_seg5_5_firstevent0_nevent100000_2.root,gem_only,7_gem_only_no_candidate,gem_only,1,0,4,3,9.181687455,0.2289419066,-0.06113551646,-0.03250885307,0.002307372984,2.193355877,1,1,0.03152265381,0.0484842152,-0.009651686391,0.009651686391,0.01794975139,0.06673815861,-22.12627113,2.890316277,-0.4818435378,0.0902039692,2,0,584,0,0,0,0,0,0,0,0,0,-1,-999,-1,,,-1,0
352,772056,257351,4105,17,5,gep5_replayed_5711_stream0_2_seg5_5_firstevent0_nevent100000_2.root,overlap,5_overlap_standard,overlap;boundary_best_z,1,0,4,4,1.109878377,-0.2410168163,0.136668138,-0.1526112778,0.04732222079,18.20294315,1,1,0.0621210763,0.03757002702,-0.02445366003,0.02445366003,0.04925775189,-0.1286466908,8.054913806,2.66503857,0.8570734184,0.2425312797,2,1,557,12,0,12,12,12,0,0,288,288,8,0,0,-0.2725,1.556741841,1,1
353,778368,259455,6209,17,5,gep5_replayed_5711_stream0_2_seg5_5_firstevent0_nevent100000_2.root,gem_only,7_gem_only_no_candidate,gem_only,1,0,4,2,4.361545818,-0.2529047962,0.09545255816,-0.1670298628,0.02324609506,-4.324742306,1,1,-0.07881716191,-0.04762408418,-0.01972536137,0.01972536137,0.08983474847,0.1295115377,-4.173858765,1.865969693,0.774958176,0.1870000947,2,0,591,0,0,0,0,0,0,0,0,0,-1,-999,-1,,,-1,0
354,778785,259594,6348,17,5,gep5_replayed_5711_stream0_2_seg5_5_firstevent0_nevent100000_2.root,gem_only,7_gem_only_no_candidate,gem_only,1,0,4,3,4.727757192,0.2068736448,-0.02020937214,-0.03481364738,0.01442767547,6.611570368,1,1,0.100063189,0.07973242568,-0.001110494969,0.001110494969,0.0137438668,-0.074538496,9.361567429,3.374876787,-0.450334046,0.09894667149,2,0,610,0,0,0,0,0,0,0,0,0,-1,-999,-1,,,-1,0
355,780018,260005,6759,17,5,gep5_replayed_5711_stream0_2_seg5_5_firstevent0_nevent100000_2.root,gem_only,7_gem_only_no_candidate,gem_only,1,0,5,2,10.6260628,-0.04899635861,0.189362338,-0.1080915662,0.04271999543,-1.74682139,1,1,-0.09836169339,-0.08133879549,-0.0007731375406,0.0007731375406,0.007646869424,0.09703141421,-24.67286272,0.6505546184,0.1942004761,0.4816361276,2,0,609,0,0,0,0,0,0,0,0,0,-1,-999,-1,,,-1,0
356,780324,260107,6861,17,5,gep5_replayed_5711_stream0_2_seg5_5_firstevent0_nevent100000_2.root,overlap,5_overlap_standard,overlap;boundary_best_z,1,0,4,2,4.795520043,0.3928880094,0.02303176815,0.008262672757,0.02284922408,-5.331660218,1,1,-0.05040238745,-0.02305543827,-0.01032487971,0.01032487971,-0.004269745768,0.1239802822,3.588633764,4.746286829,-0.9570723389,0.1313330295,2,1,573,7,0,7,7,7,0,0,168,168,0,0,0,-0.2725,0.8028785005,1,1
357,781332,260443,7197,17,5,gep5_replayed_5711_stream0_2_seg5_5_firstevent0_nevent100000_2.root,overlap,5_overlap_standard,overlap;boundary_best_z,1,0,4,2,7.45104457,0.2210754507,0.1059404751,-0.03372660571,0.04501235606,11.02675261,1,1,-0.0334675941,-0.04896142302,-0.002423517881,0.002423517881,0.02164036532,-0.07900673285,2.281910842,2.892936201,-0.604994523,0.3913551667,2,1,549,3,0,3,3,3,0,0,72,72,2,0,0,-0.2725,10.20532359,1,1
