requested_run,coda_run,timestamp,unix_time,db_validity_header,filename,status
3573,3573,"2025-05-09 10:09:25",1746799765,"-------[ 2025-05-09 10:09:25 ]","/cache/halla/sbs/GEp/raw/gep5_3573.evio.0.0",OK
3574,,,,,"/cache/halla/sbs/GEp/raw/gep5_3574.evio.0.0",MISSING
3575,3575,"2025-05-09 10:24:52",1746800692,"-------[ 2025-05-09 10:24:52 ]","/cache/halla/sbs/GEp/raw/gep5_3575.evio.0.0",OK
3576,,,,,"/cache/halla/sbs/GEp/raw/gep5_3576.evio.0.0",MISSING
3577,,,,,"/cache/halla/sbs/GEp/raw/gep5_3577.evio.0.0",MISSING
3578,,,,,"/cache/halla/sbs/GEp/raw/gep5_3578.evio.0.0",MISSING
3579,,,,,"/cache/halla/sbs/GEp/raw/gep5_3579.evio.0.0",MISSING
3580,,,,,"/cache/halla/sbs/GEp/raw/gep5_3580.evio.0.0",MISSING
3581,,,,,"/cache/halla/sbs/GEp/raw/gep5_3581.evio.0.0",MISSING
3582,,,,,"/cache/halla/sbs/GEp/raw/gep5_3582.evio.0.0",MISSING
3583,,,,,"/cache/halla/sbs/GEp/raw/gep5_3583.evio.0.0",MISSING
3584,3584,"2025-05-09 16:07:18",1746821238,"-------[ 2025-05-09 16:07:18 ]","/cache/halla/sbs/GEp/raw/gep5_3584.evio.0.0",OK
3585,,,,,"/cache/halla/sbs/GEp/raw/gep5_3585.evio.0.0",MISSING
3586,,,,,"/cache/halla/sbs/GEp/raw/gep5_3586.evio.0.0",MISSING
3587,,,,,"/cache/halla/sbs/GEp/raw/gep5_3587.evio.0.0",MISSING
3588,,,,,"/cache/halla/sbs/GEp/raw/gep5_3588.evio.0.0",MISSING
3589,,,,,"/cache/halla/sbs/GEp/raw/gep5_3589.evio.0.0",MISSING
3590,,,,,"/cache/halla/sbs/GEp/raw/gep5_3590.evio.0.0",MISSING
3591,,,,,"/cache/halla/sbs/GEp/raw/gep5_3591.evio.0.0",MISSING
3592,,,,,"/cache/halla/sbs/GEp/raw/gep5_3592.evio.0.0",MISSING
3593,,,,,"/cache/halla/sbs/GEp/raw/gep5_3593.evio.0.0",MISSING
3594,,,,,"/cache/halla/sbs/GEp/raw/gep5_3594.evio.0.0",MISSING
3595,,,,,"/cache/halla/sbs/GEp/raw/gep5_3595.evio.0.0",MISSING
3596,,,,,"/cache/halla/sbs/GEp/raw/gep5_3596.evio.0.0",MISSING
3597,,,,,"/cache/halla/sbs/GEp/raw/gep5_3597.evio.0.0",MISSING
3598,,,,,"/cache/halla/sbs/GEp/raw/gep5_3598.evio.0.0",MISSING
3599,,,,,"/cache/halla/sbs/GEp/raw/gep5_3599.evio.0.0",MISSING
3600,,,,,"/cache/halla/sbs/GEp/raw/gep5_3600.evio.0.0",MISSING
3601,,,,,"/cache/halla/sbs/GEp/raw/gep5_3601.evio.0.0",MISSING
3602,3602,"2025-05-10 02:02:13",1746856933,"-------[ 2025-05-10 02:02:13 ]","/cache/halla/sbs/GEp/raw/gep5_3602.evio.0.0",OK
3603,3603,"2025-05-10 07:35:36",1746876936,"-------[ 2025-05-10 07:35:36 ]","/cache/halla/sbs/GEp/raw/gep5_3603.evio.0.0",OK
3604,3604,"2025-05-10 07:54:09",1746878049,"-------[ 2025-05-10 07:54:09 ]","/cache/halla/sbs/GEp/raw/gep5_3604.evio.0.0",OK
3605,3605,"2025-05-10 08:34:27",1746880467,"-------[ 2025-05-10 08:34:27 ]","/cache/halla/sbs/GEp/raw/gep5_3605.evio.0.0",OK
3606,,,,,"/cache/halla/sbs/GEp/raw/gep5_3606.evio.0.0",MISSING
3607,,,,,"/cache/halla/sbs/GEp/raw/gep5_3607.evio.0.0",MISSING
3608,,,,,"/cache/halla/sbs/GEp/raw/gep5_3608.evio.0.0",MISSING
3609,,,,,"/cache/halla/sbs/GEp/raw/gep5_3609.evio.0.0",MISSING
3610,,,,,"/cache/halla/sbs/GEp/raw/gep5_3610.evio.0.0",MISSING
3611,,,,,"/cache/halla/sbs/GEp/raw/gep5_3611.evio.0.0",MISSING
3612,,,,,"/cache/halla/sbs/GEp/raw/gep5_3612.evio.0.0",MISSING
3613,,,,,"/cache/halla/sbs/GEp/raw/gep5_3613.evio.0.0",MISSING
3614,,,,,"/cache/halla/sbs/GEp/raw/gep5_3614.evio.0.0",MISSING
3615,,,,,"/cache/halla/sbs/GEp/raw/gep5_3615.evio.0.0",MISSING
3616,,,,,"/cache/halla/sbs/GEp/raw/gep5_3616.evio.0.0",MISSING
3617,,,,,"/cache/halla/sbs/GEp/raw/gep5_3617.evio.0.0",MISSING
3618,,,,,"/cache/halla/sbs/GEp/raw/gep5_3618.evio.0.0",MISSING
3619,,,,,"/cache/halla/sbs/GEp/raw/gep5_3619.evio.0.0",MISSING
3620,,,,,"/cache/halla/sbs/GEp/raw/gep5_3620.evio.0.0",MISSING
3621,3621,"2025-05-12 02:48:55",1747032535,"-------[ 2025-05-12 02:48:55 ]","/cache/halla/sbs/GEp/raw/gep5_3621.evio.0.0",OK
3622,3622,"2025-05-12 02:52:54",1747032774,"-------[ 2025-05-12 02:52:54 ]","/cache/halla/sbs/GEp/raw/gep5_3622.evio.0.0",OK
3623,3623,"2025-05-12 02:57:14",1747033034,"-------[ 2025-05-12 02:57:14 ]","/cache/halla/sbs/GEp/raw/gep5_3623.evio.0.0",OK
3624,3624,"2025-05-12 03:17:35",1747034255,"-------[ 2025-05-12 03:17:35 ]","/cache/halla/sbs/GEp/raw/gep5_3624.evio.0.0",OK
3625,3625,"2025-05-12 03:39:20",1747035560,"-------[ 2025-05-12 03:39:20 ]","/cache/halla/sbs/GEp/raw/gep5_3625.evio.0.0",OK
3626,3626,"2025-05-12 03:41:08",1747035668,"-------[ 2025-05-12 03:41:08 ]","/cache/halla/sbs/GEp/raw/gep5_3626.evio.0.0",OK
3627,3627,"2025-05-12 03:53:52",1747036432,"-------[ 2025-05-12 03:53:52 ]","/cache/halla/sbs/GEp/raw/gep5_3627.evio.0.0",OK
3628,3628,"2025-05-12 04:23:34",1747038214,"-------[ 2025-05-12 04:23:34 ]","/cache/halla/sbs/GEp/raw/gep5_3628.evio.0.0",OK
3629,3629,"2025-05-12 04:39:25",1747039165,"-------[ 2025-05-12 04:39:25 ]","/cache/halla/sbs/GEp/raw/gep5_3629.evio.0.0",OK
3630,3630,"2025-05-12 04:46:50",1747039610,"-------[ 2025-05-12 04:46:50 ]","/cache/halla/sbs/GEp/raw/gep5_3630.evio.0.0",OK
3631,3631,"2025-05-12 05:03:44",1747040624,"-------[ 2025-05-12 05:03:44 ]","/cache/halla/sbs/GEp/raw/gep5_3631.evio.0.0",OK
3632,3632,"2025-05-12 05:08:20",1747040900,"-------[ 2025-05-12 05:08:20 ]","/cache/halla/sbs/GEp/raw/gep5_3632.evio.0.0",OK
3633,3633,"2025-05-12 05:13:18",1747041198,"-------[ 2025-05-12 05:13:18 ]","/cache/halla/sbs/GEp/raw/gep5_3633.evio.0.0",OK
3634,3634,"2025-05-12 05:24:23",1747041863,"-------[ 2025-05-12 05:24:23 ]","/cache/halla/sbs/GEp/raw/gep5_3634.evio.0.0",OK
3635,3635,"2025-05-12 05:30:21",1747042221,"-------[ 2025-05-12 05:30:21 ]","/cache/halla/sbs/GEp/raw/gep5_3635.evio.0.0",OK
3636,,,,,"/cache/halla/sbs/GEp/raw/gep5_3636.evio.0.0",INIT_FAILED
3637,3637,"2025-05-12 05:50:06",1747043406,"-------[ 2025-05-12 05:50:06 ]","/cache/halla/sbs/GEp/raw/gep5_3637.evio.0.0",OK
3638,,,,,"/cache/halla/sbs/GEp/raw/gep5_3638.evio.0.0",INIT_FAILED
3639,3639,"2025-05-12 06:51:12",1747047072,"-------[ 2025-05-12 06:51:12 ]","/cache/halla/sbs/GEp/raw/gep5_3639.evio.0.0",OK
3640,3640,"2025-05-12 07:17:19",1747048639,"-------[ 2025-05-12 07:17:19 ]","/cache/halla/sbs/GEp/raw/gep5_3640.evio.0.0",OK
3641,3641,"2025-05-12 08:13:48",1747052028,"-------[ 2025-05-12 08:13:48 ]","/cache/halla/sbs/GEp/raw/gep5_3641.evio.0.0",OK
3642,3642,"2025-05-12 08:50:32",1747054232,"-------[ 2025-05-12 08:50:32 ]","/cache/halla/sbs/GEp/raw/gep5_3642.evio.0.0",OK
3643,3643,"2025-05-12 09:02:46",1747054966,"-------[ 2025-05-12 09:02:46 ]","/cache/halla/sbs/GEp/raw/gep5_3643.evio.0.0",OK
3644,3644,"2025-05-12 11:01:50",1747062110,"-------[ 2025-05-12 11:01:50 ]","/cache/halla/sbs/GEp/raw/gep5_3644.evio.0.0",OK
3645,3645,"2025-05-12 11:22:45",1747063365,"-------[ 2025-05-12 11:22:45 ]","/cache/halla/sbs/GEp/raw/gep5_3645.evio.0.0",OK
3646,3646,"2025-05-12 11:35:16",1747064116,"-------[ 2025-05-12 11:35:16 ]","/cache/halla/sbs/GEp/raw/gep5_3646.evio.0.0",OK
3647,3647,"2025-05-12 11:57:16",1747065436,"-------[ 2025-05-12 11:57:16 ]","/cache/halla/sbs/GEp/raw/gep5_3647.evio.0.0",OK
3648,3648,"2025-05-12 19:21:44",1747092104,"-------[ 2025-05-12 19:21:44 ]","/cache/halla/sbs/GEp/raw/gep5_3648.evio.0.0",OK
3649,3649,"2025-05-12 19:36:10",1747092970,"-------[ 2025-05-12 19:36:10 ]","/cache/halla/sbs/GEp/raw/gep5_3649.evio.0.0",OK
3650,3650,"2025-05-12 20:18:29",1747095509,"-------[ 2025-05-12 20:18:29 ]","/cache/halla/sbs/GEp/raw/gep5_3650.evio.0.0",OK
3651,,,,,"/cache/halla/sbs/GEp/raw/gep5_3651.evio.0.0",INIT_FAILED
3652,3652,"2025-05-12 20:46:16",1747097176,"-------[ 2025-05-12 20:46:16 ]","/cache/halla/sbs/GEp/raw/gep5_3652.evio.0.0",OK
3653,,,,,"/cache/halla/sbs/GEp/raw/gep5_3653.evio.0.0",INIT_FAILED
3654,3654,"2025-05-12 21:02:00",1747098120,"-------[ 2025-05-12 21:02:00 ]","/cache/halla/sbs/GEp/raw/gep5_3654.evio.0.0",OK
3655,3655,"2025-05-12 22:47:08",1747104428,"-------[ 2025-05-12 22:47:08 ]","/cache/halla/sbs/GEp/raw/gep5_3655.evio.0.0",OK
3656,3656,"2025-05-12 23:08:32",1747105712,"-------[ 2025-05-12 23:08:32 ]","/cache/halla/sbs/GEp/raw/gep5_3656.evio.0.0",OK
3657,3657,"2025-05-12 23:15:25",1747106125,"-------[ 2025-05-12 23:15:25 ]","/cache/halla/sbs/GEp/raw/gep5_3657.evio.0.0",OK
3658,3658,"2025-05-12 23:31:52",1747107112,"-------[ 2025-05-12 23:31:52 ]","/cache/halla/sbs/GEp/raw/gep5_3658.evio.0.0",OK
3659,3659,"2025-05-12 23:56:14",1747108574,"-------[ 2025-05-12 23:56:14 ]","/cache/halla/sbs/GEp/raw/gep5_3659.evio.0.0",OK
3660,,,,,"/cache/halla/sbs/GEp/raw/gep5_3660.evio.0.0",INIT_FAILED
3661,3661,"2025-05-13 00:34:15",1747110855,"-------[ 2025-05-13 00:34:15 ]","/cache/halla/sbs/GEp/raw/gep5_3661.evio.0.0",OK
3662,3662,"2025-05-13 01:02:39",1747112559,"-------[ 2025-05-13 01:02:39 ]","/cache/halla/sbs/GEp/raw/gep5_3662.evio.0.0",OK
3663,,,,,"/cache/halla/sbs/GEp/raw/gep5_3663.evio.0.0",INIT_FAILED
3664,3664,"2025-05-13 01:34:25",1747114465,"-------[ 2025-05-13 01:34:25 ]","/cache/halla/sbs/GEp/raw/gep5_3664.evio.0.0",OK
3665,3665,"2025-05-13 02:05:06",1747116306,"-------[ 2025-05-13 02:05:06 ]","/cache/halla/sbs/GEp/raw/gep5_3665.evio.0.0",OK
3666,,,,,"/cache/halla/sbs/GEp/raw/gep5_3666.evio.0.0",INIT_FAILED
3667,3667,"2025-05-13 02:39:32",1747118372,"-------[ 2025-05-13 02:39:32 ]","/cache/halla/sbs/GEp/raw/gep5_3667.evio.0.0",OK
3668,,,,,"/cache/halla/sbs/GEp/raw/gep5_3668.evio.0.0",INIT_FAILED
3669,3669,"2025-05-13 03:03:14",1747119794,"-------[ 2025-05-13 03:03:14 ]","/cache/halla/sbs/GEp/raw/gep5_3669.evio.0.0",OK
3670,3670,"2025-05-13 03:09:39",1747120179,"-------[ 2025-05-13 03:09:39 ]","/cache/halla/sbs/GEp/raw/gep5_3670.evio.0.0",OK
3671,3671,"2025-05-13 03:18:34",1747120714,"-------[ 2025-05-13 03:18:34 ]","/cache/halla/sbs/GEp/raw/gep5_3671.evio.0.0",OK
3672,3672,"2025-05-13 03:36:03",1747121763,"-------[ 2025-05-13 03:36:03 ]","/cache/halla/sbs/GEp/raw/gep5_3672.evio.0.0",OK
3673,,,,,"/cache/halla/sbs/GEp/raw/gep5_3673.evio.0.0",INIT_FAILED
3674,3674,"2025-05-13 06:34:32",1747132472,"-------[ 2025-05-13 06:34:32 ]","/cache/halla/sbs/GEp/raw/gep5_3674.evio.0.0",OK
3675,3675,"2025-05-13 07:50:26",1747137026,"-------[ 2025-05-13 07:50:26 ]","/cache/halla/sbs/GEp/raw/gep5_3675.evio.0.0",OK
3676,3676,"2025-05-13 08:43:48",1747140228,"-------[ 2025-05-13 08:43:48 ]","/cache/halla/sbs/GEp/raw/gep5_3676.evio.0.0",OK
3677,3677,"2025-05-13 09:25:27",1747142727,"-------[ 2025-05-13 09:25:27 ]","/cache/halla/sbs/GEp/raw/gep5_3677.evio.0.0",OK
3678,,,,,"/cache/halla/sbs/GEp/raw/gep5_3678.evio.0.0",INIT_FAILED
3679,3679,"2025-05-13 09:43:33",1747143813,"-------[ 2025-05-13 09:43:33 ]","/cache/halla/sbs/GEp/raw/gep5_3679.evio.0.0",OK
3680,3680,"2025-05-13 09:53:33",1747144413,"-------[ 2025-05-13 09:53:33 ]","/cache/halla/sbs/GEp/raw/gep5_3680.evio.0.0",OK
3681,3681,"2025-05-13 23:15:42",1747192542,"-------[ 2025-05-13 23:15:42 ]","/cache/halla/sbs/GEp/raw/gep5_3681.evio.0.0",OK
3682,3682,"2025-05-13 23:38:29",1747193909,"-------[ 2025-05-13 23:38:29 ]","/cache/halla/sbs/GEp/raw/gep5_3682.evio.0.0",OK
3683,3683,"2025-05-13 23:45:20",1747194320,"-------[ 2025-05-13 23:45:20 ]","/cache/halla/sbs/GEp/raw/gep5_3683.evio.0.0",OK
3684,,,,,"/cache/halla/sbs/GEp/raw/gep5_3684.evio.0.0",INIT_FAILED
3685,3685,"2025-05-13 23:55:02",1747194902,"-------[ 2025-05-13 23:55:02 ]","/cache/halla/sbs/GEp/raw/gep5_3685.evio.0.0",OK
3686,3686,"2025-05-13 23:58:42",1747195122,"-------[ 2025-05-13 23:58:42 ]","/cache/halla/sbs/GEp/raw/gep5_3686.evio.0.0",OK
3687,3687,"2025-05-14 00:39:09",1747197549,"-------[ 2025-05-14 00:39:09 ]","/cache/halla/sbs/GEp/raw/gep5_3687.evio.0.0",OK
3688,3688,"2025-05-14 01:54:02",1747202042,"-------[ 2025-05-14 01:54:02 ]","/cache/halla/sbs/GEp/raw/gep5_3688.evio.0.0",OK
3689,3689,"2025-05-14 03:37:07",1747208227,"-------[ 2025-05-14 03:37:07 ]","/cache/halla/sbs/GEp/raw/gep5_3689.evio.0.0",OK
3690,,,,,"/cache/halla/sbs/GEp/raw/gep5_3690.evio.0.0",INIT_FAILED
3691,3691,"2025-05-14 03:57:44",1747209464,"-------[ 2025-05-14 03:57:44 ]","/cache/halla/sbs/GEp/raw/gep5_3691.evio.0.0",OK
3692,3692,"2025-05-14 06:35:46",1747218946,"-------[ 2025-05-14 06:35:46 ]","/cache/halla/sbs/GEp/raw/gep5_3692.evio.0.0",OK
3693,3693,"2025-05-14 06:40:12",1747219212,"-------[ 2025-05-14 06:40:12 ]","/cache/halla/sbs/GEp/raw/gep5_3693.evio.0.0",OK
3694,3694,"2025-05-14 06:49:08",1747219748,"-------[ 2025-05-14 06:49:08 ]","/cache/halla/sbs/GEp/raw/gep5_3694.evio.0.0",OK
3695,,,,,"/cache/halla/sbs/GEp/raw/gep5_3695.evio.0.0",MISSING
3696,,,,,"/cache/halla/sbs/GEp/raw/gep5_3696.evio.0.0",MISSING
3697,,,,,"/cache/halla/sbs/GEp/raw/gep5_3697.evio.0.0",MISSING
3698,,,,,"/cache/halla/sbs/GEp/raw/gep5_3698.evio.0.0",MISSING
3699,,,,,"/cache/halla/sbs/GEp/raw/gep5_3699.evio.0.0",MISSING
3700,,,,,"/cache/halla/sbs/GEp/raw/gep5_3700.evio.0.0",MISSING
3701,,,,,"/cache/halla/sbs/GEp/raw/gep5_3701.evio.0.0",MISSING
3702,,,,,"/cache/halla/sbs/GEp/raw/gep5_3702.evio.0.0",MISSING
3703,,,,,"/cache/halla/sbs/GEp/raw/gep5_3703.evio.0.0",MISSING
3704,,,,,"/cache/halla/sbs/GEp/raw/gep5_3704.evio.0.0",MISSING
3705,,,,,"/cache/halla/sbs/GEp/raw/gep5_3705.evio.0.0",MISSING
3706,,,,,"/cache/halla/sbs/GEp/raw/gep5_3706.evio.0.0",MISSING
3707,,,,,"/cache/halla/sbs/GEp/raw/gep5_3707.evio.0.0",MISSING
3708,,,,,"/cache/halla/sbs/GEp/raw/gep5_3708.evio.0.0",MISSING
3709,,,,,"/cache/halla/sbs/GEp/raw/gep5_3709.evio.0.0",MISSING
3710,,,,,"/cache/halla/sbs/GEp/raw/gep5_3710.evio.0.0",MISSING
3711,,,,,"/cache/halla/sbs/GEp/raw/gep5_3711.evio.0.0",MISSING
3712,,,,,"/cache/halla/sbs/GEp/raw/gep5_3712.evio.0.0",MISSING
3713,,,,,"/cache/halla/sbs/GEp/raw/gep5_3713.evio.0.0",MISSING
3714,,,,,"/cache/halla/sbs/GEp/raw/gep5_3714.evio.0.0",MISSING
3715,,,,,"/cache/halla/sbs/GEp/raw/gep5_3715.evio.0.0",MISSING
3716,,,,,"/cache/halla/sbs/GEp/raw/gep5_3716.evio.0.0",MISSING
3717,,,,,"/cache/halla/sbs/GEp/raw/gep5_3717.evio.0.0",MISSING
3718,,,,,"/cache/halla/sbs/GEp/raw/gep5_3718.evio.0.0",MISSING
3719,,,,,"/cache/halla/sbs/GEp/raw/gep5_3719.evio.0.0",MISSING
3720,,,,,"/cache/halla/sbs/GEp/raw/gep5_3720.evio.0.0",MISSING
3721,,,,,"/cache/halla/sbs/GEp/raw/gep5_3721.evio.0.0",MISSING
3722,,,,,"/cache/halla/sbs/GEp/raw/gep5_3722.evio.0.0",MISSING
3723,,,,,"/cache/halla/sbs/GEp/raw/gep5_3723.evio.0.0",MISSING
3724,,,,,"/cache/halla/sbs/GEp/raw/gep5_3724.evio.0.0",MISSING
3725,,,,,"/cache/halla/sbs/GEp/raw/gep5_3725.evio.0.0",MISSING
3726,,,,,"/cache/halla/sbs/GEp/raw/gep5_3726.evio.0.0",MISSING
3727,,,,,"/cache/halla/sbs/GEp/raw/gep5_3727.evio.0.0",MISSING
3728,,,,,"/cache/halla/sbs/GEp/raw/gep5_3728.evio.0.0",MISSING
3729,,,,,"/cache/halla/sbs/GEp/raw/gep5_3729.evio.0.0",MISSING
3730,,,,,"/cache/halla/sbs/GEp/raw/gep5_3730.evio.0.0",MISSING
3731,,,,,"/cache/halla/sbs/GEp/raw/gep5_3731.evio.0.0",MISSING
3732,,,,,"/cache/halla/sbs/GEp/raw/gep5_3732.evio.0.0",MISSING
3733,,,,,"/cache/halla/sbs/GEp/raw/gep5_3733.evio.0.0",MISSING
3734,,,,,"/cache/halla/sbs/GEp/raw/gep5_3734.evio.0.0",MISSING
3735,,,,,"/cache/halla/sbs/GEp/raw/gep5_3735.evio.0.0",MISSING
3736,,,,,"/cache/halla/sbs/GEp/raw/gep5_3736.evio.0.0",MISSING
3737,,,,,"/cache/halla/sbs/GEp/raw/gep5_3737.evio.0.0",MISSING
3738,,,,,"/cache/halla/sbs/GEp/raw/gep5_3738.evio.0.0",MISSING
3739,,,,,"/cache/halla/sbs/GEp/raw/gep5_3739.evio.0.0",MISSING
3740,,,,,"/cache/halla/sbs/GEp/raw/gep5_3740.evio.0.0",MISSING
3741,,,,,"/cache/halla/sbs/GEp/raw/gep5_3741.evio.0.0",MISSING
3742,,,,,"/cache/halla/sbs/GEp/raw/gep5_3742.evio.0.0",MISSING
3743,,,,,"/cache/halla/sbs/GEp/raw/gep5_3743.evio.0.0",MISSING
3744,,,,,"/cache/halla/sbs/GEp/raw/gep5_3744.evio.0.0",MISSING
3745,,,,,"/cache/halla/sbs/GEp/raw/gep5_3745.evio.0.0",MISSING
3746,,,,,"/cache/halla/sbs/GEp/raw/gep5_3746.evio.0.0",MISSING
3747,,,,,"/cache/halla/sbs/GEp/raw/gep5_3747.evio.0.0",MISSING
3748,,,,,"/cache/halla/sbs/GEp/raw/gep5_3748.evio.0.0",MISSING
3749,,,,,"/cache/halla/sbs/GEp/raw/gep5_3749.evio.0.0",MISSING
3750,,,,,"/cache/halla/sbs/GEp/raw/gep5_3750.evio.0.0",MISSING
3751,,,,,"/cache/halla/sbs/GEp/raw/gep5_3751.evio.0.0",MISSING
3752,,,,,"/cache/halla/sbs/GEp/raw/gep5_3752.evio.0.0",MISSING
3753,,,,,"/cache/halla/sbs/GEp/raw/gep5_3753.evio.0.0",MISSING
3754,,,,,"/cache/halla/sbs/GEp/raw/gep5_3754.evio.0.0",MISSING
3755,3755,"2025-05-14 21:45:21",1747273521,"-------[ 2025-05-14 21:45:21 ]","/cache/halla/sbs/GEp/raw/gep5_3755.evio.0.0",OK
3756,,,,,"/cache/halla/sbs/GEp/raw/gep5_3756.evio.0.0",MISSING
3757,3757,"2025-05-15 05:35:30",1747301730,"-------[ 2025-05-15 05:35:30 ]","/cache/halla/sbs/GEp/raw/gep5_3757.evio.0.0",OK
3758,3758,"2025-05-15 05:46:19",1747302379,"-------[ 2025-05-15 05:46:19 ]","/cache/halla/sbs/GEp/raw/gep5_3758.evio.0.0",OK
3759,3759,"2025-05-15 06:01:42",1747303302,"-------[ 2025-05-15 06:01:42 ]","/cache/halla/sbs/GEp/raw/gep5_3759.evio.0.0",OK
3760,,,,,"/cache/halla/sbs/GEp/raw/gep5_3760.evio.0.0",MISSING
3761,,,,,"/cache/halla/sbs/GEp/raw/gep5_3761.evio.0.0",MISSING
3762,,,,,"/cache/halla/sbs/GEp/raw/gep5_3762.evio.0.0",MISSING
3763,,,,,"/cache/halla/sbs/GEp/raw/gep5_3763.evio.0.0",MISSING
3764,,,,,"/cache/halla/sbs/GEp/raw/gep5_3764.evio.0.0",MISSING
3765,,,,,"/cache/halla/sbs/GEp/raw/gep5_3765.evio.0.0",MISSING
3766,,,,,"/cache/halla/sbs/GEp/raw/gep5_3766.evio.0.0",MISSING
3767,,,,,"/cache/halla/sbs/GEp/raw/gep5_3767.evio.0.0",MISSING
3768,,,,,"/cache/halla/sbs/GEp/raw/gep5_3768.evio.0.0",MISSING
3769,,,,,"/cache/halla/sbs/GEp/raw/gep5_3769.evio.0.0",MISSING
3770,,,,,"/cache/halla/sbs/GEp/raw/gep5_3770.evio.0.0",MISSING
3771,,,,,"/cache/halla/sbs/GEp/raw/gep5_3771.evio.0.0",MISSING
3772,,,,,"/cache/halla/sbs/GEp/raw/gep5_3772.evio.0.0",MISSING
3773,,,,,"/cache/halla/sbs/GEp/raw/gep5_3773.evio.0.0",MISSING
3774,,,,,"/cache/halla/sbs/GEp/raw/gep5_3774.evio.0.0",MISSING
3775,,,,,"/cache/halla/sbs/GEp/raw/gep5_3775.evio.0.0",MISSING
3776,,,,,"/cache/halla/sbs/GEp/raw/gep5_3776.evio.0.0",MISSING
3777,,,,,"/cache/halla/sbs/GEp/raw/gep5_3777.evio.0.0",MISSING
3778,,,,,"/cache/halla/sbs/GEp/raw/gep5_3778.evio.0.0",MISSING
3779,,,,,"/cache/halla/sbs/GEp/raw/gep5_3779.evio.0.0",MISSING
3780,,,,,"/cache/halla/sbs/GEp/raw/gep5_3780.evio.0.0",MISSING
3781,,,,,"/cache/halla/sbs/GEp/raw/gep5_3781.evio.0.0",MISSING
3782,,,,,"/cache/halla/sbs/GEp/raw/gep5_3782.evio.0.0",MISSING
3783,,,,,"/cache/halla/sbs/GEp/raw/gep5_3783.evio.0.0",MISSING
3784,,,,,"/cache/halla/sbs/GEp/raw/gep5_3784.evio.0.0",MISSING
3785,,,,,"/cache/halla/sbs/GEp/raw/gep5_3785.evio.0.0",MISSING
3786,3786,"2025-05-17 01:09:35",1747458575,"-------[ 2025-05-17 01:09:35 ]","/cache/halla/sbs/GEp/raw/gep5_3786.evio.0.0",OK
3787,,,,,"/cache/halla/sbs/GEp/raw/gep5_3787.evio.0.0",MISSING
3788,3788,"2025-05-17 01:32:28",1747459948,"-------[ 2025-05-17 01:32:28 ]","/cache/halla/sbs/GEp/raw/gep5_3788.evio.0.0",OK
3789,3789,"2025-05-17 01:51:36",1747461096,"-------[ 2025-05-17 01:51:36 ]","/cache/halla/sbs/GEp/raw/gep5_3789.evio.0.0",OK
3790,,,,,"/cache/halla/sbs/GEp/raw/gep5_3790.evio.0.0",MISSING
3791,,,,,"/cache/halla/sbs/GEp/raw/gep5_3791.evio.0.0",MISSING
3792,3792,"2025-05-17 03:23:45",1747466625,"-------[ 2025-05-17 03:23:45 ]","/cache/halla/sbs/GEp/raw/gep5_3792.evio.0.0",OK
3793,3793,"2025-05-17 04:38:31",1747471111,"-------[ 2025-05-17 04:38:31 ]","/cache/halla/sbs/GEp/raw/gep5_3793.evio.0.0",OK
3794,,,,,"/cache/halla/sbs/GEp/raw/gep5_3794.evio.0.0",MISSING
3795,,,,,"/cache/halla/sbs/GEp/raw/gep5_3795.evio.0.0",MISSING
3796,3796,"2025-05-17 06:59:57",1747479597,"-------[ 2025-05-17 06:59:57 ]","/cache/halla/sbs/GEp/raw/gep5_3796.evio.0.0",OK
3797,,,,,"/cache/halla/sbs/GEp/raw/gep5_3797.evio.0.0",MISSING
3798,,,,,"/cache/halla/sbs/GEp/raw/gep5_3798.evio.0.0",MISSING
3799,3799,"2025-05-17 09:12:42",1747487562,"-------[ 2025-05-17 09:12:42 ]","/cache/halla/sbs/GEp/raw/gep5_3799.evio.0.0",OK
3800,3800,"2025-05-17 10:21:55",1747491715,"-------[ 2025-05-17 10:21:55 ]","/cache/halla/sbs/GEp/raw/gep5_3800.evio.0.0",OK
3801,,,,,"/cache/halla/sbs/GEp/raw/gep5_3801.evio.0.0",MISSING
3802,,,,,"/cache/halla/sbs/GEp/raw/gep5_3802.evio.0.0",MISSING
3803,3803,"2025-05-17 12:43:21",1747500201,"-------[ 2025-05-17 12:43:21 ]","/cache/halla/sbs/GEp/raw/gep5_3803.evio.0.0",OK
3804,,,,,"/cache/halla/sbs/GEp/raw/gep5_3804.evio.0.0",MISSING
3805,3805,"2025-05-17 14:55:43",1747508143,"-------[ 2025-05-17 14:55:43 ]","/cache/halla/sbs/GEp/raw/gep5_3805.evio.0.0",OK
3806,,,,,"/cache/halla/sbs/GEp/raw/gep5_3806.evio.0.0",MISSING
3807,,,,,"/cache/halla/sbs/GEp/raw/gep5_3807.evio.0.0",MISSING
3808,,,,,"/cache/halla/sbs/GEp/raw/gep5_3808.evio.0.0",MISSING
3809,,,,,"/cache/halla/sbs/GEp/raw/gep5_3809.evio.0.0",MISSING
3810,,,,,"/cache/halla/sbs/GEp/raw/gep5_3810.evio.0.0",MISSING
3811,,,,,"/cache/halla/sbs/GEp/raw/gep5_3811.evio.0.0",MISSING
3812,,,,,"/cache/halla/sbs/GEp/raw/gep5_3812.evio.0.0",MISSING
3813,,,,,"/cache/halla/sbs/GEp/raw/gep5_3813.evio.0.0",MISSING
3814,,,,,"/cache/halla/sbs/GEp/raw/gep5_3814.evio.0.0",MISSING
3815,,,,,"/cache/halla/sbs/GEp/raw/gep5_3815.evio.0.0",MISSING
3816,3816,"2025-05-17 17:41:01",1747518061,"-------[ 2025-05-17 17:41:01 ]","/cache/halla/sbs/GEp/raw/gep5_3816.evio.0.0",OK
3817,,,,,"/cache/halla/sbs/GEp/raw/gep5_3817.evio.0.0",MISSING
3818,,,,,"/cache/halla/sbs/GEp/raw/gep5_3818.evio.0.0",MISSING
3819,3819,"2025-05-17 20:43:51",1747529031,"-------[ 2025-05-17 20:43:51 ]","/cache/halla/sbs/GEp/raw/gep5_3819.evio.0.0",OK
3820,,,,,"/cache/halla/sbs/GEp/raw/gep5_3820.evio.0.0",MISSING
3821,3821,"2025-05-17 23:30:12",1747539012,"-------[ 2025-05-17 23:30:12 ]","/cache/halla/sbs/GEp/raw/gep5_3821.evio.0.0",OK
3822,3822,"2025-05-17 23:59:52",1747540792,"-------[ 2025-05-17 23:59:52 ]","/cache/halla/sbs/GEp/raw/gep5_3822.evio.0.0",OK
3823,,,,,"/cache/halla/sbs/GEp/raw/gep5_3823.evio.0.0",MISSING
3824,,,,,"/cache/halla/sbs/GEp/raw/gep5_3824.evio.0.0",MISSING
3825,3825,"2025-05-18 02:20:39",1747549239,"-------[ 2025-05-18 02:20:39 ]","/cache/halla/sbs/GEp/raw/gep5_3825.evio.0.0",OK
3826,3826,"2025-05-18 03:11:24",1747552284,"-------[ 2025-05-18 03:11:24 ]","/cache/halla/sbs/GEp/raw/gep5_3826.evio.0.0",OK
3827,3827,"2025-05-18 05:16:16",1747559776,"-------[ 2025-05-18 05:16:16 ]","/cache/halla/sbs/GEp/raw/gep5_3827.evio.0.0",OK
3828,3828,"2025-05-18 05:42:12",1747561332,"-------[ 2025-05-18 05:42:12 ]","/cache/halla/sbs/GEp/raw/gep5_3828.evio.0.0",OK
3829,,,,,"/cache/halla/sbs/GEp/raw/gep5_3829.evio.0.0",MISSING
3830,,,,,"/cache/halla/sbs/GEp/raw/gep5_3830.evio.0.0",MISSING
3831,,,,,"/cache/halla/sbs/GEp/raw/gep5_3831.evio.0.0",MISSING
3832,3832,"2025-05-18 07:10:19",1747566619,"-------[ 2025-05-18 07:10:19 ]","/cache/halla/sbs/GEp/raw/gep5_3832.evio.0.0",OK
3833,3833,"2025-05-18 07:17:49",1747567069,"-------[ 2025-05-18 07:17:49 ]","/cache/halla/sbs/GEp/raw/gep5_3833.evio.0.0",OK
3834,3834,"2025-05-18 09:23:14",1747574594,"-------[ 2025-05-18 09:23:14 ]","/cache/halla/sbs/GEp/raw/gep5_3834.evio.0.0",OK
3835,,,,,"/cache/halla/sbs/GEp/raw/gep5_3835.evio.0.0",MISSING
3836,,,,,"/cache/halla/sbs/GEp/raw/gep5_3836.evio.0.0",MISSING
3837,,,,,"/cache/halla/sbs/GEp/raw/gep5_3837.evio.0.0",MISSING
3838,,,,,"/cache/halla/sbs/GEp/raw/gep5_3838.evio.0.0",MISSING
3839,,,,,"/cache/halla/sbs/GEp/raw/gep5_3839.evio.0.0",MISSING
3840,,,,,"/cache/halla/sbs/GEp/raw/gep5_3840.evio.0.0",MISSING
3841,,,,,"/cache/halla/sbs/GEp/raw/gep5_3841.evio.0.0",MISSING
3842,3842,"2025-05-18 13:08:29",1747588109,"-------[ 2025-05-18 13:08:29 ]","/cache/halla/sbs/GEp/raw/gep5_3842.evio.0.0",OK
3843,,,,,"/cache/halla/sbs/GEp/raw/gep5_3843.evio.0.0",MISSING
3844,3844,"2025-05-18 16:52:02",1747601522,"-------[ 2025-05-18 16:52:02 ]","/cache/halla/sbs/GEp/raw/gep5_3844.evio.0.0",OK
3845,3845,"2025-05-18 17:17:01",1747603021,"-------[ 2025-05-18 17:17:01 ]","/cache/halla/sbs/GEp/raw/gep5_3845.evio.0.0",OK
3846,3846,"2025-05-18 21:12:13",1747617133,"-------[ 2025-05-18 21:12:13 ]","/cache/halla/sbs/GEp/raw/gep5_3846.evio.0.0",OK
3847,3847,"2025-05-18 21:35:41",1747618541,"-------[ 2025-05-18 21:35:41 ]","/cache/halla/sbs/GEp/raw/gep5_3847.evio.0.0",OK
3848,3848,"2025-05-18 22:02:42",1747620162,"-------[ 2025-05-18 22:02:42 ]","/cache/halla/sbs/GEp/raw/gep5_3848.evio.0.0",OK
3849,3849,"2025-05-19 00:15:51",1747628151,"-------[ 2025-05-19 00:15:51 ]","/cache/halla/sbs/GEp/raw/gep5_3849.evio.0.0",OK
3850,,,,,"/cache/halla/sbs/GEp/raw/gep5_3850.evio.0.0",MISSING
3851,,,,,"/cache/halla/sbs/GEp/raw/gep5_3851.evio.0.0",MISSING
3852,,,,,"/cache/halla/sbs/GEp/raw/gep5_3852.evio.0.0",MISSING
3853,,,,,"/cache/halla/sbs/GEp/raw/gep5_3853.evio.0.0",MISSING
3854,,,,,"/cache/halla/sbs/GEp/raw/gep5_3854.evio.0.0",MISSING
3855,,,,,"/cache/halla/sbs/GEp/raw/gep5_3855.evio.0.0",MISSING
3856,,,,,"/cache/halla/sbs/GEp/raw/gep5_3856.evio.0.0",MISSING
3857,,,,,"/cache/halla/sbs/GEp/raw/gep5_3857.evio.0.0",MISSING
3858,,,,,"/cache/halla/sbs/GEp/raw/gep5_3858.evio.0.0",MISSING
3859,,,,,"/cache/halla/sbs/GEp/raw/gep5_3859.evio.0.0",MISSING
3860,,,,,"/cache/halla/sbs/GEp/raw/gep5_3860.evio.0.0",MISSING
3861,,,,,"/cache/halla/sbs/GEp/raw/gep5_3861.evio.0.0",MISSING
3862,,,,,"/cache/halla/sbs/GEp/raw/gep5_3862.evio.0.0",MISSING
3863,,,,,"/cache/halla/sbs/GEp/raw/gep5_3863.evio.0.0",MISSING
3864,3864,"2025-05-19 03:37:55",1747640275,"-------[ 2025-05-19 03:37:55 ]","/cache/halla/sbs/GEp/raw/gep5_3864.evio.0.0",OK
3865,,,,,"/cache/halla/sbs/GEp/raw/gep5_3865.evio.0.0",MISSING
3866,,,,,"/cache/halla/sbs/GEp/raw/gep5_3866.evio.0.0",MISSING
3867,,,,,"/cache/halla/sbs/GEp/raw/gep5_3867.evio.0.0",MISSING
3868,,,,,"/cache/halla/sbs/GEp/raw/gep5_3868.evio.0.0",MISSING
3869,,,,,"/cache/halla/sbs/GEp/raw/gep5_3869.evio.0.0",MISSING
3870,,,,,"/cache/halla/sbs/GEp/raw/gep5_3870.evio.0.0",MISSING
3871,,,,,"/cache/halla/sbs/GEp/raw/gep5_3871.evio.0.0",MISSING
3872,,,,,"/cache/halla/sbs/GEp/raw/gep5_3872.evio.0.0",MISSING
3873,3873,"2025-05-19 06:45:59",1747651559,"-------[ 2025-05-19 06:45:59 ]","/cache/halla/sbs/GEp/raw/gep5_3873.evio.0.0",OK
3874,3874,"2025-05-19 07:23:41",1747653821,"-------[ 2025-05-19 07:23:41 ]","/cache/halla/sbs/GEp/raw/gep5_3874.evio.0.0",OK
3875,3875,"2025-05-19 08:22:58",1747657378,"-------[ 2025-05-19 08:22:58 ]","/cache/halla/sbs/GEp/raw/gep5_3875.evio.0.0",OK
3876,3876,"2025-05-19 08:35:00",1747658100,"-------[ 2025-05-19 08:35:00 ]","/cache/halla/sbs/GEp/raw/gep5_3876.evio.0.0",OK
3877,,,,,"/cache/halla/sbs/GEp/raw/gep5_3877.evio.0.0",MISSING
3878,,,,,"/cache/halla/sbs/GEp/raw/gep5_3878.evio.0.0",MISSING
3879,3879,"2025-05-19 13:39:36",1747676376,"-------[ 2025-05-19 13:39:36 ]","/cache/halla/sbs/GEp/raw/gep5_3879.evio.0.0",OK
3880,,,,,"/cache/halla/sbs/GEp/raw/gep5_3880.evio.0.0",MISSING
3881,,,,,"/cache/halla/sbs/GEp/raw/gep5_3881.evio.0.0",MISSING
3882,,,,,"/cache/halla/sbs/GEp/raw/gep5_3882.evio.0.0",MISSING
3883,,,,,"/cache/halla/sbs/GEp/raw/gep5_3883.evio.0.0",MISSING
3884,,,,,"/cache/halla/sbs/GEp/raw/gep5_3884.evio.0.0",MISSING
3885,,,,,"/cache/halla/sbs/GEp/raw/gep5_3885.evio.0.0",MISSING
3886,,,,,"/cache/halla/sbs/GEp/raw/gep5_3886.evio.0.0",MISSING
3887,,,,,"/cache/halla/sbs/GEp/raw/gep5_3887.evio.0.0",MISSING
3888,3888,"2025-05-19 20:16:41",1747700201,"-------[ 2025-05-19 20:16:41 ]","/cache/halla/sbs/GEp/raw/gep5_3888.evio.0.0",OK
3889,,,,,"/cache/halla/sbs/GEp/raw/gep5_3889.evio.0.0",MISSING
3890,3890,"2025-05-19 21:47:47",1747705667,"-------[ 2025-05-19 21:47:47 ]","/cache/halla/sbs/GEp/raw/gep5_3890.evio.0.0",OK
3891,,,,,"/cache/halla/sbs/GEp/raw/gep5_3891.evio.0.0",MISSING
3892,,,,,"/cache/halla/sbs/GEp/raw/gep5_3892.evio.0.0",MISSING
3893,,,,,"/cache/halla/sbs/GEp/raw/gep5_3893.evio.0.0",MISSING
3894,,,,,"/cache/halla/sbs/GEp/raw/gep5_3894.evio.0.0",MISSING
3895,,,,,"/cache/halla/sbs/GEp/raw/gep5_3895.evio.0.0",MISSING
3896,,,,,"/cache/halla/sbs/GEp/raw/gep5_3896.evio.0.0",MISSING
3897,3897,"2025-05-20 01:15:37",1747718137,"-------[ 2025-05-20 01:15:37 ]","/cache/halla/sbs/GEp/raw/gep5_3897.evio.0.0",OK
3898,,,,,"/cache/halla/sbs/GEp/raw/gep5_3898.evio.0.0",MISSING
3899,3899,"2025-05-20 02:03:07",1747720987,"-------[ 2025-05-20 02:03:07 ]","/cache/halla/sbs/GEp/raw/gep5_3899.evio.0.0",OK
3900,3900,"2025-05-20 02:39:17",1747723157,"-------[ 2025-05-20 02:39:17 ]","/cache/halla/sbs/GEp/raw/gep5_3900.evio.0.0",OK
3901,3901,"2025-05-20 03:00:40",1747724440,"-------[ 2025-05-20 03:00:40 ]","/cache/halla/sbs/GEp/raw/gep5_3901.evio.0.0",OK
3902,3902,"2025-05-20 03:25:05",1747725905,"-------[ 2025-05-20 03:25:05 ]","/cache/halla/sbs/GEp/raw/gep5_3902.evio.0.0",OK
3903,,,,,"/cache/halla/sbs/GEp/raw/gep5_3903.evio.0.0",MISSING
3904,,,,,"/cache/halla/sbs/GEp/raw/gep5_3904.evio.0.0",MISSING
3905,,,,,"/cache/halla/sbs/GEp/raw/gep5_3905.evio.0.0",MISSING
3906,3906,"2025-05-20 07:24:54",1747740294,"-------[ 2025-05-20 07:24:54 ]","/cache/halla/sbs/GEp/raw/gep5_3906.evio.0.0",OK
3907,,,,,"/cache/halla/sbs/GEp/raw/gep5_3907.evio.0.0",MISSING
3908,3908,"2025-05-20 08:24:50",1747743890,"-------[ 2025-05-20 08:24:50 ]","/cache/halla/sbs/GEp/raw/gep5_3908.evio.0.0",OK
3909,,,,,"/cache/halla/sbs/GEp/raw/gep5_3909.evio.0.0",MISSING
3910,,,,,"/cache/halla/sbs/GEp/raw/gep5_3910.evio.0.0",MISSING
3911,,,,,"/cache/halla/sbs/GEp/raw/gep5_3911.evio.0.0",MISSING
3912,,,,,"/cache/halla/sbs/GEp/raw/gep5_3912.evio.0.0",MISSING
3913,,,,,"/cache/halla/sbs/GEp/raw/gep5_3913.evio.0.0",MISSING
3914,,,,,"/cache/halla/sbs/GEp/raw/gep5_3914.evio.0.0",MISSING
3915,,,,,"/cache/halla/sbs/GEp/raw/gep5_3915.evio.0.0",MISSING
3916,,,,,"/cache/halla/sbs/GEp/raw/gep5_3916.evio.0.0",MISSING
3917,3917,"2025-05-20 17:44:35",1747777475,"-------[ 2025-05-20 17:44:35 ]","/cache/halla/sbs/GEp/raw/gep5_3917.evio.0.0",OK
3918,,,,,"/cache/halla/sbs/GEp/raw/gep5_3918.evio.0.0",MISSING
3919,,,,,"/cache/halla/sbs/GEp/raw/gep5_3919.evio.0.0",MISSING
3920,,,,,"/cache/halla/sbs/GEp/raw/gep5_3920.evio.0.0",MISSING
3921,,,,,"/cache/halla/sbs/GEp/raw/gep5_3921.evio.0.0",MISSING
3922,3922,"2025-05-20 21:36:09",1747791369,"-------[ 2025-05-20 21:36:09 ]","/cache/halla/sbs/GEp/raw/gep5_3922.evio.0.0",OK
3923,,,,,"/cache/halla/sbs/GEp/raw/gep5_3923.evio.0.0",MISSING
3924,3924,"2025-05-20 22:29:52",1747794592,"-------[ 2025-05-20 22:29:52 ]","/cache/halla/sbs/GEp/raw/gep5_3924.evio.0.0",OK
3925,,,,,"/cache/halla/sbs/GEp/raw/gep5_3925.evio.0.0",MISSING
3926,,,,,"/cache/halla/sbs/GEp/raw/gep5_3926.evio.0.0",MISSING
3927,,,,,"/cache/halla/sbs/GEp/raw/gep5_3927.evio.0.0",MISSING
3928,3928,"2025-05-21 01:26:13",1747805173,"-------[ 2025-05-21 01:26:13 ]","/cache/halla/sbs/GEp/raw/gep5_3928.evio.0.0",OK
3929,,,,,"/cache/halla/sbs/GEp/raw/gep5_3929.evio.0.0",MISSING
3930,,,,,"/cache/halla/sbs/GEp/raw/gep5_3930.evio.0.0",MISSING
3931,,,,,"/cache/halla/sbs/GEp/raw/gep5_3931.evio.0.0",MISSING
3932,,,,,"/cache/halla/sbs/GEp/raw/gep5_3932.evio.0.0",MISSING
3933,,,,,"/cache/halla/sbs/GEp/raw/gep5_3933.evio.0.0",MISSING
3934,3934,"2025-05-21 03:50:57",1747813857,"-------[ 2025-05-21 03:50:57 ]","/cache/halla/sbs/GEp/raw/gep5_3934.evio.0.0",OK
3935,,,,,"/cache/halla/sbs/GEp/raw/gep5_3935.evio.0.0",MISSING
3936,,,,,"/cache/halla/sbs/GEp/raw/gep5_3936.evio.0.0",MISSING
3937,,,,,"/cache/halla/sbs/GEp/raw/gep5_3937.evio.0.0",MISSING
3938,,,,,"/cache/halla/sbs/GEp/raw/gep5_3938.evio.0.0",MISSING
3939,,,,,"/cache/halla/sbs/GEp/raw/gep5_3939.evio.0.0",MISSING
3940,,,,,"/cache/halla/sbs/GEp/raw/gep5_3940.evio.0.0",MISSING
3941,,,,,"/cache/halla/sbs/GEp/raw/gep5_3941.evio.0.0",MISSING
3942,,,,,"/cache/halla/sbs/GEp/raw/gep5_3942.evio.0.0",MISSING
3943,,,,,"/cache/halla/sbs/GEp/raw/gep5_3943.evio.0.0",MISSING
3944,,,,,"/cache/halla/sbs/GEp/raw/gep5_3944.evio.0.0",MISSING
3945,,,,,"/cache/halla/sbs/GEp/raw/gep5_3945.evio.0.0",MISSING
3946,,,,,"/cache/halla/sbs/GEp/raw/gep5_3946.evio.0.0",MISSING
3947,,,,,"/cache/halla/sbs/GEp/raw/gep5_3947.evio.0.0",MISSING
3948,,,,,"/cache/halla/sbs/GEp/raw/gep5_3948.evio.0.0",MISSING
3949,,,,,"/cache/halla/sbs/GEp/raw/gep5_3949.evio.0.0",MISSING
3950,,,,,"/cache/halla/sbs/GEp/raw/gep5_3950.evio.0.0",MISSING
3951,,,,,"/cache/halla/sbs/GEp/raw/gep5_3951.evio.0.0",MISSING
3952,,,,,"/cache/halla/sbs/GEp/raw/gep5_3952.evio.0.0",MISSING
3953,,,,,"/cache/halla/sbs/GEp/raw/gep5_3953.evio.0.0",MISSING
3954,,,,,"/cache/halla/sbs/GEp/raw/gep5_3954.evio.0.0",MISSING
3955,,,,,"/cache/halla/sbs/GEp/raw/gep5_3955.evio.0.0",MISSING
3956,,,,,"/cache/halla/sbs/GEp/raw/gep5_3956.evio.0.0",MISSING
3957,,,,,"/cache/halla/sbs/GEp/raw/gep5_3957.evio.0.0",MISSING
3958,,,,,"/cache/halla/sbs/GEp/raw/gep5_3958.evio.0.0",MISSING
3959,,,,,"/cache/halla/sbs/GEp/raw/gep5_3959.evio.0.0",MISSING
3960,,,,,"/cache/halla/sbs/GEp/raw/gep5_3960.evio.0.0",MISSING
3961,,,,,"/cache/halla/sbs/GEp/raw/gep5_3961.evio.0.0",MISSING
3962,,,,,"/cache/halla/sbs/GEp/raw/gep5_3962.evio.0.0",MISSING
3963,,,,,"/cache/halla/sbs/GEp/raw/gep5_3963.evio.0.0",MISSING
3964,,,,,"/cache/halla/sbs/GEp/raw/gep5_3964.evio.0.0",MISSING
3965,,,,,"/cache/halla/sbs/GEp/raw/gep5_3965.evio.0.0",MISSING
3966,,,,,"/cache/halla/sbs/GEp/raw/gep5_3966.evio.0.0",MISSING
3967,,,,,"/cache/halla/sbs/GEp/raw/gep5_3967.evio.0.0",MISSING
3968,,,,,"/cache/halla/sbs/GEp/raw/gep5_3968.evio.0.0",MISSING
3969,,,,,"/cache/halla/sbs/GEp/raw/gep5_3969.evio.0.0",MISSING
3970,,,,,"/cache/halla/sbs/GEp/raw/gep5_3970.evio.0.0",MISSING
3971,,,,,"/cache/halla/sbs/GEp/raw/gep5_3971.evio.0.0",MISSING
3972,,,,,"/cache/halla/sbs/GEp/raw/gep5_3972.evio.0.0",MISSING
3973,,,,,"/cache/halla/sbs/GEp/raw/gep5_3973.evio.0.0",MISSING
3974,,,,,"/cache/halla/sbs/GEp/raw/gep5_3974.evio.0.0",MISSING
3975,,,,,"/cache/halla/sbs/GEp/raw/gep5_3975.evio.0.0",MISSING
3976,,,,,"/cache/halla/sbs/GEp/raw/gep5_3976.evio.0.0",MISSING
3977,3977,"2025-05-21 16:01:45",1747857705,"-------[ 2025-05-21 16:01:45 ]","/cache/halla/sbs/GEp/raw/gep5_3977.evio.0.0",OK
3978,,,,,"/cache/halla/sbs/GEp/raw/gep5_3978.evio.0.0",MISSING
3979,,,,,"/cache/halla/sbs/GEp/raw/gep5_3979.evio.0.0",MISSING
3980,,,,,"/cache/halla/sbs/GEp/raw/gep5_3980.evio.0.0",MISSING
3981,,,,,"/cache/halla/sbs/GEp/raw/gep5_3981.evio.0.0",MISSING
3982,,,,,"/cache/halla/sbs/GEp/raw/gep5_3982.evio.0.0",MISSING
3983,,,,,"/cache/halla/sbs/GEp/raw/gep5_3983.evio.0.0",MISSING
3984,,,,,"/cache/halla/sbs/GEp/raw/gep5_3984.evio.0.0",MISSING
3985,,,,,"/cache/halla/sbs/GEp/raw/gep5_3985.evio.0.0",MISSING
3986,,,,,"/cache/halla/sbs/GEp/raw/gep5_3986.evio.0.0",MISSING
3987,,,,,"/cache/halla/sbs/GEp/raw/gep5_3987.evio.0.0",MISSING
3988,,,,,"/cache/halla/sbs/GEp/raw/gep5_3988.evio.0.0",MISSING
3989,,,,,"/cache/halla/sbs/GEp/raw/gep5_3989.evio.0.0",MISSING
3990,,,,,"/cache/halla/sbs/GEp/raw/gep5_3990.evio.0.0",MISSING
3991,,,,,"/cache/halla/sbs/GEp/raw/gep5_3991.evio.0.0",MISSING
3992,,,,,"/cache/halla/sbs/GEp/raw/gep5_3992.evio.0.0",MISSING
3993,,,,,"/cache/halla/sbs/GEp/raw/gep5_3993.evio.0.0",MISSING
3994,,,,,"/cache/halla/sbs/GEp/raw/gep5_3994.evio.0.0",MISSING
3995,,,,,"/cache/halla/sbs/GEp/raw/gep5_3995.evio.0.0",MISSING
3996,,,,,"/cache/halla/sbs/GEp/raw/gep5_3996.evio.0.0",MISSING
3997,,,,,"/cache/halla/sbs/GEp/raw/gep5_3997.evio.0.0",MISSING
3998,,,,,"/cache/halla/sbs/GEp/raw/gep5_3998.evio.0.0",MISSING
3999,,,,,"/cache/halla/sbs/GEp/raw/gep5_3999.evio.0.0",MISSING
4000,,,,,"/cache/halla/sbs/GEp/raw/gep5_4000.evio.0.0",MISSING
4001,,,,,"/cache/halla/sbs/GEp/raw/gep5_4001.evio.0.0",MISSING
4002,,,,,"/cache/halla/sbs/GEp/raw/gep5_4002.evio.0.0",MISSING
4003,4003,"2025-05-22 05:44:19",1747907059,"-------[ 2025-05-22 05:44:19 ]","/cache/halla/sbs/GEp/raw/gep5_4003.evio.0.0",OK
4004,,,,,"/cache/halla/sbs/GEp/raw/gep5_4004.evio.0.0",MISSING
4005,,,,,"/cache/halla/sbs/GEp/raw/gep5_4005.evio.0.0",MISSING
4006,4006,"2025-05-22 06:06:22",1747908382,"-------[ 2025-05-22 06:06:22 ]","/cache/halla/sbs/GEp/raw/gep5_4006.evio.0.0",OK
4007,,,,,"/cache/halla/sbs/GEp/raw/gep5_4007.evio.0.0",MISSING
4008,,,,,"/cache/halla/sbs/GEp/raw/gep5_4008.evio.0.0",INIT_FAILED
4009,,,,,"/cache/halla/sbs/GEp/raw/gep5_4009.evio.0.0",MISSING
4010,,,,,"/cache/halla/sbs/GEp/raw/gep5_4010.evio.0.0",MISSING
4011,,,,,"/cache/halla/sbs/GEp/raw/gep5_4011.evio.0.0",MISSING
4012,,,,,"/cache/halla/sbs/GEp/raw/gep5_4012.evio.0.0",MISSING
4013,,,,,"/cache/halla/sbs/GEp/raw/gep5_4013.evio.0.0",MISSING
4014,,,,,"/cache/halla/sbs/GEp/raw/gep5_4014.evio.0.0",MISSING
4015,,,,,"/cache/halla/sbs/GEp/raw/gep5_4015.evio.0.0",MISSING
4016,,,,,"/cache/halla/sbs/GEp/raw/gep5_4016.evio.0.0",MISSING
4017,,,,,"/cache/halla/sbs/GEp/raw/gep5_4017.evio.0.0",MISSING
4018,,,,,"/cache/halla/sbs/GEp/raw/gep5_4018.evio.0.0",MISSING
4019,,,,,"/cache/halla/sbs/GEp/raw/gep5_4019.evio.0.0",MISSING
4020,,,,,"/cache/halla/sbs/GEp/raw/gep5_4020.evio.0.0",MISSING
4021,,,,,"/cache/halla/sbs/GEp/raw/gep5_4021.evio.0.0",MISSING
4022,,,,,"/cache/halla/sbs/GEp/raw/gep5_4022.evio.0.0",MISSING
4023,,,,,"/cache/halla/sbs/GEp/raw/gep5_4023.evio.0.0",MISSING
4024,,,,,"/cache/halla/sbs/GEp/raw/gep5_4024.evio.0.0",MISSING
4025,,,,,"/cache/halla/sbs/GEp/raw/gep5_4025.evio.0.0",MISSING
4026,,,,,"/cache/halla/sbs/GEp/raw/gep5_4026.evio.0.0",MISSING
4027,,,,,"/cache/halla/sbs/GEp/raw/gep5_4027.evio.0.0",MISSING
4028,,,,,"/cache/halla/sbs/GEp/raw/gep5_4028.evio.0.0",MISSING
4029,,,,,"/cache/halla/sbs/GEp/raw/gep5_4029.evio.0.0",MISSING
4030,,,,,"/cache/halla/sbs/GEp/raw/gep5_4030.evio.0.0",MISSING
4031,,,,,"/cache/halla/sbs/GEp/raw/gep5_4031.evio.0.0",MISSING
4032,,,,,"/cache/halla/sbs/GEp/raw/gep5_4032.evio.0.0",MISSING
4033,,,,,"/cache/halla/sbs/GEp/raw/gep5_4033.evio.0.0",MISSING
4034,,,,,"/cache/halla/sbs/GEp/raw/gep5_4034.evio.0.0",MISSING
4035,,,,,"/cache/halla/sbs/GEp/raw/gep5_4035.evio.0.0",MISSING
4036,,,,,"/cache/halla/sbs/GEp/raw/gep5_4036.evio.0.0",MISSING
4037,,,,,"/cache/halla/sbs/GEp/raw/gep5_4037.evio.0.0",MISSING
4038,,,,,"/cache/halla/sbs/GEp/raw/gep5_4038.evio.0.0",MISSING
4039,,,,,"/cache/halla/sbs/GEp/raw/gep5_4039.evio.0.0",MISSING
4040,,,,,"/cache/halla/sbs/GEp/raw/gep5_4040.evio.0.0",MISSING
4041,,,,,"/cache/halla/sbs/GEp/raw/gep5_4041.evio.0.0",MISSING
4042,4042,"2025-05-24 04:09:43",1748074183,"-------[ 2025-05-24 04:09:43 ]","/cache/halla/sbs/GEp/raw/gep5_4042.evio.0.0",OK
4043,4043,"2025-05-24 07:09:25",1748084965,"-------[ 2025-05-24 07:09:25 ]","/cache/halla/sbs/GEp/raw/gep5_4043.evio.0.0",OK
4044,,,,,"/cache/halla/sbs/GEp/raw/gep5_4044.evio.0.0",MISSING
4045,,,,,"/cache/halla/sbs/GEp/raw/gep5_4045.evio.0.0",MISSING
4046,,,,,"/cache/halla/sbs/GEp/raw/gep5_4046.evio.0.0",MISSING
4047,,,,,"/cache/halla/sbs/GEp/raw/gep5_4047.evio.0.0",MISSING
4048,,,,,"/cache/halla/sbs/GEp/raw/gep5_4048.evio.0.0",MISSING
4049,,,,,"/cache/halla/sbs/GEp/raw/gep5_4049.evio.0.0",MISSING
4050,,,,,"/cache/halla/sbs/GEp/raw/gep5_4050.evio.0.0",MISSING
4051,,,,,"/cache/halla/sbs/GEp/raw/gep5_4051.evio.0.0",MISSING
4052,,,,,"/cache/halla/sbs/GEp/raw/gep5_4052.evio.0.0",MISSING
4053,,,,,"/cache/halla/sbs/GEp/raw/gep5_4053.evio.0.0",MISSING
4054,,,,,"/cache/halla/sbs/GEp/raw/gep5_4054.evio.0.0",MISSING
4055,,,,,"/cache/halla/sbs/GEp/raw/gep5_4055.evio.0.0",MISSING
4056,,,,,"/cache/halla/sbs/GEp/raw/gep5_4056.evio.0.0",MISSING
4057,,,,,"/cache/halla/sbs/GEp/raw/gep5_4057.evio.0.0",MISSING
4058,,,,,"/cache/halla/sbs/GEp/raw/gep5_4058.evio.0.0",MISSING
4059,,,,,"/cache/halla/sbs/GEp/raw/gep5_4059.evio.0.0",MISSING
4060,,,,,"/cache/halla/sbs/GEp/raw/gep5_4060.evio.0.0",MISSING
4061,,,,,"/cache/halla/sbs/GEp/raw/gep5_4061.evio.0.0",MISSING
4062,,,,,"/cache/halla/sbs/GEp/raw/gep5_4062.evio.0.0",MISSING
4063,,,,,"/cache/halla/sbs/GEp/raw/gep5_4063.evio.0.0",MISSING
4064,,,,,"/cache/halla/sbs/GEp/raw/gep5_4064.evio.0.0",MISSING
4065,,,,,"/cache/halla/sbs/GEp/raw/gep5_4065.evio.0.0",MISSING
4066,,,,,"/cache/halla/sbs/GEp/raw/gep5_4066.evio.0.0",MISSING
4067,,,,,"/cache/halla/sbs/GEp/raw/gep5_4067.evio.0.0",MISSING
4068,,,,,"/cache/halla/sbs/GEp/raw/gep5_4068.evio.0.0",MISSING
4069,,,,,"/cache/halla/sbs/GEp/raw/gep5_4069.evio.0.0",MISSING
4070,,,,,"/cache/halla/sbs/GEp/raw/gep5_4070.evio.0.0",MISSING
4071,,,,,"/cache/halla/sbs/GEp/raw/gep5_4071.evio.0.0",MISSING
4072,,,,,"/cache/halla/sbs/GEp/raw/gep5_4072.evio.0.0",MISSING
4073,,,,,"/cache/halla/sbs/GEp/raw/gep5_4073.evio.0.0",MISSING
4074,,,,,"/cache/halla/sbs/GEp/raw/gep5_4074.evio.0.0",MISSING
4075,,,,,"/cache/halla/sbs/GEp/raw/gep5_4075.evio.0.0",MISSING
4076,,,,,"/cache/halla/sbs/GEp/raw/gep5_4076.evio.0.0",MISSING
4077,,,,,"/cache/halla/sbs/GEp/raw/gep5_4077.evio.0.0",MISSING
4078,,,,,"/cache/halla/sbs/GEp/raw/gep5_4078.evio.0.0",MISSING
4079,,,,,"/cache/halla/sbs/GEp/raw/gep5_4079.evio.0.0",MISSING
4080,,,,,"/cache/halla/sbs/GEp/raw/gep5_4080.evio.0.0",MISSING
4081,,,,,"/cache/halla/sbs/GEp/raw/gep5_4081.evio.0.0",MISSING
4082,,,,,"/cache/halla/sbs/GEp/raw/gep5_4082.evio.0.0",MISSING
4083,,,,,"/cache/halla/sbs/GEp/raw/gep5_4083.evio.0.0",MISSING
4084,,,,,"/cache/halla/sbs/GEp/raw/gep5_4084.evio.0.0",MISSING
4085,,,,,"/cache/halla/sbs/GEp/raw/gep5_4085.evio.0.0",MISSING
4086,,,,,"/cache/halla/sbs/GEp/raw/gep5_4086.evio.0.0",MISSING
4087,,,,,"/cache/halla/sbs/GEp/raw/gep5_4087.evio.0.0",MISSING
4088,,,,,"/cache/halla/sbs/GEp/raw/gep5_4088.evio.0.0",MISSING
4089,,,,,"/cache/halla/sbs/GEp/raw/gep5_4089.evio.0.0",MISSING
4090,,,,,"/cache/halla/sbs/GEp/raw/gep5_4090.evio.0.0",MISSING
4091,,,,,"/cache/halla/sbs/GEp/raw/gep5_4091.evio.0.0",MISSING
4092,,,,,"/cache/halla/sbs/GEp/raw/gep5_4092.evio.0.0",MISSING
4093,,,,,"/cache/halla/sbs/GEp/raw/gep5_4093.evio.0.0",MISSING
4094,,,,,"/cache/halla/sbs/GEp/raw/gep5_4094.evio.0.0",MISSING
4095,,,,,"/cache/halla/sbs/GEp/raw/gep5_4095.evio.0.0",MISSING
4096,,,,,"/cache/halla/sbs/GEp/raw/gep5_4096.evio.0.0",MISSING
4097,,,,,"/cache/halla/sbs/GEp/raw/gep5_4097.evio.0.0",MISSING
4098,,,,,"/cache/halla/sbs/GEp/raw/gep5_4098.evio.0.0",MISSING
4099,,,,,"/cache/halla/sbs/GEp/raw/gep5_4099.evio.0.0",MISSING
4100,,,,,"/cache/halla/sbs/GEp/raw/gep5_4100.evio.0.0",MISSING
4101,,,,,"/cache/halla/sbs/GEp/raw/gep5_4101.evio.0.0",MISSING
4102,,,,,"/cache/halla/sbs/GEp/raw/gep5_4102.evio.0.0",MISSING
4103,,,,,"/cache/halla/sbs/GEp/raw/gep5_4103.evio.0.0",MISSING
4104,,,,,"/cache/halla/sbs/GEp/raw/gep5_4104.evio.0.0",MISSING
4105,,,,,"/cache/halla/sbs/GEp/raw/gep5_4105.evio.0.0",MISSING
4106,,,,,"/cache/halla/sbs/GEp/raw/gep5_4106.evio.0.0",MISSING
4107,,,,,"/cache/halla/sbs/GEp/raw/gep5_4107.evio.0.0",MISSING
4108,,,,,"/cache/halla/sbs/GEp/raw/gep5_4108.evio.0.0",MISSING
4109,,,,,"/cache/halla/sbs/GEp/raw/gep5_4109.evio.0.0",MISSING
4110,,,,,"/cache/halla/sbs/GEp/raw/gep5_4110.evio.0.0",MISSING
4111,,,,,"/cache/halla/sbs/GEp/raw/gep5_4111.evio.0.0",MISSING
4112,,,,,"/cache/halla/sbs/GEp/raw/gep5_4112.evio.0.0",MISSING
4113,,,,,"/cache/halla/sbs/GEp/raw/gep5_4113.evio.0.0",MISSING
4114,,,,,"/cache/halla/sbs/GEp/raw/gep5_4114.evio.0.0",MISSING
4115,,,,,"/cache/halla/sbs/GEp/raw/gep5_4115.evio.0.0",MISSING
4116,,,,,"/cache/halla/sbs/GEp/raw/gep5_4116.evio.0.0",MISSING
4117,,,,,"/cache/halla/sbs/GEp/raw/gep5_4117.evio.0.0",MISSING
4118,,,,,"/cache/halla/sbs/GEp/raw/gep5_4118.evio.0.0",MISSING
4119,,,,,"/cache/halla/sbs/GEp/raw/gep5_4119.evio.0.0",MISSING
4120,,,,,"/cache/halla/sbs/GEp/raw/gep5_4120.evio.0.0",MISSING
4121,,,,,"/cache/halla/sbs/GEp/raw/gep5_4121.evio.0.0",MISSING
4122,,,,,"/cache/halla/sbs/GEp/raw/gep5_4122.evio.0.0",MISSING
4123,,,,,"/cache/halla/sbs/GEp/raw/gep5_4123.evio.0.0",MISSING
4124,,,,,"/cache/halla/sbs/GEp/raw/gep5_4124.evio.0.0",MISSING
4125,,,,,"/cache/halla/sbs/GEp/raw/gep5_4125.evio.0.0",MISSING
4126,,,,,"/cache/halla/sbs/GEp/raw/gep5_4126.evio.0.0",MISSING
4127,,,,,"/cache/halla/sbs/GEp/raw/gep5_4127.evio.0.0",MISSING
4128,,,,,"/cache/halla/sbs/GEp/raw/gep5_4128.evio.0.0",MISSING
4129,,,,,"/cache/halla/sbs/GEp/raw/gep5_4129.evio.0.0",MISSING
4130,,,,,"/cache/halla/sbs/GEp/raw/gep5_4130.evio.0.0",MISSING
4131,,,,,"/cache/halla/sbs/GEp/raw/gep5_4131.evio.0.0",MISSING
4132,,,,,"/cache/halla/sbs/GEp/raw/gep5_4132.evio.0.0",MISSING
4133,,,,,"/cache/halla/sbs/GEp/raw/gep5_4133.evio.0.0",MISSING
4134,,,,,"/cache/halla/sbs/GEp/raw/gep5_4134.evio.0.0",MISSING
4135,,,,,"/cache/halla/sbs/GEp/raw/gep5_4135.evio.0.0",MISSING
4136,,,,,"/cache/halla/sbs/GEp/raw/gep5_4136.evio.0.0",MISSING
4137,,,,,"/cache/halla/sbs/GEp/raw/gep5_4137.evio.0.0",MISSING
4138,,,,,"/cache/halla/sbs/GEp/raw/gep5_4138.evio.0.0",MISSING
4139,,,,,"/cache/halla/sbs/GEp/raw/gep5_4139.evio.0.0",MISSING
4140,,,,,"/cache/halla/sbs/GEp/raw/gep5_4140.evio.0.0",MISSING
4141,,,,,"/cache/halla/sbs/GEp/raw/gep5_4141.evio.0.0",MISSING
4142,,,,,"/cache/halla/sbs/GEp/raw/gep5_4142.evio.0.0",MISSING
4143,,,,,"/cache/halla/sbs/GEp/raw/gep5_4143.evio.0.0",MISSING
4144,,,,,"/cache/halla/sbs/GEp/raw/gep5_4144.evio.0.0",MISSING
4145,,,,,"/cache/halla/sbs/GEp/raw/gep5_4145.evio.0.0",MISSING
4146,,,,,"/cache/halla/sbs/GEp/raw/gep5_4146.evio.0.0",MISSING
4147,,,,,"/cache/halla/sbs/GEp/raw/gep5_4147.evio.0.0",MISSING
4148,,,,,"/cache/halla/sbs/GEp/raw/gep5_4148.evio.0.0",MISSING
4149,,,,,"/cache/halla/sbs/GEp/raw/gep5_4149.evio.0.0",MISSING
4150,,,,,"/cache/halla/sbs/GEp/raw/gep5_4150.evio.0.0",MISSING
4151,,,,,"/cache/halla/sbs/GEp/raw/gep5_4151.evio.0.0",MISSING
4152,,,,,"/cache/halla/sbs/GEp/raw/gep5_4152.evio.0.0",MISSING
4153,,,,,"/cache/halla/sbs/GEp/raw/gep5_4153.evio.0.0",MISSING
4154,,,,,"/cache/halla/sbs/GEp/raw/gep5_4154.evio.0.0",MISSING
4155,,,,,"/cache/halla/sbs/GEp/raw/gep5_4155.evio.0.0",MISSING
4156,,,,,"/cache/halla/sbs/GEp/raw/gep5_4156.evio.0.0",MISSING
4157,,,,,"/cache/halla/sbs/GEp/raw/gep5_4157.evio.0.0",MISSING
4158,,,,,"/cache/halla/sbs/GEp/raw/gep5_4158.evio.0.0",MISSING
4159,,,,,"/cache/halla/sbs/GEp/raw/gep5_4159.evio.0.0",MISSING
4160,,,,,"/cache/halla/sbs/GEp/raw/gep5_4160.evio.0.0",MISSING
4161,,,,,"/cache/halla/sbs/GEp/raw/gep5_4161.evio.0.0",MISSING
4162,,,,,"/cache/halla/sbs/GEp/raw/gep5_4162.evio.0.0",MISSING
4163,,,,,"/cache/halla/sbs/GEp/raw/gep5_4163.evio.0.0",MISSING
4164,,,,,"/cache/halla/sbs/GEp/raw/gep5_4164.evio.0.0",MISSING
4165,,,,,"/cache/halla/sbs/GEp/raw/gep5_4165.evio.0.0",MISSING
4166,,,,,"/cache/halla/sbs/GEp/raw/gep5_4166.evio.0.0",MISSING
4167,,,,,"/cache/halla/sbs/GEp/raw/gep5_4167.evio.0.0",MISSING
4168,,,,,"/cache/halla/sbs/GEp/raw/gep5_4168.evio.0.0",MISSING
4169,,,,,"/cache/halla/sbs/GEp/raw/gep5_4169.evio.0.0",MISSING
4170,,,,,"/cache/halla/sbs/GEp/raw/gep5_4170.evio.0.0",MISSING
4171,,,,,"/cache/halla/sbs/GEp/raw/gep5_4171.evio.0.0",MISSING
4172,,,,,"/cache/halla/sbs/GEp/raw/gep5_4172.evio.0.0",MISSING
4173,,,,,"/cache/halla/sbs/GEp/raw/gep5_4173.evio.0.0",MISSING
4174,,,,,"/cache/halla/sbs/GEp/raw/gep5_4174.evio.0.0",MISSING
4175,,,,,"/cache/halla/sbs/GEp/raw/gep5_4175.evio.0.0",MISSING
4176,,,,,"/cache/halla/sbs/GEp/raw/gep5_4176.evio.0.0",MISSING
4177,,,,,"/cache/halla/sbs/GEp/raw/gep5_4177.evio.0.0",MISSING
4178,,,,,"/cache/halla/sbs/GEp/raw/gep5_4178.evio.0.0",MISSING
4179,,,,,"/cache/halla/sbs/GEp/raw/gep5_4179.evio.0.0",MISSING
4180,,,,,"/cache/halla/sbs/GEp/raw/gep5_4180.evio.0.0",MISSING
4181,,,,,"/cache/halla/sbs/GEp/raw/gep5_4181.evio.0.0",MISSING
4182,,,,,"/cache/halla/sbs/GEp/raw/gep5_4182.evio.0.0",MISSING
4183,,,,,"/cache/halla/sbs/GEp/raw/gep5_4183.evio.0.0",MISSING
4184,,,,,"/cache/halla/sbs/GEp/raw/gep5_4184.evio.0.0",MISSING
4185,,,,,"/cache/halla/sbs/GEp/raw/gep5_4185.evio.0.0",MISSING
4186,,,,,"/cache/halla/sbs/GEp/raw/gep5_4186.evio.0.0",MISSING
4187,,,,,"/cache/halla/sbs/GEp/raw/gep5_4187.evio.0.0",MISSING
4188,,,,,"/cache/halla/sbs/GEp/raw/gep5_4188.evio.0.0",MISSING
4189,,,,,"/cache/halla/sbs/GEp/raw/gep5_4189.evio.0.0",MISSING
4190,,,,,"/cache/halla/sbs/GEp/raw/gep5_4190.evio.0.0",MISSING
4191,,,,,"/cache/halla/sbs/GEp/raw/gep5_4191.evio.0.0",MISSING
4192,,,,,"/cache/halla/sbs/GEp/raw/gep5_4192.evio.0.0",MISSING
4193,,,,,"/cache/halla/sbs/GEp/raw/gep5_4193.evio.0.0",MISSING
4194,,,,,"/cache/halla/sbs/GEp/raw/gep5_4194.evio.0.0",MISSING
4195,,,,,"/cache/halla/sbs/GEp/raw/gep5_4195.evio.0.0",MISSING
4196,,,,,"/cache/halla/sbs/GEp/raw/gep5_4196.evio.0.0",MISSING
4197,,,,,"/cache/halla/sbs/GEp/raw/gep5_4197.evio.0.0",MISSING
4198,,,,,"/cache/halla/sbs/GEp/raw/gep5_4198.evio.0.0",MISSING
4199,,,,,"/cache/halla/sbs/GEp/raw/gep5_4199.evio.0.0",MISSING
4200,4200,"2025-05-29 20:42:43",1748565763,"-------[ 2025-05-29 20:42:43 ]","/cache/halla/sbs/GEp/raw/gep5_4200.evio.0.0",OK
4201,,,,,"/cache/halla/sbs/GEp/raw/gep5_4201.evio.0.0",MISSING
4202,,,,,"/cache/halla/sbs/GEp/raw/gep5_4202.evio.0.0",MISSING
4203,4203,"2025-05-29 23:24:22",1748575462,"-------[ 2025-05-29 23:24:22 ]","/cache/halla/sbs/GEp/raw/gep5_4203.evio.0.0",OK
4204,,,,,"/cache/halla/sbs/GEp/raw/gep5_4204.evio.0.0",MISSING
4205,,,,,"/cache/halla/sbs/GEp/raw/gep5_4205.evio.0.0",MISSING
4206,,,,,"/cache/halla/sbs/GEp/raw/gep5_4206.evio.0.0",MISSING
4207,,,,,"/cache/halla/sbs/GEp/raw/gep5_4207.evio.0.0",MISSING
4208,,,,,"/cache/halla/sbs/GEp/raw/gep5_4208.evio.0.0",MISSING
4209,,,,,"/cache/halla/sbs/GEp/raw/gep5_4209.evio.0.0",MISSING
4210,,,,,"/cache/halla/sbs/GEp/raw/gep5_4210.evio.0.0",MISSING
4211,,,,,"/cache/halla/sbs/GEp/raw/gep5_4211.evio.0.0",MISSING
4212,,,,,"/cache/halla/sbs/GEp/raw/gep5_4212.evio.0.0",MISSING
4213,,,,,"/cache/halla/sbs/GEp/raw/gep5_4213.evio.0.0",MISSING
4214,,,,,"/cache/halla/sbs/GEp/raw/gep5_4214.evio.0.0",MISSING
4215,,,,,"/cache/halla/sbs/GEp/raw/gep5_4215.evio.0.0",MISSING
4216,,,,,"/cache/halla/sbs/GEp/raw/gep5_4216.evio.0.0",MISSING
4217,,,,,"/cache/halla/sbs/GEp/raw/gep5_4217.evio.0.0",MISSING
4218,,,,,"/cache/halla/sbs/GEp/raw/gep5_4218.evio.0.0",MISSING
4219,,,,,"/cache/halla/sbs/GEp/raw/gep5_4219.evio.0.0",MISSING
4220,,,,,"/cache/halla/sbs/GEp/raw/gep5_4220.evio.0.0",MISSING
4221,,,,,"/cache/halla/sbs/GEp/raw/gep5_4221.evio.0.0",MISSING
4222,,,,,"/cache/halla/sbs/GEp/raw/gep5_4222.evio.0.0",MISSING
4223,,,,,"/cache/halla/sbs/GEp/raw/gep5_4223.evio.0.0",MISSING
4224,,,,,"/cache/halla/sbs/GEp/raw/gep5_4224.evio.0.0",MISSING
4225,,,,,"/cache/halla/sbs/GEp/raw/gep5_4225.evio.0.0",MISSING
4226,,,,,"/cache/halla/sbs/GEp/raw/gep5_4226.evio.0.0",MISSING
4227,,,,,"/cache/halla/sbs/GEp/raw/gep5_4227.evio.0.0",MISSING
4228,,,,,"/cache/halla/sbs/GEp/raw/gep5_4228.evio.0.0",MISSING
4229,,,,,"/cache/halla/sbs/GEp/raw/gep5_4229.evio.0.0",MISSING
4230,,,,,"/cache/halla/sbs/GEp/raw/gep5_4230.evio.0.0",MISSING
4231,,,,,"/cache/halla/sbs/GEp/raw/gep5_4231.evio.0.0",MISSING
4232,,,,,"/cache/halla/sbs/GEp/raw/gep5_4232.evio.0.0",MISSING
4233,,,,,"/cache/halla/sbs/GEp/raw/gep5_4233.evio.0.0",MISSING
4234,,,,,"/cache/halla/sbs/GEp/raw/gep5_4234.evio.0.0",MISSING
4235,,,,,"/cache/halla/sbs/GEp/raw/gep5_4235.evio.0.0",MISSING
4236,,,,,"/cache/halla/sbs/GEp/raw/gep5_4236.evio.0.0",MISSING
4237,,,,,"/cache/halla/sbs/GEp/raw/gep5_4237.evio.0.0",MISSING
4238,,,,,"/cache/halla/sbs/GEp/raw/gep5_4238.evio.0.0",MISSING
4239,,,,,"/cache/halla/sbs/GEp/raw/gep5_4239.evio.0.0",MISSING
4240,,,,,"/cache/halla/sbs/GEp/raw/gep5_4240.evio.0.0",MISSING
4241,,,,,"/cache/halla/sbs/GEp/raw/gep5_4241.evio.0.0",MISSING
4242,,,,,"/cache/halla/sbs/GEp/raw/gep5_4242.evio.0.0",MISSING
4243,,,,,"/cache/halla/sbs/GEp/raw/gep5_4243.evio.0.0",MISSING
4244,,,,,"/cache/halla/sbs/GEp/raw/gep5_4244.evio.0.0",MISSING
4245,,,,,"/cache/halla/sbs/GEp/raw/gep5_4245.evio.0.0",MISSING
4246,,,,,"/cache/halla/sbs/GEp/raw/gep5_4246.evio.0.0",MISSING
4247,,,,,"/cache/halla/sbs/GEp/raw/gep5_4247.evio.0.0",MISSING
4248,,,,,"/cache/halla/sbs/GEp/raw/gep5_4248.evio.0.0",MISSING
4249,,,,,"/cache/halla/sbs/GEp/raw/gep5_4249.evio.0.0",MISSING
4250,,,,,"/cache/halla/sbs/GEp/raw/gep5_4250.evio.0.0",MISSING
4251,,,,,"/cache/halla/sbs/GEp/raw/gep5_4251.evio.0.0",MISSING
4252,,,,,"/cache/halla/sbs/GEp/raw/gep5_4252.evio.0.0",MISSING
4253,,,,,"/cache/halla/sbs/GEp/raw/gep5_4253.evio.0.0",MISSING
4254,,,,,"/cache/halla/sbs/GEp/raw/gep5_4254.evio.0.0",MISSING
4255,,,,,"/cache/halla/sbs/GEp/raw/gep5_4255.evio.0.0",MISSING
4256,,,,,"/cache/halla/sbs/GEp/raw/gep5_4256.evio.0.0",MISSING
4257,,,,,"/cache/halla/sbs/GEp/raw/gep5_4257.evio.0.0",MISSING
4258,,,,,"/cache/halla/sbs/GEp/raw/gep5_4258.evio.0.0",MISSING
4259,,,,,"/cache/halla/sbs/GEp/raw/gep5_4259.evio.0.0",MISSING
4260,,,,,"/cache/halla/sbs/GEp/raw/gep5_4260.evio.0.0",MISSING
4261,,,,,"/cache/halla/sbs/GEp/raw/gep5_4261.evio.0.0",MISSING
4262,,,,,"/cache/halla/sbs/GEp/raw/gep5_4262.evio.0.0",MISSING
4263,,,,,"/cache/halla/sbs/GEp/raw/gep5_4263.evio.0.0",MISSING
4264,,,,,"/cache/halla/sbs/GEp/raw/gep5_4264.evio.0.0",MISSING
4265,,,,,"/cache/halla/sbs/GEp/raw/gep5_4265.evio.0.0",MISSING
4266,,,,,"/cache/halla/sbs/GEp/raw/gep5_4266.evio.0.0",MISSING
4267,,,,,"/cache/halla/sbs/GEp/raw/gep5_4267.evio.0.0",MISSING
4268,,,,,"/cache/halla/sbs/GEp/raw/gep5_4268.evio.0.0",MISSING
4269,,,,,"/cache/halla/sbs/GEp/raw/gep5_4269.evio.0.0",MISSING
4270,,,,,"/cache/halla/sbs/GEp/raw/gep5_4270.evio.0.0",MISSING
4271,,,,,"/cache/halla/sbs/GEp/raw/gep5_4271.evio.0.0",MISSING
4272,,,,,"/cache/halla/sbs/GEp/raw/gep5_4272.evio.0.0",MISSING
4273,,,,,"/cache/halla/sbs/GEp/raw/gep5_4273.evio.0.0",MISSING
4274,,,,,"/cache/halla/sbs/GEp/raw/gep5_4274.evio.0.0",MISSING
4275,,,,,"/cache/halla/sbs/GEp/raw/gep5_4275.evio.0.0",MISSING
4276,,,,,"/cache/halla/sbs/GEp/raw/gep5_4276.evio.0.0",MISSING
4277,,,,,"/cache/halla/sbs/GEp/raw/gep5_4277.evio.0.0",MISSING
4278,,,,,"/cache/halla/sbs/GEp/raw/gep5_4278.evio.0.0",MISSING
4279,,,,,"/cache/halla/sbs/GEp/raw/gep5_4279.evio.0.0",MISSING
4280,,,,,"/cache/halla/sbs/GEp/raw/gep5_4280.evio.0.0",MISSING
4281,,,,,"/cache/halla/sbs/GEp/raw/gep5_4281.evio.0.0",MISSING
4282,,,,,"/cache/halla/sbs/GEp/raw/gep5_4282.evio.0.0",MISSING
4283,,,,,"/cache/halla/sbs/GEp/raw/gep5_4283.evio.0.0",MISSING
4284,,,,,"/cache/halla/sbs/GEp/raw/gep5_4284.evio.0.0",MISSING
4285,,,,,"/cache/halla/sbs/GEp/raw/gep5_4285.evio.0.0",MISSING
4286,,,,,"/cache/halla/sbs/GEp/raw/gep5_4286.evio.0.0",MISSING
4287,,,,,"/cache/halla/sbs/GEp/raw/gep5_4287.evio.0.0",MISSING
4288,,,,,"/cache/halla/sbs/GEp/raw/gep5_4288.evio.0.0",MISSING
4289,,,,,"/cache/halla/sbs/GEp/raw/gep5_4289.evio.0.0",MISSING
4290,,,,,"/cache/halla/sbs/GEp/raw/gep5_4290.evio.0.0",MISSING
4291,,,,,"/cache/halla/sbs/GEp/raw/gep5_4291.evio.0.0",MISSING
4292,,,,,"/cache/halla/sbs/GEp/raw/gep5_4292.evio.0.0",MISSING
4293,,,,,"/cache/halla/sbs/GEp/raw/gep5_4293.evio.0.0",MISSING
4294,,,,,"/cache/halla/sbs/GEp/raw/gep5_4294.evio.0.0",MISSING
4295,,,,,"/cache/halla/sbs/GEp/raw/gep5_4295.evio.0.0",MISSING
4296,,,,,"/cache/halla/sbs/GEp/raw/gep5_4296.evio.0.0",MISSING
4297,,,,,"/cache/halla/sbs/GEp/raw/gep5_4297.evio.0.0",MISSING
4298,,,,,"/cache/halla/sbs/GEp/raw/gep5_4298.evio.0.0",MISSING
4299,,,,,"/cache/halla/sbs/GEp/raw/gep5_4299.evio.0.0",MISSING
4300,,,,,"/cache/halla/sbs/GEp/raw/gep5_4300.evio.0.0",MISSING
4301,,,,,"/cache/halla/sbs/GEp/raw/gep5_4301.evio.0.0",MISSING
4302,,,,,"/cache/halla/sbs/GEp/raw/gep5_4302.evio.0.0",MISSING
4303,,,,,"/cache/halla/sbs/GEp/raw/gep5_4303.evio.0.0",MISSING
4304,,,,,"/cache/halla/sbs/GEp/raw/gep5_4304.evio.0.0",MISSING
4305,,,,,"/cache/halla/sbs/GEp/raw/gep5_4305.evio.0.0",MISSING
4306,,,,,"/cache/halla/sbs/GEp/raw/gep5_4306.evio.0.0",MISSING
4307,,,,,"/cache/halla/sbs/GEp/raw/gep5_4307.evio.0.0",MISSING
4308,,,,,"/cache/halla/sbs/GEp/raw/gep5_4308.evio.0.0",MISSING
4309,,,,,"/cache/halla/sbs/GEp/raw/gep5_4309.evio.0.0",MISSING
4310,,,,,"/cache/halla/sbs/GEp/raw/gep5_4310.evio.0.0",MISSING
4311,,,,,"/cache/halla/sbs/GEp/raw/gep5_4311.evio.0.0",MISSING
4312,,,,,"/cache/halla/sbs/GEp/raw/gep5_4312.evio.0.0",MISSING
4313,,,,,"/cache/halla/sbs/GEp/raw/gep5_4313.evio.0.0",MISSING
4314,,,,,"/cache/halla/sbs/GEp/raw/gep5_4314.evio.0.0",MISSING
4315,,,,,"/cache/halla/sbs/GEp/raw/gep5_4315.evio.0.0",MISSING
4316,,,,,"/cache/halla/sbs/GEp/raw/gep5_4316.evio.0.0",MISSING
4317,,,,,"/cache/halla/sbs/GEp/raw/gep5_4317.evio.0.0",MISSING
4318,,,,,"/cache/halla/sbs/GEp/raw/gep5_4318.evio.0.0",MISSING
4319,,,,,"/cache/halla/sbs/GEp/raw/gep5_4319.evio.0.0",MISSING
4320,,,,,"/cache/halla/sbs/GEp/raw/gep5_4320.evio.0.0",MISSING
4321,,,,,"/cache/halla/sbs/GEp/raw/gep5_4321.evio.0.0",MISSING
4322,,,,,"/cache/halla/sbs/GEp/raw/gep5_4322.evio.0.0",MISSING
4323,,,,,"/cache/halla/sbs/GEp/raw/gep5_4323.evio.0.0",MISSING
4324,,,,,"/cache/halla/sbs/GEp/raw/gep5_4324.evio.0.0",MISSING
4325,,,,,"/cache/halla/sbs/GEp/raw/gep5_4325.evio.0.0",MISSING
4326,,,,,"/cache/halla/sbs/GEp/raw/gep5_4326.evio.0.0",MISSING
4327,,,,,"/cache/halla/sbs/GEp/raw/gep5_4327.evio.0.0",MISSING
4328,,,,,"/cache/halla/sbs/GEp/raw/gep5_4328.evio.0.0",MISSING
4329,,,,,"/cache/halla/sbs/GEp/raw/gep5_4329.evio.0.0",MISSING
4330,,,,,"/cache/halla/sbs/GEp/raw/gep5_4330.evio.0.0",MISSING
4331,,,,,"/cache/halla/sbs/GEp/raw/gep5_4331.evio.0.0",MISSING
4332,,,,,"/cache/halla/sbs/GEp/raw/gep5_4332.evio.0.0",MISSING
4333,,,,,"/cache/halla/sbs/GEp/raw/gep5_4333.evio.0.0",MISSING
4334,,,,,"/cache/halla/sbs/GEp/raw/gep5_4334.evio.0.0",MISSING
4335,,,,,"/cache/halla/sbs/GEp/raw/gep5_4335.evio.0.0",MISSING
4336,,,,,"/cache/halla/sbs/GEp/raw/gep5_4336.evio.0.0",MISSING
4337,,,,,"/cache/halla/sbs/GEp/raw/gep5_4337.evio.0.0",MISSING
4338,,,,,"/cache/halla/sbs/GEp/raw/gep5_4338.evio.0.0",MISSING
4339,,,,,"/cache/halla/sbs/GEp/raw/gep5_4339.evio.0.0",MISSING
4340,,,,,"/cache/halla/sbs/GEp/raw/gep5_4340.evio.0.0",MISSING
4341,,,,,"/cache/halla/sbs/GEp/raw/gep5_4341.evio.0.0",MISSING
4342,,,,,"/cache/halla/sbs/GEp/raw/gep5_4342.evio.0.0",MISSING
4343,,,,,"/cache/halla/sbs/GEp/raw/gep5_4343.evio.0.0",MISSING
4344,4344,"2025-06-04 21:20:29",1749086429,"-------[ 2025-06-04 21:20:29 ]","/cache/halla/sbs/GEp/raw/gep5_4344.evio.0.0",OK
4345,4345,"2025-06-04 21:43:01",1749087781,"-------[ 2025-06-04 21:43:01 ]","/cache/halla/sbs/GEp/raw/gep5_4345.evio.0.0",OK
4346,4346,"2025-06-04 22:13:51",1749089631,"-------[ 2025-06-04 22:13:51 ]","/cache/halla/sbs/GEp/raw/gep5_4346.evio.0.0",OK
4347,,,,,"/cache/halla/sbs/GEp/raw/gep5_4347.evio.0.0",MISSING
4348,,,,,"/cache/halla/sbs/GEp/raw/gep5_4348.evio.0.0",MISSING
4349,,,,,"/cache/halla/sbs/GEp/raw/gep5_4349.evio.0.0",MISSING
4350,,,,,"/cache/halla/sbs/GEp/raw/gep5_4350.evio.0.0",MISSING
4351,,,,,"/cache/halla/sbs/GEp/raw/gep5_4351.evio.0.0",MISSING
4352,,,,,"/cache/halla/sbs/GEp/raw/gep5_4352.evio.0.0",MISSING
4353,,,,,"/cache/halla/sbs/GEp/raw/gep5_4353.evio.0.0",MISSING
4354,,,,,"/cache/halla/sbs/GEp/raw/gep5_4354.evio.0.0",MISSING
4355,,,,,"/cache/halla/sbs/GEp/raw/gep5_4355.evio.0.0",MISSING
4356,,,,,"/cache/halla/sbs/GEp/raw/gep5_4356.evio.0.0",MISSING
4357,,,,,"/cache/halla/sbs/GEp/raw/gep5_4357.evio.0.0",MISSING
4358,,,,,"/cache/halla/sbs/GEp/raw/gep5_4358.evio.0.0",MISSING
4359,,,,,"/cache/halla/sbs/GEp/raw/gep5_4359.evio.0.0",MISSING
4360,,,,,"/cache/halla/sbs/GEp/raw/gep5_4360.evio.0.0",MISSING
4361,,,,,"/cache/halla/sbs/GEp/raw/gep5_4361.evio.0.0",MISSING
4362,,,,,"/cache/halla/sbs/GEp/raw/gep5_4362.evio.0.0",MISSING
4363,,,,,"/cache/halla/sbs/GEp/raw/gep5_4363.evio.0.0",MISSING
4364,,,,,"/cache/halla/sbs/GEp/raw/gep5_4364.evio.0.0",MISSING
4365,,,,,"/cache/halla/sbs/GEp/raw/gep5_4365.evio.0.0",MISSING
4366,,,,,"/cache/halla/sbs/GEp/raw/gep5_4366.evio.0.0",MISSING
4367,,,,,"/cache/halla/sbs/GEp/raw/gep5_4367.evio.0.0",MISSING
4368,,,,,"/cache/halla/sbs/GEp/raw/gep5_4368.evio.0.0",MISSING
4369,,,,,"/cache/halla/sbs/GEp/raw/gep5_4369.evio.0.0",MISSING
4370,,,,,"/cache/halla/sbs/GEp/raw/gep5_4370.evio.0.0",MISSING
4371,,,,,"/cache/halla/sbs/GEp/raw/gep5_4371.evio.0.0",MISSING
4372,,,,,"/cache/halla/sbs/GEp/raw/gep5_4372.evio.0.0",MISSING
4373,,,,,"/cache/halla/sbs/GEp/raw/gep5_4373.evio.0.0",MISSING
4374,,,,,"/cache/halla/sbs/GEp/raw/gep5_4374.evio.0.0",MISSING
4375,,,,,"/cache/halla/sbs/GEp/raw/gep5_4375.evio.0.0",MISSING
4376,,,,,"/cache/halla/sbs/GEp/raw/gep5_4376.evio.0.0",MISSING
4377,,,,,"/cache/halla/sbs/GEp/raw/gep5_4377.evio.0.0",MISSING
4378,,,,,"/cache/halla/sbs/GEp/raw/gep5_4378.evio.0.0",MISSING
4379,,,,,"/cache/halla/sbs/GEp/raw/gep5_4379.evio.0.0",MISSING
4380,,,,,"/cache/halla/sbs/GEp/raw/gep5_4380.evio.0.0",MISSING
4381,,,,,"/cache/halla/sbs/GEp/raw/gep5_4381.evio.0.0",MISSING
4382,,,,,"/cache/halla/sbs/GEp/raw/gep5_4382.evio.0.0",MISSING
4383,,,,,"/cache/halla/sbs/GEp/raw/gep5_4383.evio.0.0",MISSING
4384,,,,,"/cache/halla/sbs/GEp/raw/gep5_4384.evio.0.0",MISSING
4385,,,,,"/cache/halla/sbs/GEp/raw/gep5_4385.evio.0.0",MISSING
4386,,,,,"/cache/halla/sbs/GEp/raw/gep5_4386.evio.0.0",MISSING
4387,,,,,"/cache/halla/sbs/GEp/raw/gep5_4387.evio.0.0",MISSING
4388,,,,,"/cache/halla/sbs/GEp/raw/gep5_4388.evio.0.0",MISSING
4389,,,,,"/cache/halla/sbs/GEp/raw/gep5_4389.evio.0.0",MISSING
4390,,,,,"/cache/halla/sbs/GEp/raw/gep5_4390.evio.0.0",MISSING
4391,,,,,"/cache/halla/sbs/GEp/raw/gep5_4391.evio.0.0",MISSING
4392,,,,,"/cache/halla/sbs/GEp/raw/gep5_4392.evio.0.0",MISSING
4393,,,,,"/cache/halla/sbs/GEp/raw/gep5_4393.evio.0.0",MISSING
4394,,,,,"/cache/halla/sbs/GEp/raw/gep5_4394.evio.0.0",MISSING
4395,,,,,"/cache/halla/sbs/GEp/raw/gep5_4395.evio.0.0",MISSING
4396,,,,,"/cache/halla/sbs/GEp/raw/gep5_4396.evio.0.0",MISSING
4397,,,,,"/cache/halla/sbs/GEp/raw/gep5_4397.evio.0.0",MISSING
4398,,,,,"/cache/halla/sbs/GEp/raw/gep5_4398.evio.0.0",MISSING
4399,,,,,"/cache/halla/sbs/GEp/raw/gep5_4399.evio.0.0",MISSING
4400,4400,"2025-06-06 17:46:34",1749246394,"-------[ 2025-06-06 17:46:34 ]","/cache/halla/sbs/GEp/raw/gep5_4400.evio.0.0",OK
4401,,,,,"/cache/halla/sbs/GEp/raw/gep5_4401.evio.0.0",MISSING
4402,,,,,"/cache/halla/sbs/GEp/raw/gep5_4402.evio.0.0",MISSING
4403,4403,"2025-06-06 18:22:12",1749248532,"-------[ 2025-06-06 18:22:12 ]","/cache/halla/sbs/GEp/raw/gep5_4403.evio.0.0",OK
4404,,,,,"/cache/halla/sbs/GEp/raw/gep5_4404.evio.0.0",MISSING
4405,,,,,"/cache/halla/sbs/GEp/raw/gep5_4405.evio.0.0",MISSING
4406,,,,,"/cache/halla/sbs/GEp/raw/gep5_4406.evio.0.0",MISSING
4407,,,,,"/cache/halla/sbs/GEp/raw/gep5_4407.evio.0.0",MISSING
4408,,,,,"/cache/halla/sbs/GEp/raw/gep5_4408.evio.0.0",MISSING
4409,,,,,"/cache/halla/sbs/GEp/raw/gep5_4409.evio.0.0",MISSING
4410,,,,,"/cache/halla/sbs/GEp/raw/gep5_4410.evio.0.0",MISSING
4411,,,,,"/cache/halla/sbs/GEp/raw/gep5_4411.evio.0.0",MISSING
4412,,,,,"/cache/halla/sbs/GEp/raw/gep5_4412.evio.0.0",MISSING
4413,,,,,"/cache/halla/sbs/GEp/raw/gep5_4413.evio.0.0",MISSING
4414,,,,,"/cache/halla/sbs/GEp/raw/gep5_4414.evio.0.0",MISSING
4415,,,,,"/cache/halla/sbs/GEp/raw/gep5_4415.evio.0.0",MISSING
4416,,,,,"/cache/halla/sbs/GEp/raw/gep5_4416.evio.0.0",MISSING
4417,,,,,"/cache/halla/sbs/GEp/raw/gep5_4417.evio.0.0",MISSING
4418,,,,,"/cache/halla/sbs/GEp/raw/gep5_4418.evio.0.0",MISSING
4419,,,,,"/cache/halla/sbs/GEp/raw/gep5_4419.evio.0.0",MISSING
4420,,,,,"/cache/halla/sbs/GEp/raw/gep5_4420.evio.0.0",MISSING
4421,,,,,"/cache/halla/sbs/GEp/raw/gep5_4421.evio.0.0",MISSING
4422,,,,,"/cache/halla/sbs/GEp/raw/gep5_4422.evio.0.0",MISSING
4423,,,,,"/cache/halla/sbs/GEp/raw/gep5_4423.evio.0.0",MISSING
4424,,,,,"/cache/halla/sbs/GEp/raw/gep5_4424.evio.0.0",MISSING
4425,,,,,"/cache/halla/sbs/GEp/raw/gep5_4425.evio.0.0",MISSING
4426,,,,,"/cache/halla/sbs/GEp/raw/gep5_4426.evio.0.0",MISSING
4427,,,,,"/cache/halla/sbs/GEp/raw/gep5_4427.evio.0.0",MISSING
4428,,,,,"/cache/halla/sbs/GEp/raw/gep5_4428.evio.0.0",MISSING
4429,,,,,"/cache/halla/sbs/GEp/raw/gep5_4429.evio.0.0",MISSING
4430,,,,,"/cache/halla/sbs/GEp/raw/gep5_4430.evio.0.0",MISSING
4431,,,,,"/cache/halla/sbs/GEp/raw/gep5_4431.evio.0.0",MISSING
4432,,,,,"/cache/halla/sbs/GEp/raw/gep5_4432.evio.0.0",MISSING
4433,,,,,"/cache/halla/sbs/GEp/raw/gep5_4433.evio.0.0",MISSING
4434,,,,,"/cache/halla/sbs/GEp/raw/gep5_4434.evio.0.0",MISSING
4435,,,,,"/cache/halla/sbs/GEp/raw/gep5_4435.evio.0.0",MISSING
4436,,,,,"/cache/halla/sbs/GEp/raw/gep5_4436.evio.0.0",MISSING
4437,,,,,"/cache/halla/sbs/GEp/raw/gep5_4437.evio.0.0",MISSING
4438,,,,,"/cache/halla/sbs/GEp/raw/gep5_4438.evio.0.0",MISSING
4439,,,,,"/cache/halla/sbs/GEp/raw/gep5_4439.evio.0.0",MISSING
4440,,,,,"/cache/halla/sbs/GEp/raw/gep5_4440.evio.0.0",MISSING
4441,,,,,"/cache/halla/sbs/GEp/raw/gep5_4441.evio.0.0",MISSING
4442,,,,,"/cache/halla/sbs/GEp/raw/gep5_4442.evio.0.0",MISSING
4443,,,,,"/cache/halla/sbs/GEp/raw/gep5_4443.evio.0.0",MISSING
4444,,,,,"/cache/halla/sbs/GEp/raw/gep5_4444.evio.0.0",MISSING
4445,,,,,"/cache/halla/sbs/GEp/raw/gep5_4445.evio.0.0",MISSING
4446,,,,,"/cache/halla/sbs/GEp/raw/gep5_4446.evio.0.0",MISSING
4447,,,,,"/cache/halla/sbs/GEp/raw/gep5_4447.evio.0.0",MISSING
4448,,,,,"/cache/halla/sbs/GEp/raw/gep5_4448.evio.0.0",MISSING
4449,,,,,"/cache/halla/sbs/GEp/raw/gep5_4449.evio.0.0",MISSING
4450,,,,,"/cache/halla/sbs/GEp/raw/gep5_4450.evio.0.0",MISSING
4451,,,,,"/cache/halla/sbs/GEp/raw/gep5_4451.evio.0.0",MISSING
4452,,,,,"/cache/halla/sbs/GEp/raw/gep5_4452.evio.0.0",MISSING
4453,,,,,"/cache/halla/sbs/GEp/raw/gep5_4453.evio.0.0",MISSING
4454,,,,,"/cache/halla/sbs/GEp/raw/gep5_4454.evio.0.0",MISSING
4455,,,,,"/cache/halla/sbs/GEp/raw/gep5_4455.evio.0.0",MISSING
4456,,,,,"/cache/halla/sbs/GEp/raw/gep5_4456.evio.0.0",MISSING
4457,,,,,"/cache/halla/sbs/GEp/raw/gep5_4457.evio.0.0",MISSING
4458,,,,,"/cache/halla/sbs/GEp/raw/gep5_4458.evio.0.0",MISSING
4459,,,,,"/cache/halla/sbs/GEp/raw/gep5_4459.evio.0.0",MISSING
4460,,,,,"/cache/halla/sbs/GEp/raw/gep5_4460.evio.0.0",MISSING
4461,,,,,"/cache/halla/sbs/GEp/raw/gep5_4461.evio.0.0",MISSING
4462,,,,,"/cache/halla/sbs/GEp/raw/gep5_4462.evio.0.0",MISSING
4463,,,,,"/cache/halla/sbs/GEp/raw/gep5_4463.evio.0.0",MISSING
4464,,,,,"/cache/halla/sbs/GEp/raw/gep5_4464.evio.0.0",MISSING
4465,,,,,"/cache/halla/sbs/GEp/raw/gep5_4465.evio.0.0",MISSING
4466,,,,,"/cache/halla/sbs/GEp/raw/gep5_4466.evio.0.0",MISSING
4467,,,,,"/cache/halla/sbs/GEp/raw/gep5_4467.evio.0.0",MISSING
4468,,,,,"/cache/halla/sbs/GEp/raw/gep5_4468.evio.0.0",MISSING
4469,,,,,"/cache/halla/sbs/GEp/raw/gep5_4469.evio.0.0",MISSING
4470,,,,,"/cache/halla/sbs/GEp/raw/gep5_4470.evio.0.0",MISSING
4471,,,,,"/cache/halla/sbs/GEp/raw/gep5_4471.evio.0.0",MISSING
4472,,,,,"/cache/halla/sbs/GEp/raw/gep5_4472.evio.0.0",MISSING
4473,,,,,"/cache/halla/sbs/GEp/raw/gep5_4473.evio.0.0",MISSING
4474,,,,,"/cache/halla/sbs/GEp/raw/gep5_4474.evio.0.0",MISSING
4475,,,,,"/cache/halla/sbs/GEp/raw/gep5_4475.evio.0.0",MISSING
4476,,,,,"/cache/halla/sbs/GEp/raw/gep5_4476.evio.0.0",MISSING
4477,,,,,"/cache/halla/sbs/GEp/raw/gep5_4477.evio.0.0",MISSING
4478,,,,,"/cache/halla/sbs/GEp/raw/gep5_4478.evio.0.0",MISSING
4479,,,,,"/cache/halla/sbs/GEp/raw/gep5_4479.evio.0.0",MISSING
4480,,,,,"/cache/halla/sbs/GEp/raw/gep5_4480.evio.0.0",MISSING
4481,,,,,"/cache/halla/sbs/GEp/raw/gep5_4481.evio.0.0",MISSING
4482,,,,,"/cache/halla/sbs/GEp/raw/gep5_4482.evio.0.0",MISSING
4483,,,,,"/cache/halla/sbs/GEp/raw/gep5_4483.evio.0.0",MISSING
4484,,,,,"/cache/halla/sbs/GEp/raw/gep5_4484.evio.0.0",MISSING
4485,,,,,"/cache/halla/sbs/GEp/raw/gep5_4485.evio.0.0",MISSING
4486,,,,,"/cache/halla/sbs/GEp/raw/gep5_4486.evio.0.0",MISSING
4487,,,,,"/cache/halla/sbs/GEp/raw/gep5_4487.evio.0.0",MISSING
4488,,,,,"/cache/halla/sbs/GEp/raw/gep5_4488.evio.0.0",MISSING
4489,,,,,"/cache/halla/sbs/GEp/raw/gep5_4489.evio.0.0",MISSING
4490,,,,,"/cache/halla/sbs/GEp/raw/gep5_4490.evio.0.0",MISSING
4491,,,,,"/cache/halla/sbs/GEp/raw/gep5_4491.evio.0.0",MISSING
4492,,,,,"/cache/halla/sbs/GEp/raw/gep5_4492.evio.0.0",MISSING
4493,,,,,"/cache/halla/sbs/GEp/raw/gep5_4493.evio.0.0",MISSING
4494,,,,,"/cache/halla/sbs/GEp/raw/gep5_4494.evio.0.0",MISSING
4495,,,,,"/cache/halla/sbs/GEp/raw/gep5_4495.evio.0.0",MISSING
4496,,,,,"/cache/halla/sbs/GEp/raw/gep5_4496.evio.0.0",MISSING
4497,,,,,"/cache/halla/sbs/GEp/raw/gep5_4497.evio.0.0",MISSING
4498,,,,,"/cache/halla/sbs/GEp/raw/gep5_4498.evio.0.0",MISSING
4499,,,,,"/cache/halla/sbs/GEp/raw/gep5_4499.evio.0.0",MISSING
4500,,,,,"/cache/halla/sbs/GEp/raw/gep5_4500.evio.0.0",MISSING
4501,,,,,"/cache/halla/sbs/GEp/raw/gep5_4501.evio.0.0",MISSING
4502,,,,,"/cache/halla/sbs/GEp/raw/gep5_4502.evio.0.0",MISSING
4503,,,,,"/cache/halla/sbs/GEp/raw/gep5_4503.evio.0.0",MISSING
4504,,,,,"/cache/halla/sbs/GEp/raw/gep5_4504.evio.0.0",MISSING
4505,,,,,"/cache/halla/sbs/GEp/raw/gep5_4505.evio.0.0",MISSING
4506,,,,,"/cache/halla/sbs/GEp/raw/gep5_4506.evio.0.0",MISSING
4507,,,,,"/cache/halla/sbs/GEp/raw/gep5_4507.evio.0.0",MISSING
4508,,,,,"/cache/halla/sbs/GEp/raw/gep5_4508.evio.0.0",MISSING
4509,,,,,"/cache/halla/sbs/GEp/raw/gep5_4509.evio.0.0",MISSING
4510,,,,,"/cache/halla/sbs/GEp/raw/gep5_4510.evio.0.0",MISSING
4511,,,,,"/cache/halla/sbs/GEp/raw/gep5_4511.evio.0.0",MISSING
4512,,,,,"/cache/halla/sbs/GEp/raw/gep5_4512.evio.0.0",MISSING
4513,,,,,"/cache/halla/sbs/GEp/raw/gep5_4513.evio.0.0",MISSING
4514,,,,,"/cache/halla/sbs/GEp/raw/gep5_4514.evio.0.0",MISSING
4515,,,,,"/cache/halla/sbs/GEp/raw/gep5_4515.evio.0.0",MISSING
4516,,,,,"/cache/halla/sbs/GEp/raw/gep5_4516.evio.0.0",MISSING
4517,,,,,"/cache/halla/sbs/GEp/raw/gep5_4517.evio.0.0",MISSING
4518,,,,,"/cache/halla/sbs/GEp/raw/gep5_4518.evio.0.0",MISSING
4519,,,,,"/cache/halla/sbs/GEp/raw/gep5_4519.evio.0.0",MISSING
4520,,,,,"/cache/halla/sbs/GEp/raw/gep5_4520.evio.0.0",MISSING
4521,,,,,"/cache/halla/sbs/GEp/raw/gep5_4521.evio.0.0",MISSING
4522,,,,,"/cache/halla/sbs/GEp/raw/gep5_4522.evio.0.0",MISSING
4523,,,,,"/cache/halla/sbs/GEp/raw/gep5_4523.evio.0.0",MISSING
4524,,,,,"/cache/halla/sbs/GEp/raw/gep5_4524.evio.0.0",MISSING
4525,,,,,"/cache/halla/sbs/GEp/raw/gep5_4525.evio.0.0",MISSING
4526,,,,,"/cache/halla/sbs/GEp/raw/gep5_4526.evio.0.0",MISSING
4527,,,,,"/cache/halla/sbs/GEp/raw/gep5_4527.evio.0.0",MISSING
4528,,,,,"/cache/halla/sbs/GEp/raw/gep5_4528.evio.0.0",MISSING
4529,,,,,"/cache/halla/sbs/GEp/raw/gep5_4529.evio.0.0",MISSING
4530,,,,,"/cache/halla/sbs/GEp/raw/gep5_4530.evio.0.0",MISSING
4531,,,,,"/cache/halla/sbs/GEp/raw/gep5_4531.evio.0.0",MISSING
4532,,,,,"/cache/halla/sbs/GEp/raw/gep5_4532.evio.0.0",MISSING
4533,,,,,"/cache/halla/sbs/GEp/raw/gep5_4533.evio.0.0",MISSING
4534,,,,,"/cache/halla/sbs/GEp/raw/gep5_4534.evio.0.0",MISSING
4535,,,,,"/cache/halla/sbs/GEp/raw/gep5_4535.evio.0.0",MISSING
4536,,,,,"/cache/halla/sbs/GEp/raw/gep5_4536.evio.0.0",MISSING
4537,,,,,"/cache/halla/sbs/GEp/raw/gep5_4537.evio.0.0",MISSING
4538,,,,,"/cache/halla/sbs/GEp/raw/gep5_4538.evio.0.0",MISSING
4539,,,,,"/cache/halla/sbs/GEp/raw/gep5_4539.evio.0.0",MISSING
4540,,,,,"/cache/halla/sbs/GEp/raw/gep5_4540.evio.0.0",MISSING
4541,,,,,"/cache/halla/sbs/GEp/raw/gep5_4541.evio.0.0",MISSING
4542,,,,,"/cache/halla/sbs/GEp/raw/gep5_4542.evio.0.0",MISSING
4543,,,,,"/cache/halla/sbs/GEp/raw/gep5_4543.evio.0.0",MISSING
4544,,,,,"/cache/halla/sbs/GEp/raw/gep5_4544.evio.0.0",MISSING
4545,,,,,"/cache/halla/sbs/GEp/raw/gep5_4545.evio.0.0",MISSING
4546,,,,,"/cache/halla/sbs/GEp/raw/gep5_4546.evio.0.0",MISSING
4547,,,,,"/cache/halla/sbs/GEp/raw/gep5_4547.evio.0.0",MISSING
4548,,,,,"/cache/halla/sbs/GEp/raw/gep5_4548.evio.0.0",MISSING
4549,,,,,"/cache/halla/sbs/GEp/raw/gep5_4549.evio.0.0",MISSING
4550,,,,,"/cache/halla/sbs/GEp/raw/gep5_4550.evio.0.0",MISSING
4551,,,,,"/cache/halla/sbs/GEp/raw/gep5_4551.evio.0.0",MISSING
4552,,,,,"/cache/halla/sbs/GEp/raw/gep5_4552.evio.0.0",MISSING
4553,,,,,"/cache/halla/sbs/GEp/raw/gep5_4553.evio.0.0",MISSING
4554,,,,,"/cache/halla/sbs/GEp/raw/gep5_4554.evio.0.0",MISSING
4555,,,,,"/cache/halla/sbs/GEp/raw/gep5_4555.evio.0.0",MISSING
4556,,,,,"/cache/halla/sbs/GEp/raw/gep5_4556.evio.0.0",MISSING
4557,,,,,"/cache/halla/sbs/GEp/raw/gep5_4557.evio.0.0",MISSING
4558,,,,,"/cache/halla/sbs/GEp/raw/gep5_4558.evio.0.0",MISSING
4559,,,,,"/cache/halla/sbs/GEp/raw/gep5_4559.evio.0.0",MISSING
4560,,,,,"/cache/halla/sbs/GEp/raw/gep5_4560.evio.0.0",MISSING
4561,,,,,"/cache/halla/sbs/GEp/raw/gep5_4561.evio.0.0",MISSING
4562,,,,,"/cache/halla/sbs/GEp/raw/gep5_4562.evio.0.0",MISSING
4563,,,,,"/cache/halla/sbs/GEp/raw/gep5_4563.evio.0.0",MISSING
4564,,,,,"/cache/halla/sbs/GEp/raw/gep5_4564.evio.0.0",MISSING
4565,,,,,"/cache/halla/sbs/GEp/raw/gep5_4565.evio.0.0",MISSING
4566,,,,,"/cache/halla/sbs/GEp/raw/gep5_4566.evio.0.0",MISSING
4567,,,,,"/cache/halla/sbs/GEp/raw/gep5_4567.evio.0.0",MISSING
4568,,,,,"/cache/halla/sbs/GEp/raw/gep5_4568.evio.0.0",MISSING
4569,,,,,"/cache/halla/sbs/GEp/raw/gep5_4569.evio.0.0",MISSING
4570,,,,,"/cache/halla/sbs/GEp/raw/gep5_4570.evio.0.0",MISSING
4571,,,,,"/cache/halla/sbs/GEp/raw/gep5_4571.evio.0.0",MISSING
4572,,,,,"/cache/halla/sbs/GEp/raw/gep5_4572.evio.0.0",MISSING
4573,,,,,"/cache/halla/sbs/GEp/raw/gep5_4573.evio.0.0",MISSING
4574,,,,,"/cache/halla/sbs/GEp/raw/gep5_4574.evio.0.0",MISSING
4575,,,,,"/cache/halla/sbs/GEp/raw/gep5_4575.evio.0.0",MISSING
4576,,,,,"/cache/halla/sbs/GEp/raw/gep5_4576.evio.0.0",MISSING
4577,,,,,"/cache/halla/sbs/GEp/raw/gep5_4577.evio.0.0",MISSING
4578,,,,,"/cache/halla/sbs/GEp/raw/gep5_4578.evio.0.0",MISSING
4579,,,,,"/cache/halla/sbs/GEp/raw/gep5_4579.evio.0.0",MISSING
4580,,,,,"/cache/halla/sbs/GEp/raw/gep5_4580.evio.0.0",MISSING
4581,,,,,"/cache/halla/sbs/GEp/raw/gep5_4581.evio.0.0",MISSING
4582,,,,,"/cache/halla/sbs/GEp/raw/gep5_4582.evio.0.0",MISSING
4583,,,,,"/cache/halla/sbs/GEp/raw/gep5_4583.evio.0.0",MISSING
4584,,,,,"/cache/halla/sbs/GEp/raw/gep5_4584.evio.0.0",MISSING
4585,,,,,"/cache/halla/sbs/GEp/raw/gep5_4585.evio.0.0",MISSING
4586,,,,,"/cache/halla/sbs/GEp/raw/gep5_4586.evio.0.0",MISSING
4587,,,,,"/cache/halla/sbs/GEp/raw/gep5_4587.evio.0.0",MISSING
4588,,,,,"/cache/halla/sbs/GEp/raw/gep5_4588.evio.0.0",MISSING
4589,,,,,"/cache/halla/sbs/GEp/raw/gep5_4589.evio.0.0",MISSING
4590,,,,,"/cache/halla/sbs/GEp/raw/gep5_4590.evio.0.0",MISSING
4591,,,,,"/cache/halla/sbs/GEp/raw/gep5_4591.evio.0.0",MISSING
4592,,,,,"/cache/halla/sbs/GEp/raw/gep5_4592.evio.0.0",MISSING
4593,,,,,"/cache/halla/sbs/GEp/raw/gep5_4593.evio.0.0",MISSING
4594,,,,,"/cache/halla/sbs/GEp/raw/gep5_4594.evio.0.0",MISSING
4595,,,,,"/cache/halla/sbs/GEp/raw/gep5_4595.evio.0.0",MISSING
4596,,,,,"/cache/halla/sbs/GEp/raw/gep5_4596.evio.0.0",MISSING
4597,,,,,"/cache/halla/sbs/GEp/raw/gep5_4597.evio.0.0",MISSING
4598,,,,,"/cache/halla/sbs/GEp/raw/gep5_4598.evio.0.0",MISSING
4599,,,,,"/cache/halla/sbs/GEp/raw/gep5_4599.evio.0.0",MISSING
4600,,,,,"/cache/halla/sbs/GEp/raw/gep5_4600.evio.0.0",MISSING
4601,,,,,"/cache/halla/sbs/GEp/raw/gep5_4601.evio.0.0",MISSING
4602,,,,,"/cache/halla/sbs/GEp/raw/gep5_4602.evio.0.0",MISSING
4603,,,,,"/cache/halla/sbs/GEp/raw/gep5_4603.evio.0.0",MISSING
4604,,,,,"/cache/halla/sbs/GEp/raw/gep5_4604.evio.0.0",MISSING
4605,,,,,"/cache/halla/sbs/GEp/raw/gep5_4605.evio.0.0",MISSING
4606,,,,,"/cache/halla/sbs/GEp/raw/gep5_4606.evio.0.0",MISSING
4607,,,,,"/cache/halla/sbs/GEp/raw/gep5_4607.evio.0.0",MISSING
4608,,,,,"/cache/halla/sbs/GEp/raw/gep5_4608.evio.0.0",MISSING
4609,,,,,"/cache/halla/sbs/GEp/raw/gep5_4609.evio.0.0",MISSING
4610,,,,,"/cache/halla/sbs/GEp/raw/gep5_4610.evio.0.0",MISSING
4611,,,,,"/cache/halla/sbs/GEp/raw/gep5_4611.evio.0.0",MISSING
4612,,,,,"/cache/halla/sbs/GEp/raw/gep5_4612.evio.0.0",MISSING
4613,,,,,"/cache/halla/sbs/GEp/raw/gep5_4613.evio.0.0",MISSING
4614,,,,,"/cache/halla/sbs/GEp/raw/gep5_4614.evio.0.0",MISSING
4615,,,,,"/cache/halla/sbs/GEp/raw/gep5_4615.evio.0.0",MISSING
4616,,,,,"/cache/halla/sbs/GEp/raw/gep5_4616.evio.0.0",MISSING
4617,,,,,"/cache/halla/sbs/GEp/raw/gep5_4617.evio.0.0",MISSING
4618,,,,,"/cache/halla/sbs/GEp/raw/gep5_4618.evio.0.0",MISSING
4619,,,,,"/cache/halla/sbs/GEp/raw/gep5_4619.evio.0.0",MISSING
4620,,,,,"/cache/halla/sbs/GEp/raw/gep5_4620.evio.0.0",MISSING
4621,,,,,"/cache/halla/sbs/GEp/raw/gep5_4621.evio.0.0",MISSING
4622,,,,,"/cache/halla/sbs/GEp/raw/gep5_4622.evio.0.0",MISSING
4623,,,,,"/cache/halla/sbs/GEp/raw/gep5_4623.evio.0.0",MISSING
4624,,,,,"/cache/halla/sbs/GEp/raw/gep5_4624.evio.0.0",MISSING
4625,,,,,"/cache/halla/sbs/GEp/raw/gep5_4625.evio.0.0",MISSING
4626,,,,,"/cache/halla/sbs/GEp/raw/gep5_4626.evio.0.0",MISSING
4627,,,,,"/cache/halla/sbs/GEp/raw/gep5_4627.evio.0.0",MISSING
4628,,,,,"/cache/halla/sbs/GEp/raw/gep5_4628.evio.0.0",MISSING
4629,,,,,"/cache/halla/sbs/GEp/raw/gep5_4629.evio.0.0",MISSING
4630,,,,,"/cache/halla/sbs/GEp/raw/gep5_4630.evio.0.0",MISSING
4631,,,,,"/cache/halla/sbs/GEp/raw/gep5_4631.evio.0.0",MISSING
4632,,,,,"/cache/halla/sbs/GEp/raw/gep5_4632.evio.0.0",MISSING
4633,,,,,"/cache/halla/sbs/GEp/raw/gep5_4633.evio.0.0",MISSING
4634,,,,,"/cache/halla/sbs/GEp/raw/gep5_4634.evio.0.0",MISSING
4635,,,,,"/cache/halla/sbs/GEp/raw/gep5_4635.evio.0.0",MISSING
4636,,,,,"/cache/halla/sbs/GEp/raw/gep5_4636.evio.0.0",MISSING
4637,,,,,"/cache/halla/sbs/GEp/raw/gep5_4637.evio.0.0",MISSING
4638,,,,,"/cache/halla/sbs/GEp/raw/gep5_4638.evio.0.0",MISSING
4639,,,,,"/cache/halla/sbs/GEp/raw/gep5_4639.evio.0.0",MISSING
4640,,,,,"/cache/halla/sbs/GEp/raw/gep5_4640.evio.0.0",MISSING
4641,,,,,"/cache/halla/sbs/GEp/raw/gep5_4641.evio.0.0",MISSING
4642,,,,,"/cache/halla/sbs/GEp/raw/gep5_4642.evio.0.0",MISSING
4643,,,,,"/cache/halla/sbs/GEp/raw/gep5_4643.evio.0.0",MISSING
4644,,,,,"/cache/halla/sbs/GEp/raw/gep5_4644.evio.0.0",MISSING
4645,,,,,"/cache/halla/sbs/GEp/raw/gep5_4645.evio.0.0",MISSING
4646,,,,,"/cache/halla/sbs/GEp/raw/gep5_4646.evio.0.0",MISSING
4647,,,,,"/cache/halla/sbs/GEp/raw/gep5_4647.evio.0.0",MISSING
4648,,,,,"/cache/halla/sbs/GEp/raw/gep5_4648.evio.0.0",MISSING
4649,,,,,"/cache/halla/sbs/GEp/raw/gep5_4649.evio.0.0",MISSING
4650,,,,,"/cache/halla/sbs/GEp/raw/gep5_4650.evio.0.0",MISSING
4651,,,,,"/cache/halla/sbs/GEp/raw/gep5_4651.evio.0.0",MISSING
4652,,,,,"/cache/halla/sbs/GEp/raw/gep5_4652.evio.0.0",MISSING
4653,,,,,"/cache/halla/sbs/GEp/raw/gep5_4653.evio.0.0",MISSING
4654,,,,,"/cache/halla/sbs/GEp/raw/gep5_4654.evio.0.0",MISSING
4655,,,,,"/cache/halla/sbs/GEp/raw/gep5_4655.evio.0.0",MISSING
4656,,,,,"/cache/halla/sbs/GEp/raw/gep5_4656.evio.0.0",MISSING
4657,,,,,"/cache/halla/sbs/GEp/raw/gep5_4657.evio.0.0",MISSING
4658,,,,,"/cache/halla/sbs/GEp/raw/gep5_4658.evio.0.0",MISSING
4659,,,,,"/cache/halla/sbs/GEp/raw/gep5_4659.evio.0.0",MISSING
4660,,,,,"/cache/halla/sbs/GEp/raw/gep5_4660.evio.0.0",MISSING
4661,,,,,"/cache/halla/sbs/GEp/raw/gep5_4661.evio.0.0",MISSING
4662,,,,,"/cache/halla/sbs/GEp/raw/gep5_4662.evio.0.0",MISSING
4663,,,,,"/cache/halla/sbs/GEp/raw/gep5_4663.evio.0.0",MISSING
4664,,,,,"/cache/halla/sbs/GEp/raw/gep5_4664.evio.0.0",MISSING
4665,,,,,"/cache/halla/sbs/GEp/raw/gep5_4665.evio.0.0",MISSING
4666,,,,,"/cache/halla/sbs/GEp/raw/gep5_4666.evio.0.0",MISSING
4667,,,,,"/cache/halla/sbs/GEp/raw/gep5_4667.evio.0.0",MISSING
4668,,,,,"/cache/halla/sbs/GEp/raw/gep5_4668.evio.0.0",MISSING
4669,,,,,"/cache/halla/sbs/GEp/raw/gep5_4669.evio.0.0",MISSING
4670,,,,,"/cache/halla/sbs/GEp/raw/gep5_4670.evio.0.0",MISSING
4671,,,,,"/cache/halla/sbs/GEp/raw/gep5_4671.evio.0.0",MISSING
4672,,,,,"/cache/halla/sbs/GEp/raw/gep5_4672.evio.0.0",MISSING
4673,,,,,"/cache/halla/sbs/GEp/raw/gep5_4673.evio.0.0",MISSING
4674,,,,,"/cache/halla/sbs/GEp/raw/gep5_4674.evio.0.0",MISSING
4675,,,,,"/cache/halla/sbs/GEp/raw/gep5_4675.evio.0.0",MISSING
4676,,,,,"/cache/halla/sbs/GEp/raw/gep5_4676.evio.0.0",MISSING
4677,,,,,"/cache/halla/sbs/GEp/raw/gep5_4677.evio.0.0",MISSING
4678,,,,,"/cache/halla/sbs/GEp/raw/gep5_4678.evio.0.0",MISSING
4679,,,,,"/cache/halla/sbs/GEp/raw/gep5_4679.evio.0.0",MISSING
4680,,,,,"/cache/halla/sbs/GEp/raw/gep5_4680.evio.0.0",MISSING
4681,,,,,"/cache/halla/sbs/GEp/raw/gep5_4681.evio.0.0",MISSING
4682,,,,,"/cache/halla/sbs/GEp/raw/gep5_4682.evio.0.0",MISSING
4683,,,,,"/cache/halla/sbs/GEp/raw/gep5_4683.evio.0.0",MISSING
4684,,,,,"/cache/halla/sbs/GEp/raw/gep5_4684.evio.0.0",MISSING
4685,,,,,"/cache/halla/sbs/GEp/raw/gep5_4685.evio.0.0",MISSING
4686,,,,,"/cache/halla/sbs/GEp/raw/gep5_4686.evio.0.0",MISSING
4687,,,,,"/cache/halla/sbs/GEp/raw/gep5_4687.evio.0.0",MISSING
4688,,,,,"/cache/halla/sbs/GEp/raw/gep5_4688.evio.0.0",MISSING
4689,,,,,"/cache/halla/sbs/GEp/raw/gep5_4689.evio.0.0",MISSING
4690,,,,,"/cache/halla/sbs/GEp/raw/gep5_4690.evio.0.0",MISSING
4691,,,,,"/cache/halla/sbs/GEp/raw/gep5_4691.evio.0.0",MISSING
4692,,,,,"/cache/halla/sbs/GEp/raw/gep5_4692.evio.0.0",MISSING
4693,,,,,"/cache/halla/sbs/GEp/raw/gep5_4693.evio.0.0",MISSING
4694,,,,,"/cache/halla/sbs/GEp/raw/gep5_4694.evio.0.0",MISSING
4695,,,,,"/cache/halla/sbs/GEp/raw/gep5_4695.evio.0.0",MISSING
4696,,,,,"/cache/halla/sbs/GEp/raw/gep5_4696.evio.0.0",MISSING
4697,,,,,"/cache/halla/sbs/GEp/raw/gep5_4697.evio.0.0",MISSING
4698,,,,,"/cache/halla/sbs/GEp/raw/gep5_4698.evio.0.0",MISSING
4699,,,,,"/cache/halla/sbs/GEp/raw/gep5_4699.evio.0.0",MISSING
4700,,,,,"/cache/halla/sbs/GEp/raw/gep5_4700.evio.0.0",MISSING
4701,,,,,"/cache/halla/sbs/GEp/raw/gep5_4701.evio.0.0",MISSING
4702,,,,,"/cache/halla/sbs/GEp/raw/gep5_4702.evio.0.0",MISSING
4703,,,,,"/cache/halla/sbs/GEp/raw/gep5_4703.evio.0.0",MISSING
4704,,,,,"/cache/halla/sbs/GEp/raw/gep5_4704.evio.0.0",MISSING
4705,,,,,"/cache/halla/sbs/GEp/raw/gep5_4705.evio.0.0",MISSING
4706,,,,,"/cache/halla/sbs/GEp/raw/gep5_4706.evio.0.0",MISSING
4707,,,,,"/cache/halla/sbs/GEp/raw/gep5_4707.evio.0.0",MISSING
4708,,,,,"/cache/halla/sbs/GEp/raw/gep5_4708.evio.0.0",MISSING
4709,,,,,"/cache/halla/sbs/GEp/raw/gep5_4709.evio.0.0",MISSING
4710,,,,,"/cache/halla/sbs/GEp/raw/gep5_4710.evio.0.0",MISSING
4711,,,,,"/cache/halla/sbs/GEp/raw/gep5_4711.evio.0.0",MISSING
4712,,,,,"/cache/halla/sbs/GEp/raw/gep5_4712.evio.0.0",MISSING
4713,,,,,"/cache/halla/sbs/GEp/raw/gep5_4713.evio.0.0",MISSING
4714,,,,,"/cache/halla/sbs/GEp/raw/gep5_4714.evio.0.0",MISSING
4715,,,,,"/cache/halla/sbs/GEp/raw/gep5_4715.evio.0.0",MISSING
4716,,,,,"/cache/halla/sbs/GEp/raw/gep5_4716.evio.0.0",MISSING
4717,,,,,"/cache/halla/sbs/GEp/raw/gep5_4717.evio.0.0",MISSING
4718,,,,,"/cache/halla/sbs/GEp/raw/gep5_4718.evio.0.0",MISSING
4719,,,,,"/cache/halla/sbs/GEp/raw/gep5_4719.evio.0.0",MISSING
4720,,,,,"/cache/halla/sbs/GEp/raw/gep5_4720.evio.0.0",MISSING
4721,,,,,"/cache/halla/sbs/GEp/raw/gep5_4721.evio.0.0",MISSING
4722,4722,"2025-06-18 01:09:03",1750223343,"-------[ 2025-06-18 01:09:03 ]","/cache/halla/sbs/GEp/raw/gep5_4722.evio.0.0",OK
4723,,,,,"/cache/halla/sbs/GEp/raw/gep5_4723.evio.0.0",MISSING
4724,4724,"2025-06-18 01:38:04",1750225084,"-------[ 2025-06-18 01:38:04 ]","/cache/halla/sbs/GEp/raw/gep5_4724.evio.0.0",OK
4725,,,,,"/cache/halla/sbs/GEp/raw/gep5_4725.evio.0.0",MISSING
4726,,,,,"/cache/halla/sbs/GEp/raw/gep5_4726.evio.0.0",MISSING
4727,,,,,"/cache/halla/sbs/GEp/raw/gep5_4727.evio.0.0",MISSING
4728,,,,,"/cache/halla/sbs/GEp/raw/gep5_4728.evio.0.0",MISSING
4729,,,,,"/cache/halla/sbs/GEp/raw/gep5_4729.evio.0.0",MISSING
4730,,,,,"/cache/halla/sbs/GEp/raw/gep5_4730.evio.0.0",MISSING
4731,,,,,"/cache/halla/sbs/GEp/raw/gep5_4731.evio.0.0",MISSING
4732,,,,,"/cache/halla/sbs/GEp/raw/gep5_4732.evio.0.0",MISSING
4733,,,,,"/cache/halla/sbs/GEp/raw/gep5_4733.evio.0.0",MISSING
4734,,,,,"/cache/halla/sbs/GEp/raw/gep5_4734.evio.0.0",MISSING
4735,4735,"2025-06-18 13:45:09",1750268709,"-------[ 2025-06-18 13:45:09 ]","/cache/halla/sbs/GEp/raw/gep5_4735.evio.0.0",OK
4736,,,,,"/cache/halla/sbs/GEp/raw/gep5_4736.evio.0.0",INIT_FAILED
4737,,,,,"/cache/halla/sbs/GEp/raw/gep5_4737.evio.0.0",MISSING
4738,,,,,"/cache/halla/sbs/GEp/raw/gep5_4738.evio.0.0",MISSING
4739,,,,,"/cache/halla/sbs/GEp/raw/gep5_4739.evio.0.0",MISSING
4740,,,,,"/cache/halla/sbs/GEp/raw/gep5_4740.evio.0.0",MISSING
4741,,,,,"/cache/halla/sbs/GEp/raw/gep5_4741.evio.0.0",MISSING
4742,,,,,"/cache/halla/sbs/GEp/raw/gep5_4742.evio.0.0",MISSING
4743,,,,,"/cache/halla/sbs/GEp/raw/gep5_4743.evio.0.0",MISSING
4744,,,,,"/cache/halla/sbs/GEp/raw/gep5_4744.evio.0.0",MISSING
4745,,,,,"/cache/halla/sbs/GEp/raw/gep5_4745.evio.0.0",MISSING
4746,,,,,"/cache/halla/sbs/GEp/raw/gep5_4746.evio.0.0",MISSING
4747,,,,,"/cache/halla/sbs/GEp/raw/gep5_4747.evio.0.0",MISSING
4748,,,,,"/cache/halla/sbs/GEp/raw/gep5_4748.evio.0.0",MISSING
4749,,,,,"/cache/halla/sbs/GEp/raw/gep5_4749.evio.0.0",MISSING
4750,,,,,"/cache/halla/sbs/GEp/raw/gep5_4750.evio.0.0",MISSING
4751,,,,,"/cache/halla/sbs/GEp/raw/gep5_4751.evio.0.0",MISSING
4752,,,,,"/cache/halla/sbs/GEp/raw/gep5_4752.evio.0.0",MISSING
4753,,,,,"/cache/halla/sbs/GEp/raw/gep5_4753.evio.0.0",MISSING
4754,,,,,"/cache/halla/sbs/GEp/raw/gep5_4754.evio.0.0",MISSING
4755,,,,,"/cache/halla/sbs/GEp/raw/gep5_4755.evio.0.0",MISSING
4756,,,,,"/cache/halla/sbs/GEp/raw/gep5_4756.evio.0.0",MISSING
4757,,,,,"/cache/halla/sbs/GEp/raw/gep5_4757.evio.0.0",MISSING
4758,,,,,"/cache/halla/sbs/GEp/raw/gep5_4758.evio.0.0",MISSING
4759,,,,,"/cache/halla/sbs/GEp/raw/gep5_4759.evio.0.0",MISSING
4760,,,,,"/cache/halla/sbs/GEp/raw/gep5_4760.evio.0.0",MISSING
4761,,,,,"/cache/halla/sbs/GEp/raw/gep5_4761.evio.0.0",MISSING
4762,,,,,"/cache/halla/sbs/GEp/raw/gep5_4762.evio.0.0",MISSING
4763,,,,,"/cache/halla/sbs/GEp/raw/gep5_4763.evio.0.0",MISSING
4764,,,,,"/cache/halla/sbs/GEp/raw/gep5_4764.evio.0.0",MISSING
4765,,,,,"/cache/halla/sbs/GEp/raw/gep5_4765.evio.0.0",MISSING
4766,,,,,"/cache/halla/sbs/GEp/raw/gep5_4766.evio.0.0",MISSING
4767,,,,,"/cache/halla/sbs/GEp/raw/gep5_4767.evio.0.0",MISSING
4768,,,,,"/cache/halla/sbs/GEp/raw/gep5_4768.evio.0.0",MISSING
4769,,,,,"/cache/halla/sbs/GEp/raw/gep5_4769.evio.0.0",MISSING
4770,,,,,"/cache/halla/sbs/GEp/raw/gep5_4770.evio.0.0",MISSING
4771,,,,,"/cache/halla/sbs/GEp/raw/gep5_4771.evio.0.0",MISSING
4772,,,,,"/cache/halla/sbs/GEp/raw/gep5_4772.evio.0.0",MISSING
4773,,,,,"/cache/halla/sbs/GEp/raw/gep5_4773.evio.0.0",MISSING
4774,,,,,"/cache/halla/sbs/GEp/raw/gep5_4774.evio.0.0",MISSING
4775,,,,,"/cache/halla/sbs/GEp/raw/gep5_4775.evio.0.0",MISSING
4776,,,,,"/cache/halla/sbs/GEp/raw/gep5_4776.evio.0.0",MISSING
4777,,,,,"/cache/halla/sbs/GEp/raw/gep5_4777.evio.0.0",MISSING
4778,,,,,"/cache/halla/sbs/GEp/raw/gep5_4778.evio.0.0",MISSING
4779,,,,,"/cache/halla/sbs/GEp/raw/gep5_4779.evio.0.0",MISSING
4780,,,,,"/cache/halla/sbs/GEp/raw/gep5_4780.evio.0.0",MISSING
4781,,,,,"/cache/halla/sbs/GEp/raw/gep5_4781.evio.0.0",MISSING
4782,,,,,"/cache/halla/sbs/GEp/raw/gep5_4782.evio.0.0",MISSING
4783,,,,,"/cache/halla/sbs/GEp/raw/gep5_4783.evio.0.0",MISSING
4784,,,,,"/cache/halla/sbs/GEp/raw/gep5_4784.evio.0.0",MISSING
4785,,,,,"/cache/halla/sbs/GEp/raw/gep5_4785.evio.0.0",MISSING
4786,,,,,"/cache/halla/sbs/GEp/raw/gep5_4786.evio.0.0",MISSING
4787,,,,,"/cache/halla/sbs/GEp/raw/gep5_4787.evio.0.0",MISSING
4788,,,,,"/cache/halla/sbs/GEp/raw/gep5_4788.evio.0.0",MISSING
4789,,,,,"/cache/halla/sbs/GEp/raw/gep5_4789.evio.0.0",MISSING
4790,,,,,"/cache/halla/sbs/GEp/raw/gep5_4790.evio.0.0",MISSING
4791,,,,,"/cache/halla/sbs/GEp/raw/gep5_4791.evio.0.0",MISSING
4792,,,,,"/cache/halla/sbs/GEp/raw/gep5_4792.evio.0.0",MISSING
4793,,,,,"/cache/halla/sbs/GEp/raw/gep5_4793.evio.0.0",MISSING
4794,,,,,"/cache/halla/sbs/GEp/raw/gep5_4794.evio.0.0",MISSING
4795,,,,,"/cache/halla/sbs/GEp/raw/gep5_4795.evio.0.0",MISSING
4796,,,,,"/cache/halla/sbs/GEp/raw/gep5_4796.evio.0.0",MISSING
4797,,,,,"/cache/halla/sbs/GEp/raw/gep5_4797.evio.0.0",MISSING
4798,,,,,"/cache/halla/sbs/GEp/raw/gep5_4798.evio.0.0",MISSING
4799,,,,,"/cache/halla/sbs/GEp/raw/gep5_4799.evio.0.0",MISSING
4800,,,,,"/cache/halla/sbs/GEp/raw/gep5_4800.evio.0.0",MISSING
4801,,,,,"/cache/halla/sbs/GEp/raw/gep5_4801.evio.0.0",MISSING
4802,,,,,"/cache/halla/sbs/GEp/raw/gep5_4802.evio.0.0",MISSING
4803,,,,,"/cache/halla/sbs/GEp/raw/gep5_4803.evio.0.0",MISSING
4804,,,,,"/cache/halla/sbs/GEp/raw/gep5_4804.evio.0.0",MISSING
4805,,,,,"/cache/halla/sbs/GEp/raw/gep5_4805.evio.0.0",MISSING
4806,,,,,"/cache/halla/sbs/GEp/raw/gep5_4806.evio.0.0",MISSING
4807,,,,,"/cache/halla/sbs/GEp/raw/gep5_4807.evio.0.0",MISSING
4808,,,,,"/cache/halla/sbs/GEp/raw/gep5_4808.evio.0.0",MISSING
4809,,,,,"/cache/halla/sbs/GEp/raw/gep5_4809.evio.0.0",MISSING
4810,,,,,"/cache/halla/sbs/GEp/raw/gep5_4810.evio.0.0",MISSING
4811,,,,,"/cache/halla/sbs/GEp/raw/gep5_4811.evio.0.0",MISSING
4812,,,,,"/cache/halla/sbs/GEp/raw/gep5_4812.evio.0.0",MISSING
4813,,,,,"/cache/halla/sbs/GEp/raw/gep5_4813.evio.0.0",MISSING
4814,,,,,"/cache/halla/sbs/GEp/raw/gep5_4814.evio.0.0",MISSING
4815,,,,,"/cache/halla/sbs/GEp/raw/gep5_4815.evio.0.0",MISSING
4816,,,,,"/cache/halla/sbs/GEp/raw/gep5_4816.evio.0.0",MISSING
4817,,,,,"/cache/halla/sbs/GEp/raw/gep5_4817.evio.0.0",MISSING
4818,,,,,"/cache/halla/sbs/GEp/raw/gep5_4818.evio.0.0",MISSING
4819,,,,,"/cache/halla/sbs/GEp/raw/gep5_4819.evio.0.0",MISSING
4820,,,,,"/cache/halla/sbs/GEp/raw/gep5_4820.evio.0.0",MISSING
4821,,,,,"/cache/halla/sbs/GEp/raw/gep5_4821.evio.0.0",MISSING
4822,,,,,"/cache/halla/sbs/GEp/raw/gep5_4822.evio.0.0",MISSING
4823,,,,,"/cache/halla/sbs/GEp/raw/gep5_4823.evio.0.0",MISSING
4824,,,,,"/cache/halla/sbs/GEp/raw/gep5_4824.evio.0.0",MISSING
4825,,,,,"/cache/halla/sbs/GEp/raw/gep5_4825.evio.0.0",MISSING
4826,,,,,"/cache/halla/sbs/GEp/raw/gep5_4826.evio.0.0",MISSING
4827,,,,,"/cache/halla/sbs/GEp/raw/gep5_4827.evio.0.0",MISSING
4828,,,,,"/cache/halla/sbs/GEp/raw/gep5_4828.evio.0.0",MISSING
4829,,,,,"/cache/halla/sbs/GEp/raw/gep5_4829.evio.0.0",MISSING
4830,,,,,"/cache/halla/sbs/GEp/raw/gep5_4830.evio.0.0",MISSING
4831,,,,,"/cache/halla/sbs/GEp/raw/gep5_4831.evio.0.0",MISSING
4832,,,,,"/cache/halla/sbs/GEp/raw/gep5_4832.evio.0.0",MISSING
4833,,,,,"/cache/halla/sbs/GEp/raw/gep5_4833.evio.0.0",MISSING
4834,,,,,"/cache/halla/sbs/GEp/raw/gep5_4834.evio.0.0",MISSING
4835,,,,,"/cache/halla/sbs/GEp/raw/gep5_4835.evio.0.0",MISSING
4836,,,,,"/cache/halla/sbs/GEp/raw/gep5_4836.evio.0.0",MISSING
4837,,,,,"/cache/halla/sbs/GEp/raw/gep5_4837.evio.0.0",MISSING
4838,,,,,"/cache/halla/sbs/GEp/raw/gep5_4838.evio.0.0",MISSING
4839,,,,,"/cache/halla/sbs/GEp/raw/gep5_4839.evio.0.0",MISSING
4840,,,,,"/cache/halla/sbs/GEp/raw/gep5_4840.evio.0.0",MISSING
4841,,,,,"/cache/halla/sbs/GEp/raw/gep5_4841.evio.0.0",MISSING
4842,,,,,"/cache/halla/sbs/GEp/raw/gep5_4842.evio.0.0",MISSING
4843,,,,,"/cache/halla/sbs/GEp/raw/gep5_4843.evio.0.0",MISSING
4844,,,,,"/cache/halla/sbs/GEp/raw/gep5_4844.evio.0.0",MISSING
4845,,,,,"/cache/halla/sbs/GEp/raw/gep5_4845.evio.0.0",MISSING
4846,,,,,"/cache/halla/sbs/GEp/raw/gep5_4846.evio.0.0",MISSING
4847,,,,,"/cache/halla/sbs/GEp/raw/gep5_4847.evio.0.0",MISSING
4848,,,,,"/cache/halla/sbs/GEp/raw/gep5_4848.evio.0.0",MISSING
4849,,,,,"/cache/halla/sbs/GEp/raw/gep5_4849.evio.0.0",MISSING
4850,,,,,"/cache/halla/sbs/GEp/raw/gep5_4850.evio.0.0",MISSING
4851,,,,,"/cache/halla/sbs/GEp/raw/gep5_4851.evio.0.0",MISSING
4852,,,,,"/cache/halla/sbs/GEp/raw/gep5_4852.evio.0.0",MISSING
4853,,,,,"/cache/halla/sbs/GEp/raw/gep5_4853.evio.0.0",MISSING
4854,,,,,"/cache/halla/sbs/GEp/raw/gep5_4854.evio.0.0",MISSING
4855,,,,,"/cache/halla/sbs/GEp/raw/gep5_4855.evio.0.0",MISSING
4856,,,,,"/cache/halla/sbs/GEp/raw/gep5_4856.evio.0.0",MISSING
4857,,,,,"/cache/halla/sbs/GEp/raw/gep5_4857.evio.0.0",MISSING
4858,,,,,"/cache/halla/sbs/GEp/raw/gep5_4858.evio.0.0",MISSING
4859,,,,,"/cache/halla/sbs/GEp/raw/gep5_4859.evio.0.0",MISSING
4860,,,,,"/cache/halla/sbs/GEp/raw/gep5_4860.evio.0.0",MISSING
4861,,,,,"/cache/halla/sbs/GEp/raw/gep5_4861.evio.0.0",MISSING
4862,,,,,"/cache/halla/sbs/GEp/raw/gep5_4862.evio.0.0",MISSING
4863,,,,,"/cache/halla/sbs/GEp/raw/gep5_4863.evio.0.0",MISSING
4864,,,,,"/cache/halla/sbs/GEp/raw/gep5_4864.evio.0.0",MISSING
4865,,,,,"/cache/halla/sbs/GEp/raw/gep5_4865.evio.0.0",MISSING
4866,,,,,"/cache/halla/sbs/GEp/raw/gep5_4866.evio.0.0",MISSING
4867,,,,,"/cache/halla/sbs/GEp/raw/gep5_4867.evio.0.0",MISSING
4868,,,,,"/cache/halla/sbs/GEp/raw/gep5_4868.evio.0.0",MISSING
4869,,,,,"/cache/halla/sbs/GEp/raw/gep5_4869.evio.0.0",MISSING
4870,,,,,"/cache/halla/sbs/GEp/raw/gep5_4870.evio.0.0",MISSING
4871,,,,,"/cache/halla/sbs/GEp/raw/gep5_4871.evio.0.0",MISSING
4872,,,,,"/cache/halla/sbs/GEp/raw/gep5_4872.evio.0.0",MISSING
4873,,,,,"/cache/halla/sbs/GEp/raw/gep5_4873.evio.0.0",MISSING
4874,,,,,"/cache/halla/sbs/GEp/raw/gep5_4874.evio.0.0",MISSING
4875,,,,,"/cache/halla/sbs/GEp/raw/gep5_4875.evio.0.0",MISSING
4876,,,,,"/cache/halla/sbs/GEp/raw/gep5_4876.evio.0.0",MISSING
4877,,,,,"/cache/halla/sbs/GEp/raw/gep5_4877.evio.0.0",MISSING
4878,,,,,"/cache/halla/sbs/GEp/raw/gep5_4878.evio.0.0",MISSING
4879,,,,,"/cache/halla/sbs/GEp/raw/gep5_4879.evio.0.0",MISSING
4880,,,,,"/cache/halla/sbs/GEp/raw/gep5_4880.evio.0.0",MISSING
4881,,,,,"/cache/halla/sbs/GEp/raw/gep5_4881.evio.0.0",MISSING
4882,,,,,"/cache/halla/sbs/GEp/raw/gep5_4882.evio.0.0",MISSING
4883,,,,,"/cache/halla/sbs/GEp/raw/gep5_4883.evio.0.0",MISSING
4884,,,,,"/cache/halla/sbs/GEp/raw/gep5_4884.evio.0.0",MISSING
4885,,,,,"/cache/halla/sbs/GEp/raw/gep5_4885.evio.0.0",MISSING
4886,,,,,"/cache/halla/sbs/GEp/raw/gep5_4886.evio.0.0",MISSING
4887,,,,,"/cache/halla/sbs/GEp/raw/gep5_4887.evio.0.0",MISSING
4888,,,,,"/cache/halla/sbs/GEp/raw/gep5_4888.evio.0.0",MISSING
4889,,,,,"/cache/halla/sbs/GEp/raw/gep5_4889.evio.0.0",MISSING
4890,,,,,"/cache/halla/sbs/GEp/raw/gep5_4890.evio.0.0",MISSING
4891,,,,,"/cache/halla/sbs/GEp/raw/gep5_4891.evio.0.0",MISSING
4892,,,,,"/cache/halla/sbs/GEp/raw/gep5_4892.evio.0.0",MISSING
4893,,,,,"/cache/halla/sbs/GEp/raw/gep5_4893.evio.0.0",MISSING
4894,,,,,"/cache/halla/sbs/GEp/raw/gep5_4894.evio.0.0",MISSING
4895,,,,,"/cache/halla/sbs/GEp/raw/gep5_4895.evio.0.0",MISSING
4896,,,,,"/cache/halla/sbs/GEp/raw/gep5_4896.evio.0.0",MISSING
4897,,,,,"/cache/halla/sbs/GEp/raw/gep5_4897.evio.0.0",MISSING
4898,,,,,"/cache/halla/sbs/GEp/raw/gep5_4898.evio.0.0",MISSING
4899,,,,,"/cache/halla/sbs/GEp/raw/gep5_4899.evio.0.0",MISSING
4900,,,,,"/cache/halla/sbs/GEp/raw/gep5_4900.evio.0.0",MISSING
4901,,,,,"/cache/halla/sbs/GEp/raw/gep5_4901.evio.0.0",MISSING
4902,,,,,"/cache/halla/sbs/GEp/raw/gep5_4902.evio.0.0",MISSING
4903,,,,,"/cache/halla/sbs/GEp/raw/gep5_4903.evio.0.0",MISSING
4904,,,,,"/cache/halla/sbs/GEp/raw/gep5_4904.evio.0.0",MISSING
4905,,,,,"/cache/halla/sbs/GEp/raw/gep5_4905.evio.0.0",MISSING
4906,,,,,"/cache/halla/sbs/GEp/raw/gep5_4906.evio.0.0",MISSING
4907,,,,,"/cache/halla/sbs/GEp/raw/gep5_4907.evio.0.0",MISSING
4908,,,,,"/cache/halla/sbs/GEp/raw/gep5_4908.evio.0.0",MISSING
4909,,,,,"/cache/halla/sbs/GEp/raw/gep5_4909.evio.0.0",MISSING
4910,,,,,"/cache/halla/sbs/GEp/raw/gep5_4910.evio.0.0",MISSING
4911,,,,,"/cache/halla/sbs/GEp/raw/gep5_4911.evio.0.0",MISSING
4912,,,,,"/cache/halla/sbs/GEp/raw/gep5_4912.evio.0.0",MISSING
4913,,,,,"/cache/halla/sbs/GEp/raw/gep5_4913.evio.0.0",MISSING
4914,,,,,"/cache/halla/sbs/GEp/raw/gep5_4914.evio.0.0",MISSING
4915,,,,,"/cache/halla/sbs/GEp/raw/gep5_4915.evio.0.0",MISSING
4916,,,,,"/cache/halla/sbs/GEp/raw/gep5_4916.evio.0.0",MISSING
4917,,,,,"/cache/halla/sbs/GEp/raw/gep5_4917.evio.0.0",MISSING
4918,,,,,"/cache/halla/sbs/GEp/raw/gep5_4918.evio.0.0",MISSING
4919,,,,,"/cache/halla/sbs/GEp/raw/gep5_4919.evio.0.0",MISSING
4920,,,,,"/cache/halla/sbs/GEp/raw/gep5_4920.evio.0.0",MISSING
4921,,,,,"/cache/halla/sbs/GEp/raw/gep5_4921.evio.0.0",MISSING
4922,,,,,"/cache/halla/sbs/GEp/raw/gep5_4922.evio.0.0",MISSING
4923,,,,,"/cache/halla/sbs/GEp/raw/gep5_4923.evio.0.0",MISSING
4924,,,,,"/cache/halla/sbs/GEp/raw/gep5_4924.evio.0.0",MISSING
4925,,,,,"/cache/halla/sbs/GEp/raw/gep5_4925.evio.0.0",MISSING
4926,4926,"2025-06-24 15:14:00",1750792440,"-------[ 2025-06-24 15:14:00 ]","/cache/halla/sbs/GEp/raw/gep5_4926.evio.0.0",OK
4927,,,,,"/cache/halla/sbs/GEp/raw/gep5_4927.evio.0.0",MISSING
4928,,,,,"/cache/halla/sbs/GEp/raw/gep5_4928.evio.0.0",MISSING
4929,4929,"2025-06-24 15:39:22",1750793962,"-------[ 2025-06-24 15:39:22 ]","/cache/halla/sbs/GEp/raw/gep5_4929.evio.0.0",OK
4930,4930,"2025-06-24 16:10:15",1750795815,"-------[ 2025-06-24 16:10:15 ]","/cache/halla/sbs/GEp/raw/gep5_4930.evio.0.0",OK
4931,,,,,"/cache/halla/sbs/GEp/raw/gep5_4931.evio.0.0",MISSING
4932,,,,,"/cache/halla/sbs/GEp/raw/gep5_4932.evio.0.0",MISSING
4933,,,,,"/cache/halla/sbs/GEp/raw/gep5_4933.evio.0.0",MISSING
4934,,,,,"/cache/halla/sbs/GEp/raw/gep5_4934.evio.0.0",MISSING
4935,,,,,"/cache/halla/sbs/GEp/raw/gep5_4935.evio.0.0",MISSING
4936,,,,,"/cache/halla/sbs/GEp/raw/gep5_4936.evio.0.0",MISSING
4937,,,,,"/cache/halla/sbs/GEp/raw/gep5_4937.evio.0.0",MISSING
4938,,,,,"/cache/halla/sbs/GEp/raw/gep5_4938.evio.0.0",MISSING
4939,,,,,"/cache/halla/sbs/GEp/raw/gep5_4939.evio.0.0",MISSING
4940,,,,,"/cache/halla/sbs/GEp/raw/gep5_4940.evio.0.0",MISSING
4941,,,,,"/cache/halla/sbs/GEp/raw/gep5_4941.evio.0.0",MISSING
4942,,,,,"/cache/halla/sbs/GEp/raw/gep5_4942.evio.0.0",MISSING
4943,,,,,"/cache/halla/sbs/GEp/raw/gep5_4943.evio.0.0",MISSING
4944,,,,,"/cache/halla/sbs/GEp/raw/gep5_4944.evio.0.0",MISSING
4945,,,,,"/cache/halla/sbs/GEp/raw/gep5_4945.evio.0.0",MISSING
4946,,,,,"/cache/halla/sbs/GEp/raw/gep5_4946.evio.0.0",MISSING
4947,,,,,"/cache/halla/sbs/GEp/raw/gep5_4947.evio.0.0",MISSING
4948,,,,,"/cache/halla/sbs/GEp/raw/gep5_4948.evio.0.0",MISSING
4949,,,,,"/cache/halla/sbs/GEp/raw/gep5_4949.evio.0.0",MISSING
4950,,,,,"/cache/halla/sbs/GEp/raw/gep5_4950.evio.0.0",MISSING
4951,,,,,"/cache/halla/sbs/GEp/raw/gep5_4951.evio.0.0",MISSING
4952,,,,,"/cache/halla/sbs/GEp/raw/gep5_4952.evio.0.0",MISSING
4953,,,,,"/cache/halla/sbs/GEp/raw/gep5_4953.evio.0.0",MISSING
4954,,,,,"/cache/halla/sbs/GEp/raw/gep5_4954.evio.0.0",MISSING
4955,,,,,"/cache/halla/sbs/GEp/raw/gep5_4955.evio.0.0",MISSING
4956,,,,,"/cache/halla/sbs/GEp/raw/gep5_4956.evio.0.0",MISSING
4957,,,,,"/cache/halla/sbs/GEp/raw/gep5_4957.evio.0.0",MISSING
4958,,,,,"/cache/halla/sbs/GEp/raw/gep5_4958.evio.0.0",MISSING
4959,,,,,"/cache/halla/sbs/GEp/raw/gep5_4959.evio.0.0",MISSING
4960,,,,,"/cache/halla/sbs/GEp/raw/gep5_4960.evio.0.0",MISSING
4961,,,,,"/cache/halla/sbs/GEp/raw/gep5_4961.evio.0.0",MISSING
4962,,,,,"/cache/halla/sbs/GEp/raw/gep5_4962.evio.0.0",MISSING
4963,,,,,"/cache/halla/sbs/GEp/raw/gep5_4963.evio.0.0",MISSING
4964,,,,,"/cache/halla/sbs/GEp/raw/gep5_4964.evio.0.0",MISSING
4965,,,,,"/cache/halla/sbs/GEp/raw/gep5_4965.evio.0.0",MISSING
4966,,,,,"/cache/halla/sbs/GEp/raw/gep5_4966.evio.0.0",MISSING
4967,,,,,"/cache/halla/sbs/GEp/raw/gep5_4967.evio.0.0",MISSING
4968,,,,,"/cache/halla/sbs/GEp/raw/gep5_4968.evio.0.0",MISSING
4969,,,,,"/cache/halla/sbs/GEp/raw/gep5_4969.evio.0.0",MISSING
4970,,,,,"/cache/halla/sbs/GEp/raw/gep5_4970.evio.0.0",MISSING
4971,,,,,"/cache/halla/sbs/GEp/raw/gep5_4971.evio.0.0",MISSING
4972,,,,,"/cache/halla/sbs/GEp/raw/gep5_4972.evio.0.0",MISSING
4973,,,,,"/cache/halla/sbs/GEp/raw/gep5_4973.evio.0.0",MISSING
4974,,,,,"/cache/halla/sbs/GEp/raw/gep5_4974.evio.0.0",MISSING
4975,,,,,"/cache/halla/sbs/GEp/raw/gep5_4975.evio.0.0",MISSING
4976,,,,,"/cache/halla/sbs/GEp/raw/gep5_4976.evio.0.0",MISSING
4977,,,,,"/cache/halla/sbs/GEp/raw/gep5_4977.evio.0.0",MISSING
4978,,,,,"/cache/halla/sbs/GEp/raw/gep5_4978.evio.0.0",MISSING
4979,,,,,"/cache/halla/sbs/GEp/raw/gep5_4979.evio.0.0",MISSING
4980,,,,,"/cache/halla/sbs/GEp/raw/gep5_4980.evio.0.0",MISSING
4981,,,,,"/cache/halla/sbs/GEp/raw/gep5_4981.evio.0.0",MISSING
4982,,,,,"/cache/halla/sbs/GEp/raw/gep5_4982.evio.0.0",MISSING
4983,,,,,"/cache/halla/sbs/GEp/raw/gep5_4983.evio.0.0",MISSING
4984,,,,,"/cache/halla/sbs/GEp/raw/gep5_4984.evio.0.0",MISSING
4985,4985,"2025-06-27 21:31:51",1751074311,"-------[ 2025-06-27 21:31:51 ]","/cache/halla/sbs/GEp/raw/gep5_4985.evio.0.0",OK
4986,,,,,"/cache/halla/sbs/GEp/raw/gep5_4986.evio.0.0",MISSING
4987,,,,,"/cache/halla/sbs/GEp/raw/gep5_4987.evio.0.0",MISSING
4988,4988,"2025-06-27 22:27:59",1751077679,"-------[ 2025-06-27 22:27:59 ]","/cache/halla/sbs/GEp/raw/gep5_4988.evio.0.0",OK
4989,,,,,"/cache/halla/sbs/GEp/raw/gep5_4989.evio.0.0",MISSING
4990,,,,,"/cache/halla/sbs/GEp/raw/gep5_4990.evio.0.0",MISSING
4991,,,,,"/cache/halla/sbs/GEp/raw/gep5_4991.evio.0.0",MISSING
4992,,,,,"/cache/halla/sbs/GEp/raw/gep5_4992.evio.0.0",MISSING
4993,,,,,"/cache/halla/sbs/GEp/raw/gep5_4993.evio.0.0",MISSING
4994,,,,,"/cache/halla/sbs/GEp/raw/gep5_4994.evio.0.0",MISSING
4995,,,,,"/cache/halla/sbs/GEp/raw/gep5_4995.evio.0.0",MISSING
4996,,,,,"/cache/halla/sbs/GEp/raw/gep5_4996.evio.0.0",MISSING
4997,,,,,"/cache/halla/sbs/GEp/raw/gep5_4997.evio.0.0",MISSING
4998,,,,,"/cache/halla/sbs/GEp/raw/gep5_4998.evio.0.0",MISSING
4999,,,,,"/cache/halla/sbs/GEp/raw/gep5_4999.evio.0.0",MISSING
5000,,,,,"/cache/halla/sbs/GEp/raw/gep5_5000.evio.0.0",MISSING
5001,,,,,"/cache/halla/sbs/GEp/raw/gep5_5001.evio.0.0",MISSING
5002,,,,,"/cache/halla/sbs/GEp/raw/gep5_5002.evio.0.0",MISSING
5003,,,,,"/cache/halla/sbs/GEp/raw/gep5_5003.evio.0.0",MISSING
5004,,,,,"/cache/halla/sbs/GEp/raw/gep5_5004.evio.0.0",MISSING
5005,,,,,"/cache/halla/sbs/GEp/raw/gep5_5005.evio.0.0",MISSING
5006,,,,,"/cache/halla/sbs/GEp/raw/gep5_5006.evio.0.0",MISSING
5007,,,,,"/cache/halla/sbs/GEp/raw/gep5_5007.evio.0.0",MISSING
5008,,,,,"/cache/halla/sbs/GEp/raw/gep5_5008.evio.0.0",MISSING
5009,,,,,"/cache/halla/sbs/GEp/raw/gep5_5009.evio.0.0",MISSING
5010,,,,,"/cache/halla/sbs/GEp/raw/gep5_5010.evio.0.0",MISSING
5011,,,,,"/cache/halla/sbs/GEp/raw/gep5_5011.evio.0.0",MISSING
5012,,,,,"/cache/halla/sbs/GEp/raw/gep5_5012.evio.0.0",MISSING
5013,,,,,"/cache/halla/sbs/GEp/raw/gep5_5013.evio.0.0",MISSING
5014,,,,,"/cache/halla/sbs/GEp/raw/gep5_5014.evio.0.0",MISSING
5015,,,,,"/cache/halla/sbs/GEp/raw/gep5_5015.evio.0.0",MISSING
5016,,,,,"/cache/halla/sbs/GEp/raw/gep5_5016.evio.0.0",MISSING
5017,,,,,"/cache/halla/sbs/GEp/raw/gep5_5017.evio.0.0",MISSING
5018,,,,,"/cache/halla/sbs/GEp/raw/gep5_5018.evio.0.0",MISSING
5019,,,,,"/cache/halla/sbs/GEp/raw/gep5_5019.evio.0.0",MISSING
5020,,,,,"/cache/halla/sbs/GEp/raw/gep5_5020.evio.0.0",MISSING
5021,,,,,"/cache/halla/sbs/GEp/raw/gep5_5021.evio.0.0",MISSING
5022,,,,,"/cache/halla/sbs/GEp/raw/gep5_5022.evio.0.0",MISSING
5023,,,,,"/cache/halla/sbs/GEp/raw/gep5_5023.evio.0.0",MISSING
5024,,,,,"/cache/halla/sbs/GEp/raw/gep5_5024.evio.0.0",MISSING
5025,,,,,"/cache/halla/sbs/GEp/raw/gep5_5025.evio.0.0",MISSING
5026,,,,,"/cache/halla/sbs/GEp/raw/gep5_5026.evio.0.0",MISSING
5027,,,,,"/cache/halla/sbs/GEp/raw/gep5_5027.evio.0.0",MISSING
5028,,,,,"/cache/halla/sbs/GEp/raw/gep5_5028.evio.0.0",MISSING
5029,,,,,"/cache/halla/sbs/GEp/raw/gep5_5029.evio.0.0",MISSING
5030,,,,,"/cache/halla/sbs/GEp/raw/gep5_5030.evio.0.0",MISSING
5031,,,,,"/cache/halla/sbs/GEp/raw/gep5_5031.evio.0.0",MISSING
5032,,,,,"/cache/halla/sbs/GEp/raw/gep5_5032.evio.0.0",MISSING
5033,,,,,"/cache/halla/sbs/GEp/raw/gep5_5033.evio.0.0",MISSING
5034,,,,,"/cache/halla/sbs/GEp/raw/gep5_5034.evio.0.0",MISSING
5035,,,,,"/cache/halla/sbs/GEp/raw/gep5_5035.evio.0.0",MISSING
5036,,,,,"/cache/halla/sbs/GEp/raw/gep5_5036.evio.0.0",MISSING
5037,,,,,"/cache/halla/sbs/GEp/raw/gep5_5037.evio.0.0",MISSING
5038,,,,,"/cache/halla/sbs/GEp/raw/gep5_5038.evio.0.0",MISSING
5039,,,,,"/cache/halla/sbs/GEp/raw/gep5_5039.evio.0.0",MISSING
5040,,,,,"/cache/halla/sbs/GEp/raw/gep5_5040.evio.0.0",MISSING
5041,,,,,"/cache/halla/sbs/GEp/raw/gep5_5041.evio.0.0",MISSING
5042,,,,,"/cache/halla/sbs/GEp/raw/gep5_5042.evio.0.0",MISSING
5043,,,,,"/cache/halla/sbs/GEp/raw/gep5_5043.evio.0.0",MISSING
5044,,,,,"/cache/halla/sbs/GEp/raw/gep5_5044.evio.0.0",MISSING
5045,,,,,"/cache/halla/sbs/GEp/raw/gep5_5045.evio.0.0",MISSING
5046,,,,,"/cache/halla/sbs/GEp/raw/gep5_5046.evio.0.0",MISSING
5047,,,,,"/cache/halla/sbs/GEp/raw/gep5_5047.evio.0.0",MISSING
5048,,,,,"/cache/halla/sbs/GEp/raw/gep5_5048.evio.0.0",MISSING
5049,,,,,"/cache/halla/sbs/GEp/raw/gep5_5049.evio.0.0",MISSING
5050,,,,,"/cache/halla/sbs/GEp/raw/gep5_5050.evio.0.0",MISSING
5051,,,,,"/cache/halla/sbs/GEp/raw/gep5_5051.evio.0.0",MISSING
5052,,,,,"/cache/halla/sbs/GEp/raw/gep5_5052.evio.0.0",MISSING
5053,,,,,"/cache/halla/sbs/GEp/raw/gep5_5053.evio.0.0",MISSING
5054,,,,,"/cache/halla/sbs/GEp/raw/gep5_5054.evio.0.0",MISSING
5055,,,,,"/cache/halla/sbs/GEp/raw/gep5_5055.evio.0.0",MISSING
5056,,,,,"/cache/halla/sbs/GEp/raw/gep5_5056.evio.0.0",MISSING
5057,,,,,"/cache/halla/sbs/GEp/raw/gep5_5057.evio.0.0",MISSING
5058,,,,,"/cache/halla/sbs/GEp/raw/gep5_5058.evio.0.0",MISSING
5059,,,,,"/cache/halla/sbs/GEp/raw/gep5_5059.evio.0.0",MISSING
5060,,,,,"/cache/halla/sbs/GEp/raw/gep5_5060.evio.0.0",MISSING
5061,,,,,"/cache/halla/sbs/GEp/raw/gep5_5061.evio.0.0",MISSING
5062,,,,,"/cache/halla/sbs/GEp/raw/gep5_5062.evio.0.0",MISSING
5063,,,,,"/cache/halla/sbs/GEp/raw/gep5_5063.evio.0.0",MISSING
5064,,,,,"/cache/halla/sbs/GEp/raw/gep5_5064.evio.0.0",MISSING
5065,,,,,"/cache/halla/sbs/GEp/raw/gep5_5065.evio.0.0",MISSING
5066,5066,"2025-07-02 21:28:46",1751506126,"-------[ 2025-07-02 21:28:46 ]","/cache/halla/sbs/GEp/raw/gep5_5066.evio.0.0",OK
5067,,,,,"/cache/halla/sbs/GEp/raw/gep5_5067.evio.0.0",MISSING
5068,5068,"2025-07-02 21:59:47",1751507987,"-------[ 2025-07-02 21:59:47 ]","/cache/halla/sbs/GEp/raw/gep5_5068.evio.0.0",OK
5069,,,,,"/cache/halla/sbs/GEp/raw/gep5_5069.evio.0.0",MISSING
5070,,,,,"/cache/halla/sbs/GEp/raw/gep5_5070.evio.0.0",MISSING
5071,,,,,"/cache/halla/sbs/GEp/raw/gep5_5071.evio.0.0",MISSING
5072,5072,"2025-07-02 22:54:39",1751511279,"-------[ 2025-07-02 22:54:39 ]","/cache/halla/sbs/GEp/raw/gep5_5072.evio.0.0",OK
5073,,,,,"/cache/halla/sbs/GEp/raw/gep5_5073.evio.0.0",MISSING
5074,,,,,"/cache/halla/sbs/GEp/raw/gep5_5074.evio.0.0",MISSING
5075,,,,,"/cache/halla/sbs/GEp/raw/gep5_5075.evio.0.0",MISSING
5076,,,,,"/cache/halla/sbs/GEp/raw/gep5_5076.evio.0.0",MISSING
5077,,,,,"/cache/halla/sbs/GEp/raw/gep5_5077.evio.0.0",MISSING
5078,,,,,"/cache/halla/sbs/GEp/raw/gep5_5078.evio.0.0",MISSING
5079,,,,,"/cache/halla/sbs/GEp/raw/gep5_5079.evio.0.0",MISSING
5080,,,,,"/cache/halla/sbs/GEp/raw/gep5_5080.evio.0.0",MISSING
5081,,,,,"/cache/halla/sbs/GEp/raw/gep5_5081.evio.0.0",MISSING
5082,,,,,"/cache/halla/sbs/GEp/raw/gep5_5082.evio.0.0",MISSING
5083,,,,,"/cache/halla/sbs/GEp/raw/gep5_5083.evio.0.0",MISSING
5084,,,,,"/cache/halla/sbs/GEp/raw/gep5_5084.evio.0.0",MISSING
5085,,,,,"/cache/halla/sbs/GEp/raw/gep5_5085.evio.0.0",MISSING
5086,,,,,"/cache/halla/sbs/GEp/raw/gep5_5086.evio.0.0",MISSING
5087,,,,,"/cache/halla/sbs/GEp/raw/gep5_5087.evio.0.0",MISSING
5088,,,,,"/cache/halla/sbs/GEp/raw/gep5_5088.evio.0.0",MISSING
5089,,,,,"/cache/halla/sbs/GEp/raw/gep5_5089.evio.0.0",MISSING
5090,,,,,"/cache/halla/sbs/GEp/raw/gep5_5090.evio.0.0",MISSING
5091,,,,,"/cache/halla/sbs/GEp/raw/gep5_5091.evio.0.0",MISSING
5092,,,,,"/cache/halla/sbs/GEp/raw/gep5_5092.evio.0.0",MISSING
5093,,,,,"/cache/halla/sbs/GEp/raw/gep5_5093.evio.0.0",MISSING
5094,,,,,"/cache/halla/sbs/GEp/raw/gep5_5094.evio.0.0",MISSING
5095,,,,,"/cache/halla/sbs/GEp/raw/gep5_5095.evio.0.0",MISSING
5096,,,,,"/cache/halla/sbs/GEp/raw/gep5_5096.evio.0.0",MISSING
5097,,,,,"/cache/halla/sbs/GEp/raw/gep5_5097.evio.0.0",MISSING
5098,,,,,"/cache/halla/sbs/GEp/raw/gep5_5098.evio.0.0",MISSING
5099,,,,,"/cache/halla/sbs/GEp/raw/gep5_5099.evio.0.0",MISSING
5100,,,,,"/cache/halla/sbs/GEp/raw/gep5_5100.evio.0.0",MISSING
5101,,,,,"/cache/halla/sbs/GEp/raw/gep5_5101.evio.0.0",MISSING
5102,,,,,"/cache/halla/sbs/GEp/raw/gep5_5102.evio.0.0",MISSING
5103,,,,,"/cache/halla/sbs/GEp/raw/gep5_5103.evio.0.0",MISSING
5104,,,,,"/cache/halla/sbs/GEp/raw/gep5_5104.evio.0.0",MISSING
5105,,,,,"/cache/halla/sbs/GEp/raw/gep5_5105.evio.0.0",MISSING
5106,,,,,"/cache/halla/sbs/GEp/raw/gep5_5106.evio.0.0",MISSING
5107,,,,,"/cache/halla/sbs/GEp/raw/gep5_5107.evio.0.0",MISSING
5108,,,,,"/cache/halla/sbs/GEp/raw/gep5_5108.evio.0.0",MISSING
5109,,,,,"/cache/halla/sbs/GEp/raw/gep5_5109.evio.0.0",MISSING
5110,,,,,"/cache/halla/sbs/GEp/raw/gep5_5110.evio.0.0",MISSING
5111,,,,,"/cache/halla/sbs/GEp/raw/gep5_5111.evio.0.0",MISSING
5112,,,,,"/cache/halla/sbs/GEp/raw/gep5_5112.evio.0.0",MISSING
5113,,,,,"/cache/halla/sbs/GEp/raw/gep5_5113.evio.0.0",MISSING
5114,,,,,"/cache/halla/sbs/GEp/raw/gep5_5114.evio.0.0",MISSING
5115,,,,,"/cache/halla/sbs/GEp/raw/gep5_5115.evio.0.0",MISSING
5116,,,,,"/cache/halla/sbs/GEp/raw/gep5_5116.evio.0.0",MISSING
5117,,,,,"/cache/halla/sbs/GEp/raw/gep5_5117.evio.0.0",MISSING
5118,,,,,"/cache/halla/sbs/GEp/raw/gep5_5118.evio.0.0",MISSING
5119,,,,,"/cache/halla/sbs/GEp/raw/gep5_5119.evio.0.0",MISSING
5120,,,,,"/cache/halla/sbs/GEp/raw/gep5_5120.evio.0.0",MISSING
5121,,,,,"/cache/halla/sbs/GEp/raw/gep5_5121.evio.0.0",MISSING
5122,,,,,"/cache/halla/sbs/GEp/raw/gep5_5122.evio.0.0",MISSING
5123,,,,,"/cache/halla/sbs/GEp/raw/gep5_5123.evio.0.0",MISSING
5124,,,,,"/cache/halla/sbs/GEp/raw/gep5_5124.evio.0.0",MISSING
5125,,,,,"/cache/halla/sbs/GEp/raw/gep5_5125.evio.0.0",MISSING
5126,,,,,"/cache/halla/sbs/GEp/raw/gep5_5126.evio.0.0",MISSING
5127,,,,,"/cache/halla/sbs/GEp/raw/gep5_5127.evio.0.0",MISSING
5128,,,,,"/cache/halla/sbs/GEp/raw/gep5_5128.evio.0.0",MISSING
5129,,,,,"/cache/halla/sbs/GEp/raw/gep5_5129.evio.0.0",MISSING
5130,,,,,"/cache/halla/sbs/GEp/raw/gep5_5130.evio.0.0",MISSING
5131,,,,,"/cache/halla/sbs/GEp/raw/gep5_5131.evio.0.0",MISSING
5132,,,,,"/cache/halla/sbs/GEp/raw/gep5_5132.evio.0.0",MISSING
5133,,,,,"/cache/halla/sbs/GEp/raw/gep5_5133.evio.0.0",MISSING
5134,,,,,"/cache/halla/sbs/GEp/raw/gep5_5134.evio.0.0",MISSING
5135,,,,,"/cache/halla/sbs/GEp/raw/gep5_5135.evio.0.0",MISSING
5136,,,,,"/cache/halla/sbs/GEp/raw/gep5_5136.evio.0.0",MISSING
5137,,,,,"/cache/halla/sbs/GEp/raw/gep5_5137.evio.0.0",MISSING
5138,,,,,"/cache/halla/sbs/GEp/raw/gep5_5138.evio.0.0",MISSING
5139,,,,,"/cache/halla/sbs/GEp/raw/gep5_5139.evio.0.0",MISSING
5140,,,,,"/cache/halla/sbs/GEp/raw/gep5_5140.evio.0.0",MISSING
5141,,,,,"/cache/halla/sbs/GEp/raw/gep5_5141.evio.0.0",MISSING
5142,,,,,"/cache/halla/sbs/GEp/raw/gep5_5142.evio.0.0",MISSING
5143,,,,,"/cache/halla/sbs/GEp/raw/gep5_5143.evio.0.0",MISSING
5144,,,,,"/cache/halla/sbs/GEp/raw/gep5_5144.evio.0.0",MISSING
5145,,,,,"/cache/halla/sbs/GEp/raw/gep5_5145.evio.0.0",MISSING
5146,,,,,"/cache/halla/sbs/GEp/raw/gep5_5146.evio.0.0",MISSING
5147,,,,,"/cache/halla/sbs/GEp/raw/gep5_5147.evio.0.0",MISSING
5148,,,,,"/cache/halla/sbs/GEp/raw/gep5_5148.evio.0.0",MISSING
5149,,,,,"/cache/halla/sbs/GEp/raw/gep5_5149.evio.0.0",MISSING
5150,,,,,"/cache/halla/sbs/GEp/raw/gep5_5150.evio.0.0",MISSING
5151,,,,,"/cache/halla/sbs/GEp/raw/gep5_5151.evio.0.0",MISSING
5152,,,,,"/cache/halla/sbs/GEp/raw/gep5_5152.evio.0.0",MISSING
5153,,,,,"/cache/halla/sbs/GEp/raw/gep5_5153.evio.0.0",MISSING
5154,,,,,"/cache/halla/sbs/GEp/raw/gep5_5154.evio.0.0",MISSING
5155,,,,,"/cache/halla/sbs/GEp/raw/gep5_5155.evio.0.0",MISSING
5156,,,,,"/cache/halla/sbs/GEp/raw/gep5_5156.evio.0.0",MISSING
5157,,,,,"/cache/halla/sbs/GEp/raw/gep5_5157.evio.0.0",MISSING
5158,,,,,"/cache/halla/sbs/GEp/raw/gep5_5158.evio.0.0",MISSING
5159,,,,,"/cache/halla/sbs/GEp/raw/gep5_5159.evio.0.0",MISSING
5160,,,,,"/cache/halla/sbs/GEp/raw/gep5_5160.evio.0.0",MISSING
5161,,,,,"/cache/halla/sbs/GEp/raw/gep5_5161.evio.0.0",MISSING
5162,,,,,"/cache/halla/sbs/GEp/raw/gep5_5162.evio.0.0",MISSING
5163,,,,,"/cache/halla/sbs/GEp/raw/gep5_5163.evio.0.0",MISSING
5164,,,,,"/cache/halla/sbs/GEp/raw/gep5_5164.evio.0.0",MISSING
5165,,,,,"/cache/halla/sbs/GEp/raw/gep5_5165.evio.0.0",MISSING
5166,,,,,"/cache/halla/sbs/GEp/raw/gep5_5166.evio.0.0",MISSING
5167,,,,,"/cache/halla/sbs/GEp/raw/gep5_5167.evio.0.0",MISSING
5168,,,,,"/cache/halla/sbs/GEp/raw/gep5_5168.evio.0.0",MISSING
5169,,,,,"/cache/halla/sbs/GEp/raw/gep5_5169.evio.0.0",MISSING
5170,,,,,"/cache/halla/sbs/GEp/raw/gep5_5170.evio.0.0",MISSING
5171,,,,,"/cache/halla/sbs/GEp/raw/gep5_5171.evio.0.0",MISSING
5172,,,,,"/cache/halla/sbs/GEp/raw/gep5_5172.evio.0.0",MISSING
5173,,,,,"/cache/halla/sbs/GEp/raw/gep5_5173.evio.0.0",MISSING
5174,,,,,"/cache/halla/sbs/GEp/raw/gep5_5174.evio.0.0",MISSING
5175,,,,,"/cache/halla/sbs/GEp/raw/gep5_5175.evio.0.0",MISSING
5176,,,,,"/cache/halla/sbs/GEp/raw/gep5_5176.evio.0.0",MISSING
5177,,,,,"/cache/halla/sbs/GEp/raw/gep5_5177.evio.0.0",MISSING
5178,,,,,"/cache/halla/sbs/GEp/raw/gep5_5178.evio.0.0",MISSING
5179,,,,,"/cache/halla/sbs/GEp/raw/gep5_5179.evio.0.0",MISSING
5180,,,,,"/cache/halla/sbs/GEp/raw/gep5_5180.evio.0.0",MISSING
5181,,,,,"/cache/halla/sbs/GEp/raw/gep5_5181.evio.0.0",MISSING
5182,,,,,"/cache/halla/sbs/GEp/raw/gep5_5182.evio.0.0",MISSING
5183,,,,,"/cache/halla/sbs/GEp/raw/gep5_5183.evio.0.0",MISSING
5184,,,,,"/cache/halla/sbs/GEp/raw/gep5_5184.evio.0.0",MISSING
5185,,,,,"/cache/halla/sbs/GEp/raw/gep5_5185.evio.0.0",MISSING
5186,,,,,"/cache/halla/sbs/GEp/raw/gep5_5186.evio.0.0",MISSING
5187,,,,,"/cache/halla/sbs/GEp/raw/gep5_5187.evio.0.0",MISSING
5188,,,,,"/cache/halla/sbs/GEp/raw/gep5_5188.evio.0.0",MISSING
5189,,,,,"/cache/halla/sbs/GEp/raw/gep5_5189.evio.0.0",MISSING
5190,,,,,"/cache/halla/sbs/GEp/raw/gep5_5190.evio.0.0",MISSING
5191,,,,,"/cache/halla/sbs/GEp/raw/gep5_5191.evio.0.0",MISSING
5192,,,,,"/cache/halla/sbs/GEp/raw/gep5_5192.evio.0.0",MISSING
5193,,,,,"/cache/halla/sbs/GEp/raw/gep5_5193.evio.0.0",MISSING
5194,,,,,"/cache/halla/sbs/GEp/raw/gep5_5194.evio.0.0",MISSING
5195,,,,,"/cache/halla/sbs/GEp/raw/gep5_5195.evio.0.0",MISSING
5196,,,,,"/cache/halla/sbs/GEp/raw/gep5_5196.evio.0.0",MISSING
5197,,,,,"/cache/halla/sbs/GEp/raw/gep5_5197.evio.0.0",MISSING
5198,,,,,"/cache/halla/sbs/GEp/raw/gep5_5198.evio.0.0",MISSING
5199,,,,,"/cache/halla/sbs/GEp/raw/gep5_5199.evio.0.0",MISSING
5200,,,,,"/cache/halla/sbs/GEp/raw/gep5_5200.evio.0.0",MISSING
5201,,,,,"/cache/halla/sbs/GEp/raw/gep5_5201.evio.0.0",MISSING
5202,,,,,"/cache/halla/sbs/GEp/raw/gep5_5202.evio.0.0",MISSING
5203,5203,"2025-07-11 09:12:51",1752239571,"-------[ 2025-07-11 09:12:51 ]","/cache/halla/sbs/GEp/raw/gep5_5203.evio.0.0",OK
5204,,,,,"/cache/halla/sbs/GEp/raw/gep5_5204.evio.0.0",MISSING
5205,5205,"2025-07-11 11:19:25",1752247165,"-------[ 2025-07-11 11:19:25 ]","/cache/halla/sbs/GEp/raw/gep5_5205.evio.0.0",OK
5206,,,,,"/cache/halla/sbs/GEp/raw/gep5_5206.evio.0.0",MISSING
5207,5207,"2025-07-11 11:31:12",1752247872,"-------[ 2025-07-11 11:31:12 ]","/cache/halla/sbs/GEp/raw/gep5_5207.evio.0.0",OK
5208,,,,,"/cache/halla/sbs/GEp/raw/gep5_5208.evio.0.0",MISSING
5209,5209,"2025-07-11 13:41:49",1752255709,"-------[ 2025-07-11 13:41:49 ]","/cache/halla/sbs/GEp/raw/gep5_5209.evio.0.0",OK
5210,,,,,"/cache/halla/sbs/GEp/raw/gep5_5210.evio.0.0",MISSING
5211,,,,,"/cache/halla/sbs/GEp/raw/gep5_5211.evio.0.0",MISSING
5212,,,,,"/cache/halla/sbs/GEp/raw/gep5_5212.evio.0.0",MISSING
5213,,,,,"/cache/halla/sbs/GEp/raw/gep5_5213.evio.0.0",MISSING
5214,,,,,"/cache/halla/sbs/GEp/raw/gep5_5214.evio.0.0",MISSING
5215,,,,,"/cache/halla/sbs/GEp/raw/gep5_5215.evio.0.0",MISSING
5216,,,,,"/cache/halla/sbs/GEp/raw/gep5_5216.evio.0.0",MISSING
5217,,,,,"/cache/halla/sbs/GEp/raw/gep5_5217.evio.0.0",MISSING
5218,,,,,"/cache/halla/sbs/GEp/raw/gep5_5218.evio.0.0",MISSING
5219,,,,,"/cache/halla/sbs/GEp/raw/gep5_5219.evio.0.0",MISSING
5220,,,,,"/cache/halla/sbs/GEp/raw/gep5_5220.evio.0.0",MISSING
5221,,,,,"/cache/halla/sbs/GEp/raw/gep5_5221.evio.0.0",MISSING
5222,,,,,"/cache/halla/sbs/GEp/raw/gep5_5222.evio.0.0",MISSING
5223,,,,,"/cache/halla/sbs/GEp/raw/gep5_5223.evio.0.0",MISSING
5224,,,,,"/cache/halla/sbs/GEp/raw/gep5_5224.evio.0.0",MISSING
5225,,,,,"/cache/halla/sbs/GEp/raw/gep5_5225.evio.0.0",MISSING
5226,,,,,"/cache/halla/sbs/GEp/raw/gep5_5226.evio.0.0",MISSING
5227,,,,,"/cache/halla/sbs/GEp/raw/gep5_5227.evio.0.0",MISSING
5228,,,,,"/cache/halla/sbs/GEp/raw/gep5_5228.evio.0.0",MISSING
5229,,,,,"/cache/halla/sbs/GEp/raw/gep5_5229.evio.0.0",MISSING
5230,,,,,"/cache/halla/sbs/GEp/raw/gep5_5230.evio.0.0",MISSING
5231,,,,,"/cache/halla/sbs/GEp/raw/gep5_5231.evio.0.0",MISSING
5232,,,,,"/cache/halla/sbs/GEp/raw/gep5_5232.evio.0.0",MISSING
5233,,,,,"/cache/halla/sbs/GEp/raw/gep5_5233.evio.0.0",MISSING
5234,,,,,"/cache/halla/sbs/GEp/raw/gep5_5234.evio.0.0",MISSING
5235,,,,,"/cache/halla/sbs/GEp/raw/gep5_5235.evio.0.0",MISSING
5236,,,,,"/cache/halla/sbs/GEp/raw/gep5_5236.evio.0.0",MISSING
5237,,,,,"/cache/halla/sbs/GEp/raw/gep5_5237.evio.0.0",MISSING
5238,,,,,"/cache/halla/sbs/GEp/raw/gep5_5238.evio.0.0",MISSING
5239,,,,,"/cache/halla/sbs/GEp/raw/gep5_5239.evio.0.0",MISSING
5240,,,,,"/cache/halla/sbs/GEp/raw/gep5_5240.evio.0.0",MISSING
5241,,,,,"/cache/halla/sbs/GEp/raw/gep5_5241.evio.0.0",MISSING
5242,,,,,"/cache/halla/sbs/GEp/raw/gep5_5242.evio.0.0",MISSING
5243,,,,,"/cache/halla/sbs/GEp/raw/gep5_5243.evio.0.0",MISSING
5244,,,,,"/cache/halla/sbs/GEp/raw/gep5_5244.evio.0.0",MISSING
5245,,,,,"/cache/halla/sbs/GEp/raw/gep5_5245.evio.0.0",MISSING
5246,,,,,"/cache/halla/sbs/GEp/raw/gep5_5246.evio.0.0",MISSING
5247,,,,,"/cache/halla/sbs/GEp/raw/gep5_5247.evio.0.0",MISSING
5248,,,,,"/cache/halla/sbs/GEp/raw/gep5_5248.evio.0.0",MISSING
5249,,,,,"/cache/halla/sbs/GEp/raw/gep5_5249.evio.0.0",MISSING
5250,,,,,"/cache/halla/sbs/GEp/raw/gep5_5250.evio.0.0",MISSING
5251,,,,,"/cache/halla/sbs/GEp/raw/gep5_5251.evio.0.0",MISSING
5252,,,,,"/cache/halla/sbs/GEp/raw/gep5_5252.evio.0.0",MISSING
5253,,,,,"/cache/halla/sbs/GEp/raw/gep5_5253.evio.0.0",MISSING
5254,,,,,"/cache/halla/sbs/GEp/raw/gep5_5254.evio.0.0",MISSING
5255,,,,,"/cache/halla/sbs/GEp/raw/gep5_5255.evio.0.0",MISSING
5256,,,,,"/cache/halla/sbs/GEp/raw/gep5_5256.evio.0.0",MISSING
5257,,,,,"/cache/halla/sbs/GEp/raw/gep5_5257.evio.0.0",MISSING
5258,,,,,"/cache/halla/sbs/GEp/raw/gep5_5258.evio.0.0",MISSING
5259,,,,,"/cache/halla/sbs/GEp/raw/gep5_5259.evio.0.0",MISSING
5260,,,,,"/cache/halla/sbs/GEp/raw/gep5_5260.evio.0.0",MISSING
5261,,,,,"/cache/halla/sbs/GEp/raw/gep5_5261.evio.0.0",MISSING
5262,,,,,"/cache/halla/sbs/GEp/raw/gep5_5262.evio.0.0",MISSING
5263,,,,,"/cache/halla/sbs/GEp/raw/gep5_5263.evio.0.0",MISSING
5264,,,,,"/cache/halla/sbs/GEp/raw/gep5_5264.evio.0.0",MISSING
5265,,,,,"/cache/halla/sbs/GEp/raw/gep5_5265.evio.0.0",MISSING
5266,,,,,"/cache/halla/sbs/GEp/raw/gep5_5266.evio.0.0",MISSING
5267,,,,,"/cache/halla/sbs/GEp/raw/gep5_5267.evio.0.0",MISSING
5268,,,,,"/cache/halla/sbs/GEp/raw/gep5_5268.evio.0.0",MISSING
5269,,,,,"/cache/halla/sbs/GEp/raw/gep5_5269.evio.0.0",MISSING
5270,,,,,"/cache/halla/sbs/GEp/raw/gep5_5270.evio.0.0",MISSING
5271,,,,,"/cache/halla/sbs/GEp/raw/gep5_5271.evio.0.0",MISSING
5272,,,,,"/cache/halla/sbs/GEp/raw/gep5_5272.evio.0.0",MISSING
5273,,,,,"/cache/halla/sbs/GEp/raw/gep5_5273.evio.0.0",MISSING
5274,,,,,"/cache/halla/sbs/GEp/raw/gep5_5274.evio.0.0",MISSING
5275,,,,,"/cache/halla/sbs/GEp/raw/gep5_5275.evio.0.0",MISSING
5276,,,,,"/cache/halla/sbs/GEp/raw/gep5_5276.evio.0.0",MISSING
5277,,,,,"/cache/halla/sbs/GEp/raw/gep5_5277.evio.0.0",MISSING
5278,,,,,"/cache/halla/sbs/GEp/raw/gep5_5278.evio.0.0",MISSING
5279,,,,,"/cache/halla/sbs/GEp/raw/gep5_5279.evio.0.0",MISSING
5280,,,,,"/cache/halla/sbs/GEp/raw/gep5_5280.evio.0.0",MISSING
5281,,,,,"/cache/halla/sbs/GEp/raw/gep5_5281.evio.0.0",MISSING
5282,,,,,"/cache/halla/sbs/GEp/raw/gep5_5282.evio.0.0",MISSING
5283,,,,,"/cache/halla/sbs/GEp/raw/gep5_5283.evio.0.0",MISSING
5284,,,,,"/cache/halla/sbs/GEp/raw/gep5_5284.evio.0.0",MISSING
5285,,,,,"/cache/halla/sbs/GEp/raw/gep5_5285.evio.0.0",MISSING
5286,,,,,"/cache/halla/sbs/GEp/raw/gep5_5286.evio.0.0",MISSING
5287,,,,,"/cache/halla/sbs/GEp/raw/gep5_5287.evio.0.0",MISSING
5288,,,,,"/cache/halla/sbs/GEp/raw/gep5_5288.evio.0.0",MISSING
5289,,,,,"/cache/halla/sbs/GEp/raw/gep5_5289.evio.0.0",MISSING
5290,5290,"2025-07-15 21:37:34",1752629854,"-------[ 2025-07-15 21:37:34 ]","/cache/halla/sbs/GEp/raw/gep5_5290.evio.0.0",OK
5291,,,,,"/cache/halla/sbs/GEp/raw/gep5_5291.evio.0.0",MISSING
5292,5292,"2025-07-15 21:51:45",1752630705,"-------[ 2025-07-15 21:51:45 ]","/cache/halla/sbs/GEp/raw/gep5_5292.evio.0.0",OK
5293,,,,,"/cache/halla/sbs/GEp/raw/gep5_5293.evio.0.0",MISSING
5294,5294,"2025-07-15 22:16:10",1752632170,"-------[ 2025-07-15 22:16:10 ]","/cache/halla/sbs/GEp/raw/gep5_5294.evio.0.0",OK
5295,5295,"2025-07-15 22:32:33",1752633153,"-------[ 2025-07-15 22:32:33 ]","/cache/halla/sbs/GEp/raw/gep5_5295.evio.0.0",OK
5296,,,,,"/cache/halla/sbs/GEp/raw/gep5_5296.evio.0.0",MISSING
5297,,,,,"/cache/halla/sbs/GEp/raw/gep5_5297.evio.0.0",MISSING
5298,,,,,"/cache/halla/sbs/GEp/raw/gep5_5298.evio.0.0",MISSING
5299,,,,,"/cache/halla/sbs/GEp/raw/gep5_5299.evio.0.0",MISSING
5300,,,,,"/cache/halla/sbs/GEp/raw/gep5_5300.evio.0.0",MISSING
5301,,,,,"/cache/halla/sbs/GEp/raw/gep5_5301.evio.0.0",MISSING
5302,,,,,"/cache/halla/sbs/GEp/raw/gep5_5302.evio.0.0",MISSING
5303,,,,,"/cache/halla/sbs/GEp/raw/gep5_5303.evio.0.0",MISSING
5304,,,,,"/cache/halla/sbs/GEp/raw/gep5_5304.evio.0.0",MISSING
5305,,,,,"/cache/halla/sbs/GEp/raw/gep5_5305.evio.0.0",MISSING
5306,,,,,"/cache/halla/sbs/GEp/raw/gep5_5306.evio.0.0",MISSING
5307,,,,,"/cache/halla/sbs/GEp/raw/gep5_5307.evio.0.0",MISSING
5308,,,,,"/cache/halla/sbs/GEp/raw/gep5_5308.evio.0.0",MISSING
5309,,,,,"/cache/halla/sbs/GEp/raw/gep5_5309.evio.0.0",MISSING
5310,,,,,"/cache/halla/sbs/GEp/raw/gep5_5310.evio.0.0",MISSING
5311,,,,,"/cache/halla/sbs/GEp/raw/gep5_5311.evio.0.0",MISSING
5312,,,,,"/cache/halla/sbs/GEp/raw/gep5_5312.evio.0.0",MISSING
5313,,,,,"/cache/halla/sbs/GEp/raw/gep5_5313.evio.0.0",MISSING
5314,,,,,"/cache/halla/sbs/GEp/raw/gep5_5314.evio.0.0",MISSING
5315,,,,,"/cache/halla/sbs/GEp/raw/gep5_5315.evio.0.0",MISSING
5316,,,,,"/cache/halla/sbs/GEp/raw/gep5_5316.evio.0.0",MISSING
5317,,,,,"/cache/halla/sbs/GEp/raw/gep5_5317.evio.0.0",MISSING
5318,,,,,"/cache/halla/sbs/GEp/raw/gep5_5318.evio.0.0",MISSING
5319,,,,,"/cache/halla/sbs/GEp/raw/gep5_5319.evio.0.0",MISSING
5320,,,,,"/cache/halla/sbs/GEp/raw/gep5_5320.evio.0.0",MISSING
5321,,,,,"/cache/halla/sbs/GEp/raw/gep5_5321.evio.0.0",MISSING
5322,,,,,"/cache/halla/sbs/GEp/raw/gep5_5322.evio.0.0",MISSING
5323,,,,,"/cache/halla/sbs/GEp/raw/gep5_5323.evio.0.0",MISSING
5324,,,,,"/cache/halla/sbs/GEp/raw/gep5_5324.evio.0.0",MISSING
5325,,,,,"/cache/halla/sbs/GEp/raw/gep5_5325.evio.0.0",MISSING
5326,,,,,"/cache/halla/sbs/GEp/raw/gep5_5326.evio.0.0",MISSING
5327,,,,,"/cache/halla/sbs/GEp/raw/gep5_5327.evio.0.0",MISSING
5328,,,,,"/cache/halla/sbs/GEp/raw/gep5_5328.evio.0.0",MISSING
5329,,,,,"/cache/halla/sbs/GEp/raw/gep5_5329.evio.0.0",MISSING
5330,,,,,"/cache/halla/sbs/GEp/raw/gep5_5330.evio.0.0",MISSING
5331,,,,,"/cache/halla/sbs/GEp/raw/gep5_5331.evio.0.0",MISSING
5332,,,,,"/cache/halla/sbs/GEp/raw/gep5_5332.evio.0.0",MISSING
5333,,,,,"/cache/halla/sbs/GEp/raw/gep5_5333.evio.0.0",MISSING
5334,,,,,"/cache/halla/sbs/GEp/raw/gep5_5334.evio.0.0",MISSING
5335,,,,,"/cache/halla/sbs/GEp/raw/gep5_5335.evio.0.0",MISSING
5336,,,,,"/cache/halla/sbs/GEp/raw/gep5_5336.evio.0.0",MISSING
5337,,,,,"/cache/halla/sbs/GEp/raw/gep5_5337.evio.0.0",MISSING
5338,,,,,"/cache/halla/sbs/GEp/raw/gep5_5338.evio.0.0",MISSING
5339,,,,,"/cache/halla/sbs/GEp/raw/gep5_5339.evio.0.0",MISSING
5340,,,,,"/cache/halla/sbs/GEp/raw/gep5_5340.evio.0.0",MISSING
5341,,,,,"/cache/halla/sbs/GEp/raw/gep5_5341.evio.0.0",MISSING
5342,,,,,"/cache/halla/sbs/GEp/raw/gep5_5342.evio.0.0",MISSING
5343,,,,,"/cache/halla/sbs/GEp/raw/gep5_5343.evio.0.0",MISSING
5344,,,,,"/cache/halla/sbs/GEp/raw/gep5_5344.evio.0.0",MISSING
5345,,,,,"/cache/halla/sbs/GEp/raw/gep5_5345.evio.0.0",MISSING
5346,,,,,"/cache/halla/sbs/GEp/raw/gep5_5346.evio.0.0",MISSING
5347,,,,,"/cache/halla/sbs/GEp/raw/gep5_5347.evio.0.0",MISSING
5348,,,,,"/cache/halla/sbs/GEp/raw/gep5_5348.evio.0.0",MISSING
5349,,,,,"/cache/halla/sbs/GEp/raw/gep5_5349.evio.0.0",MISSING
5350,,,,,"/cache/halla/sbs/GEp/raw/gep5_5350.evio.0.0",MISSING
5351,,,,,"/cache/halla/sbs/GEp/raw/gep5_5351.evio.0.0",MISSING
5352,,,,,"/cache/halla/sbs/GEp/raw/gep5_5352.evio.0.0",MISSING
5353,,,,,"/cache/halla/sbs/GEp/raw/gep5_5353.evio.0.0",MISSING
5354,,,,,"/cache/halla/sbs/GEp/raw/gep5_5354.evio.0.0",MISSING
5355,,,,,"/cache/halla/sbs/GEp/raw/gep5_5355.evio.0.0",MISSING
5356,,,,,"/cache/halla/sbs/GEp/raw/gep5_5356.evio.0.0",MISSING
5357,,,,,"/cache/halla/sbs/GEp/raw/gep5_5357.evio.0.0",MISSING
5358,,,,,"/cache/halla/sbs/GEp/raw/gep5_5358.evio.0.0",MISSING
5359,,,,,"/cache/halla/sbs/GEp/raw/gep5_5359.evio.0.0",MISSING
5360,,,,,"/cache/halla/sbs/GEp/raw/gep5_5360.evio.0.0",MISSING
5361,,,,,"/cache/halla/sbs/GEp/raw/gep5_5361.evio.0.0",MISSING
5362,,,,,"/cache/halla/sbs/GEp/raw/gep5_5362.evio.0.0",MISSING
5363,,,,,"/cache/halla/sbs/GEp/raw/gep5_5363.evio.0.0",MISSING
5364,,,,,"/cache/halla/sbs/GEp/raw/gep5_5364.evio.0.0",MISSING
5365,,,,,"/cache/halla/sbs/GEp/raw/gep5_5365.evio.0.0",MISSING
5366,,,,,"/cache/halla/sbs/GEp/raw/gep5_5366.evio.0.0",MISSING
5367,,,,,"/cache/halla/sbs/GEp/raw/gep5_5367.evio.0.0",MISSING
5368,,,,,"/cache/halla/sbs/GEp/raw/gep5_5368.evio.0.0",MISSING
5369,,,,,"/cache/halla/sbs/GEp/raw/gep5_5369.evio.0.0",MISSING
5370,,,,,"/cache/halla/sbs/GEp/raw/gep5_5370.evio.0.0",MISSING
5371,,,,,"/cache/halla/sbs/GEp/raw/gep5_5371.evio.0.0",MISSING
5372,,,,,"/cache/halla/sbs/GEp/raw/gep5_5372.evio.0.0",MISSING
5373,,,,,"/cache/halla/sbs/GEp/raw/gep5_5373.evio.0.0",MISSING
5374,,,,,"/cache/halla/sbs/GEp/raw/gep5_5374.evio.0.0",MISSING
5375,,,,,"/cache/halla/sbs/GEp/raw/gep5_5375.evio.0.0",MISSING
5376,,,,,"/cache/halla/sbs/GEp/raw/gep5_5376.evio.0.0",MISSING
5377,,,,,"/cache/halla/sbs/GEp/raw/gep5_5377.evio.0.0",MISSING
5378,,,,,"/cache/halla/sbs/GEp/raw/gep5_5378.evio.0.0",MISSING
5379,,,,,"/cache/halla/sbs/GEp/raw/gep5_5379.evio.0.0",MISSING
5380,,,,,"/cache/halla/sbs/GEp/raw/gep5_5380.evio.0.0",MISSING
5381,,,,,"/cache/halla/sbs/GEp/raw/gep5_5381.evio.0.0",MISSING
5382,,,,,"/cache/halla/sbs/GEp/raw/gep5_5382.evio.0.0",MISSING
5383,,,,,"/cache/halla/sbs/GEp/raw/gep5_5383.evio.0.0",MISSING
5384,,,,,"/cache/halla/sbs/GEp/raw/gep5_5384.evio.0.0",MISSING
5385,,,,,"/cache/halla/sbs/GEp/raw/gep5_5385.evio.0.0",MISSING
5386,,,,,"/cache/halla/sbs/GEp/raw/gep5_5386.evio.0.0",MISSING
5387,,,,,"/cache/halla/sbs/GEp/raw/gep5_5387.evio.0.0",MISSING
5388,,,,,"/cache/halla/sbs/GEp/raw/gep5_5388.evio.0.0",MISSING
5389,,,,,"/cache/halla/sbs/GEp/raw/gep5_5389.evio.0.0",MISSING
5390,,,,,"/cache/halla/sbs/GEp/raw/gep5_5390.evio.0.0",MISSING
5391,,,,,"/cache/halla/sbs/GEp/raw/gep5_5391.evio.0.0",MISSING
5392,,,,,"/cache/halla/sbs/GEp/raw/gep5_5392.evio.0.0",MISSING
5393,,,,,"/cache/halla/sbs/GEp/raw/gep5_5393.evio.0.0",MISSING
5394,,,,,"/cache/halla/sbs/GEp/raw/gep5_5394.evio.0.0",MISSING
5395,,,,,"/cache/halla/sbs/GEp/raw/gep5_5395.evio.0.0",MISSING
5396,,,,,"/cache/halla/sbs/GEp/raw/gep5_5396.evio.0.0",MISSING
5397,,,,,"/cache/halla/sbs/GEp/raw/gep5_5397.evio.0.0",MISSING
5398,,,,,"/cache/halla/sbs/GEp/raw/gep5_5398.evio.0.0",MISSING
5399,,,,,"/cache/halla/sbs/GEp/raw/gep5_5399.evio.0.0",MISSING
5400,,,,,"/cache/halla/sbs/GEp/raw/gep5_5400.evio.0.0",MISSING
5401,,,,,"/cache/halla/sbs/GEp/raw/gep5_5401.evio.0.0",MISSING
5402,,,,,"/cache/halla/sbs/GEp/raw/gep5_5402.evio.0.0",MISSING
5403,,,,,"/cache/halla/sbs/GEp/raw/gep5_5403.evio.0.0",MISSING
5404,,,,,"/cache/halla/sbs/GEp/raw/gep5_5404.evio.0.0",MISSING
5405,,,,,"/cache/halla/sbs/GEp/raw/gep5_5405.evio.0.0",MISSING
5406,,,,,"/cache/halla/sbs/GEp/raw/gep5_5406.evio.0.0",MISSING
5407,,,,,"/cache/halla/sbs/GEp/raw/gep5_5407.evio.0.0",MISSING
5408,,,,,"/cache/halla/sbs/GEp/raw/gep5_5408.evio.0.0",MISSING
5409,,,,,"/cache/halla/sbs/GEp/raw/gep5_5409.evio.0.0",MISSING
5410,,,,,"/cache/halla/sbs/GEp/raw/gep5_5410.evio.0.0",MISSING
5411,,,,,"/cache/halla/sbs/GEp/raw/gep5_5411.evio.0.0",MISSING
5412,,,,,"/cache/halla/sbs/GEp/raw/gep5_5412.evio.0.0",MISSING
5413,,,,,"/cache/halla/sbs/GEp/raw/gep5_5413.evio.0.0",MISSING
5414,,,,,"/cache/halla/sbs/GEp/raw/gep5_5414.evio.0.0",MISSING
5415,,,,,"/cache/halla/sbs/GEp/raw/gep5_5415.evio.0.0",MISSING
5416,,,,,"/cache/halla/sbs/GEp/raw/gep5_5416.evio.0.0",MISSING
5417,,,,,"/cache/halla/sbs/GEp/raw/gep5_5417.evio.0.0",MISSING
5418,,,,,"/cache/halla/sbs/GEp/raw/gep5_5418.evio.0.0",MISSING
5419,,,,,"/cache/halla/sbs/GEp/raw/gep5_5419.evio.0.0",MISSING
5420,,,,,"/cache/halla/sbs/GEp/raw/gep5_5420.evio.0.0",MISSING
5421,,,,,"/cache/halla/sbs/GEp/raw/gep5_5421.evio.0.0",MISSING
5422,,,,,"/cache/halla/sbs/GEp/raw/gep5_5422.evio.0.0",MISSING
5423,5423,"2025-07-23 17:32:21",1753306341,"-------[ 2025-07-23 17:32:21 ]","/cache/halla/sbs/GEp/raw/gep5_5423.evio.0.0",OK
5424,,,,,"/cache/halla/sbs/GEp/raw/gep5_5424.evio.0.0",INIT_FAILED
5425,,,,,"/cache/halla/sbs/GEp/raw/gep5_5425.evio.0.0",MISSING
5426,,,,,"/cache/halla/sbs/GEp/raw/gep5_5426.evio.0.0",MISSING
5427,,,,,"/cache/halla/sbs/GEp/raw/gep5_5427.evio.0.0",MISSING
5428,,,,,"/cache/halla/sbs/GEp/raw/gep5_5428.evio.0.0",MISSING
5429,,,,,"/cache/halla/sbs/GEp/raw/gep5_5429.evio.0.0",MISSING
5430,,,,,"/cache/halla/sbs/GEp/raw/gep5_5430.evio.0.0",MISSING
5431,,,,,"/cache/halla/sbs/GEp/raw/gep5_5431.evio.0.0",MISSING
5432,,,,,"/cache/halla/sbs/GEp/raw/gep5_5432.evio.0.0",MISSING
5433,,,,,"/cache/halla/sbs/GEp/raw/gep5_5433.evio.0.0",MISSING
5434,,,,,"/cache/halla/sbs/GEp/raw/gep5_5434.evio.0.0",MISSING
5435,,,,,"/cache/halla/sbs/GEp/raw/gep5_5435.evio.0.0",MISSING
5436,,,,,"/cache/halla/sbs/GEp/raw/gep5_5436.evio.0.0",MISSING
5437,,,,,"/cache/halla/sbs/GEp/raw/gep5_5437.evio.0.0",MISSING
5438,,,,,"/cache/halla/sbs/GEp/raw/gep5_5438.evio.0.0",MISSING
5439,,,,,"/cache/halla/sbs/GEp/raw/gep5_5439.evio.0.0",MISSING
5440,,,,,"/cache/halla/sbs/GEp/raw/gep5_5440.evio.0.0",MISSING
5441,,,,,"/cache/halla/sbs/GEp/raw/gep5_5441.evio.0.0",MISSING
5442,,,,,"/cache/halla/sbs/GEp/raw/gep5_5442.evio.0.0",MISSING
5443,,,,,"/cache/halla/sbs/GEp/raw/gep5_5443.evio.0.0",MISSING
5444,,,,,"/cache/halla/sbs/GEp/raw/gep5_5444.evio.0.0",MISSING
5445,,,,,"/cache/halla/sbs/GEp/raw/gep5_5445.evio.0.0",MISSING
5446,,,,,"/cache/halla/sbs/GEp/raw/gep5_5446.evio.0.0",MISSING
5447,,,,,"/cache/halla/sbs/GEp/raw/gep5_5447.evio.0.0",MISSING
5448,,,,,"/cache/halla/sbs/GEp/raw/gep5_5448.evio.0.0",MISSING
5449,,,,,"/cache/halla/sbs/GEp/raw/gep5_5449.evio.0.0",MISSING
5450,,,,,"/cache/halla/sbs/GEp/raw/gep5_5450.evio.0.0",MISSING
5451,,,,,"/cache/halla/sbs/GEp/raw/gep5_5451.evio.0.0",MISSING
5452,,,,,"/cache/halla/sbs/GEp/raw/gep5_5452.evio.0.0",MISSING
5453,,,,,"/cache/halla/sbs/GEp/raw/gep5_5453.evio.0.0",MISSING
5454,,,,,"/cache/halla/sbs/GEp/raw/gep5_5454.evio.0.0",MISSING
5455,,,,,"/cache/halla/sbs/GEp/raw/gep5_5455.evio.0.0",MISSING
5456,,,,,"/cache/halla/sbs/GEp/raw/gep5_5456.evio.0.0",MISSING
5457,,,,,"/cache/halla/sbs/GEp/raw/gep5_5457.evio.0.0",MISSING
5458,,,,,"/cache/halla/sbs/GEp/raw/gep5_5458.evio.0.0",MISSING
5459,,,,,"/cache/halla/sbs/GEp/raw/gep5_5459.evio.0.0",MISSING
5460,,,,,"/cache/halla/sbs/GEp/raw/gep5_5460.evio.0.0",MISSING
5461,,,,,"/cache/halla/sbs/GEp/raw/gep5_5461.evio.0.0",MISSING
5462,,,,,"/cache/halla/sbs/GEp/raw/gep5_5462.evio.0.0",MISSING
5463,,,,,"/cache/halla/sbs/GEp/raw/gep5_5463.evio.0.0",MISSING
5464,,,,,"/cache/halla/sbs/GEp/raw/gep5_5464.evio.0.0",MISSING
5465,,,,,"/cache/halla/sbs/GEp/raw/gep5_5465.evio.0.0",MISSING
5466,,,,,"/cache/halla/sbs/GEp/raw/gep5_5466.evio.0.0",MISSING
5467,,,,,"/cache/halla/sbs/GEp/raw/gep5_5467.evio.0.0",MISSING
5468,,,,,"/cache/halla/sbs/GEp/raw/gep5_5468.evio.0.0",MISSING
5469,,,,,"/cache/halla/sbs/GEp/raw/gep5_5469.evio.0.0",MISSING
5470,,,,,"/cache/halla/sbs/GEp/raw/gep5_5470.evio.0.0",MISSING
5471,,,,,"/cache/halla/sbs/GEp/raw/gep5_5471.evio.0.0",MISSING
5472,,,,,"/cache/halla/sbs/GEp/raw/gep5_5472.evio.0.0",MISSING
5473,,,,,"/cache/halla/sbs/GEp/raw/gep5_5473.evio.0.0",MISSING
5474,,,,,"/cache/halla/sbs/GEp/raw/gep5_5474.evio.0.0",MISSING
5475,,,,,"/cache/halla/sbs/GEp/raw/gep5_5475.evio.0.0",MISSING
5476,,,,,"/cache/halla/sbs/GEp/raw/gep5_5476.evio.0.0",MISSING
5477,,,,,"/cache/halla/sbs/GEp/raw/gep5_5477.evio.0.0",MISSING
5478,,,,,"/cache/halla/sbs/GEp/raw/gep5_5478.evio.0.0",MISSING
5479,,,,,"/cache/halla/sbs/GEp/raw/gep5_5479.evio.0.0",MISSING
5480,,,,,"/cache/halla/sbs/GEp/raw/gep5_5480.evio.0.0",MISSING
5481,,,,,"/cache/halla/sbs/GEp/raw/gep5_5481.evio.0.0",MISSING
5482,,,,,"/cache/halla/sbs/GEp/raw/gep5_5482.evio.0.0",MISSING
5483,,,,,"/cache/halla/sbs/GEp/raw/gep5_5483.evio.0.0",MISSING
5484,,,,,"/cache/halla/sbs/GEp/raw/gep5_5484.evio.0.0",MISSING
5485,,,,,"/cache/halla/sbs/GEp/raw/gep5_5485.evio.0.0",MISSING
5486,,,,,"/cache/halla/sbs/GEp/raw/gep5_5486.evio.0.0",MISSING
5487,,,,,"/cache/halla/sbs/GEp/raw/gep5_5487.evio.0.0",MISSING
5488,,,,,"/cache/halla/sbs/GEp/raw/gep5_5488.evio.0.0",MISSING
5489,,,,,"/cache/halla/sbs/GEp/raw/gep5_5489.evio.0.0",MISSING
5490,,,,,"/cache/halla/sbs/GEp/raw/gep5_5490.evio.0.0",MISSING
5491,,,,,"/cache/halla/sbs/GEp/raw/gep5_5491.evio.0.0",MISSING
5492,,,,,"/cache/halla/sbs/GEp/raw/gep5_5492.evio.0.0",MISSING
5493,,,,,"/cache/halla/sbs/GEp/raw/gep5_5493.evio.0.0",MISSING
5494,,,,,"/cache/halla/sbs/GEp/raw/gep5_5494.evio.0.0",MISSING
5495,,,,,"/cache/halla/sbs/GEp/raw/gep5_5495.evio.0.0",MISSING
5496,,,,,"/cache/halla/sbs/GEp/raw/gep5_5496.evio.0.0",MISSING
5497,,,,,"/cache/halla/sbs/GEp/raw/gep5_5497.evio.0.0",MISSING
5498,,,,,"/cache/halla/sbs/GEp/raw/gep5_5498.evio.0.0",MISSING
5499,,,,,"/cache/halla/sbs/GEp/raw/gep5_5499.evio.0.0",MISSING
5500,,,,,"/cache/halla/sbs/GEp/raw/gep5_5500.evio.0.0",MISSING
5501,,,,,"/cache/halla/sbs/GEp/raw/gep5_5501.evio.0.0",MISSING
5502,,,,,"/cache/halla/sbs/GEp/raw/gep5_5502.evio.0.0",MISSING
5503,,,,,"/cache/halla/sbs/GEp/raw/gep5_5503.evio.0.0",MISSING
5504,,,,,"/cache/halla/sbs/GEp/raw/gep5_5504.evio.0.0",MISSING
5505,,,,,"/cache/halla/sbs/GEp/raw/gep5_5505.evio.0.0",MISSING
5506,,,,,"/cache/halla/sbs/GEp/raw/gep5_5506.evio.0.0",MISSING
5507,,,,,"/cache/halla/sbs/GEp/raw/gep5_5507.evio.0.0",MISSING
5508,,,,,"/cache/halla/sbs/GEp/raw/gep5_5508.evio.0.0",MISSING
5509,,,,,"/cache/halla/sbs/GEp/raw/gep5_5509.evio.0.0",MISSING
5510,,,,,"/cache/halla/sbs/GEp/raw/gep5_5510.evio.0.0",MISSING
5511,,,,,"/cache/halla/sbs/GEp/raw/gep5_5511.evio.0.0",MISSING
5512,,,,,"/cache/halla/sbs/GEp/raw/gep5_5512.evio.0.0",MISSING
5513,,,,,"/cache/halla/sbs/GEp/raw/gep5_5513.evio.0.0",MISSING
5514,,,,,"/cache/halla/sbs/GEp/raw/gep5_5514.evio.0.0",MISSING
5515,,,,,"/cache/halla/sbs/GEp/raw/gep5_5515.evio.0.0",MISSING
5516,,,,,"/cache/halla/sbs/GEp/raw/gep5_5516.evio.0.0",MISSING
5517,,,,,"/cache/halla/sbs/GEp/raw/gep5_5517.evio.0.0",MISSING
5518,,,,,"/cache/halla/sbs/GEp/raw/gep5_5518.evio.0.0",MISSING
5519,,,,,"/cache/halla/sbs/GEp/raw/gep5_5519.evio.0.0",MISSING
5520,,,,,"/cache/halla/sbs/GEp/raw/gep5_5520.evio.0.0",MISSING
5521,,,,,"/cache/halla/sbs/GEp/raw/gep5_5521.evio.0.0",MISSING
5522,,,,,"/cache/halla/sbs/GEp/raw/gep5_5522.evio.0.0",MISSING
5523,,,,,"/cache/halla/sbs/GEp/raw/gep5_5523.evio.0.0",MISSING
5524,,,,,"/cache/halla/sbs/GEp/raw/gep5_5524.evio.0.0",MISSING
5525,,,,,"/cache/halla/sbs/GEp/raw/gep5_5525.evio.0.0",MISSING
5526,,,,,"/cache/halla/sbs/GEp/raw/gep5_5526.evio.0.0",MISSING
5527,,,,,"/cache/halla/sbs/GEp/raw/gep5_5527.evio.0.0",MISSING
5528,,,,,"/cache/halla/sbs/GEp/raw/gep5_5528.evio.0.0",MISSING
5529,,,,,"/cache/halla/sbs/GEp/raw/gep5_5529.evio.0.0",MISSING
5530,,,,,"/cache/halla/sbs/GEp/raw/gep5_5530.evio.0.0",MISSING
5531,,,,,"/cache/halla/sbs/GEp/raw/gep5_5531.evio.0.0",MISSING
5532,,,,,"/cache/halla/sbs/GEp/raw/gep5_5532.evio.0.0",MISSING
5533,,,,,"/cache/halla/sbs/GEp/raw/gep5_5533.evio.0.0",MISSING
5534,,,,,"/cache/halla/sbs/GEp/raw/gep5_5534.evio.0.0",MISSING
5535,,,,,"/cache/halla/sbs/GEp/raw/gep5_5535.evio.0.0",MISSING
5536,,,,,"/cache/halla/sbs/GEp/raw/gep5_5536.evio.0.0",MISSING
5537,,,,,"/cache/halla/sbs/GEp/raw/gep5_5537.evio.0.0",MISSING
5538,,,,,"/cache/halla/sbs/GEp/raw/gep5_5538.evio.0.0",MISSING
5539,,,,,"/cache/halla/sbs/GEp/raw/gep5_5539.evio.0.0",MISSING
5540,,,,,"/cache/halla/sbs/GEp/raw/gep5_5540.evio.0.0",MISSING
5541,,,,,"/cache/halla/sbs/GEp/raw/gep5_5541.evio.0.0",MISSING
5542,,,,,"/cache/halla/sbs/GEp/raw/gep5_5542.evio.0.0",MISSING
5543,,,,,"/cache/halla/sbs/GEp/raw/gep5_5543.evio.0.0",MISSING
5544,,,,,"/cache/halla/sbs/GEp/raw/gep5_5544.evio.0.0",MISSING
5545,,,,,"/cache/halla/sbs/GEp/raw/gep5_5545.evio.0.0",MISSING
5546,,,,,"/cache/halla/sbs/GEp/raw/gep5_5546.evio.0.0",MISSING
5547,,,,,"/cache/halla/sbs/GEp/raw/gep5_5547.evio.0.0",MISSING
5548,,,,,"/cache/halla/sbs/GEp/raw/gep5_5548.evio.0.0",MISSING
5549,,,,,"/cache/halla/sbs/GEp/raw/gep5_5549.evio.0.0",MISSING
5550,,,,,"/cache/halla/sbs/GEp/raw/gep5_5550.evio.0.0",MISSING
5551,,,,,"/cache/halla/sbs/GEp/raw/gep5_5551.evio.0.0",MISSING
5552,,,,,"/cache/halla/sbs/GEp/raw/gep5_5552.evio.0.0",MISSING
5553,,,,,"/cache/halla/sbs/GEp/raw/gep5_5553.evio.0.0",MISSING
5554,,,,,"/cache/halla/sbs/GEp/raw/gep5_5554.evio.0.0",MISSING
5555,,,,,"/cache/halla/sbs/GEp/raw/gep5_5555.evio.0.0",MISSING
5556,,,,,"/cache/halla/sbs/GEp/raw/gep5_5556.evio.0.0",MISSING
5557,,,,,"/cache/halla/sbs/GEp/raw/gep5_5557.evio.0.0",MISSING
5558,,,,,"/cache/halla/sbs/GEp/raw/gep5_5558.evio.0.0",MISSING
5559,,,,,"/cache/halla/sbs/GEp/raw/gep5_5559.evio.0.0",MISSING
5560,,,,,"/cache/halla/sbs/GEp/raw/gep5_5560.evio.0.0",MISSING
5561,,,,,"/cache/halla/sbs/GEp/raw/gep5_5561.evio.0.0",MISSING
5562,,,,,"/cache/halla/sbs/GEp/raw/gep5_5562.evio.0.0",MISSING
5563,,,,,"/cache/halla/sbs/GEp/raw/gep5_5563.evio.0.0",MISSING
5564,,,,,"/cache/halla/sbs/GEp/raw/gep5_5564.evio.0.0",MISSING
5565,,,,,"/cache/halla/sbs/GEp/raw/gep5_5565.evio.0.0",MISSING
5566,,,,,"/cache/halla/sbs/GEp/raw/gep5_5566.evio.0.0",MISSING
5567,,,,,"/cache/halla/sbs/GEp/raw/gep5_5567.evio.0.0",MISSING
5568,,,,,"/cache/halla/sbs/GEp/raw/gep5_5568.evio.0.0",MISSING
5569,,,,,"/cache/halla/sbs/GEp/raw/gep5_5569.evio.0.0",MISSING
5570,,,,,"/cache/halla/sbs/GEp/raw/gep5_5570.evio.0.0",MISSING
5571,,,,,"/cache/halla/sbs/GEp/raw/gep5_5571.evio.0.0",MISSING
5572,,,,,"/cache/halla/sbs/GEp/raw/gep5_5572.evio.0.0",MISSING
5573,,,,,"/cache/halla/sbs/GEp/raw/gep5_5573.evio.0.0",MISSING
5574,,,,,"/cache/halla/sbs/GEp/raw/gep5_5574.evio.0.0",MISSING
5575,,,,,"/cache/halla/sbs/GEp/raw/gep5_5575.evio.0.0",MISSING
5576,,,,,"/cache/halla/sbs/GEp/raw/gep5_5576.evio.0.0",MISSING
5577,,,,,"/cache/halla/sbs/GEp/raw/gep5_5577.evio.0.0",MISSING
5578,,,,,"/cache/halla/sbs/GEp/raw/gep5_5578.evio.0.0",MISSING
5579,,,,,"/cache/halla/sbs/GEp/raw/gep5_5579.evio.0.0",MISSING
5580,,,,,"/cache/halla/sbs/GEp/raw/gep5_5580.evio.0.0",MISSING
5581,,,,,"/cache/halla/sbs/GEp/raw/gep5_5581.evio.0.0",MISSING
5582,,,,,"/cache/halla/sbs/GEp/raw/gep5_5582.evio.0.0",MISSING
5583,,,,,"/cache/halla/sbs/GEp/raw/gep5_5583.evio.0.0",MISSING
5584,,,,,"/cache/halla/sbs/GEp/raw/gep5_5584.evio.0.0",MISSING
5585,,,,,"/cache/halla/sbs/GEp/raw/gep5_5585.evio.0.0",MISSING
5586,,,,,"/cache/halla/sbs/GEp/raw/gep5_5586.evio.0.0",MISSING
5587,,,,,"/cache/halla/sbs/GEp/raw/gep5_5587.evio.0.0",MISSING
5588,,,,,"/cache/halla/sbs/GEp/raw/gep5_5588.evio.0.0",MISSING
5589,,,,,"/cache/halla/sbs/GEp/raw/gep5_5589.evio.0.0",MISSING
5590,,,,,"/cache/halla/sbs/GEp/raw/gep5_5590.evio.0.0",MISSING
5591,,,,,"/cache/halla/sbs/GEp/raw/gep5_5591.evio.0.0",MISSING
5592,,,,,"/cache/halla/sbs/GEp/raw/gep5_5592.evio.0.0",MISSING
5593,,,,,"/cache/halla/sbs/GEp/raw/gep5_5593.evio.0.0",MISSING
5594,,,,,"/cache/halla/sbs/GEp/raw/gep5_5594.evio.0.0",MISSING
5595,,,,,"/cache/halla/sbs/GEp/raw/gep5_5595.evio.0.0",MISSING
5596,,,,,"/cache/halla/sbs/GEp/raw/gep5_5596.evio.0.0",MISSING
5597,,,,,"/cache/halla/sbs/GEp/raw/gep5_5597.evio.0.0",MISSING
5598,,,,,"/cache/halla/sbs/GEp/raw/gep5_5598.evio.0.0",MISSING
5599,,,,,"/cache/halla/sbs/GEp/raw/gep5_5599.evio.0.0",MISSING
5600,,,,,"/cache/halla/sbs/GEp/raw/gep5_5600.evio.0.0",MISSING
5601,,,,,"/cache/halla/sbs/GEp/raw/gep5_5601.evio.0.0",MISSING
5602,,,,,"/cache/halla/sbs/GEp/raw/gep5_5602.evio.0.0",MISSING
5603,,,,,"/cache/halla/sbs/GEp/raw/gep5_5603.evio.0.0",MISSING
5604,,,,,"/cache/halla/sbs/GEp/raw/gep5_5604.evio.0.0",MISSING
5605,,,,,"/cache/halla/sbs/GEp/raw/gep5_5605.evio.0.0",MISSING
5606,,,,,"/cache/halla/sbs/GEp/raw/gep5_5606.evio.0.0",MISSING
5607,,,,,"/cache/halla/sbs/GEp/raw/gep5_5607.evio.0.0",MISSING
5608,,,,,"/cache/halla/sbs/GEp/raw/gep5_5608.evio.0.0",MISSING
5609,,,,,"/cache/halla/sbs/GEp/raw/gep5_5609.evio.0.0",MISSING
5610,,,,,"/cache/halla/sbs/GEp/raw/gep5_5610.evio.0.0",MISSING
5611,,,,,"/cache/halla/sbs/GEp/raw/gep5_5611.evio.0.0",MISSING
5612,,,,,"/cache/halla/sbs/GEp/raw/gep5_5612.evio.0.0",MISSING
5613,,,,,"/cache/halla/sbs/GEp/raw/gep5_5613.evio.0.0",MISSING
5614,,,,,"/cache/halla/sbs/GEp/raw/gep5_5614.evio.0.0",MISSING
5615,,,,,"/cache/halla/sbs/GEp/raw/gep5_5615.evio.0.0",MISSING
5616,,,,,"/cache/halla/sbs/GEp/raw/gep5_5616.evio.0.0",MISSING
5617,,,,,"/cache/halla/sbs/GEp/raw/gep5_5617.evio.0.0",MISSING
5618,,,,,"/cache/halla/sbs/GEp/raw/gep5_5618.evio.0.0",MISSING
5619,,,,,"/cache/halla/sbs/GEp/raw/gep5_5619.evio.0.0",MISSING
5620,,,,,"/cache/halla/sbs/GEp/raw/gep5_5620.evio.0.0",MISSING
5621,,,,,"/cache/halla/sbs/GEp/raw/gep5_5621.evio.0.0",MISSING
5622,,,,,"/cache/halla/sbs/GEp/raw/gep5_5622.evio.0.0",MISSING
5623,,,,,"/cache/halla/sbs/GEp/raw/gep5_5623.evio.0.0",MISSING
5624,,,,,"/cache/halla/sbs/GEp/raw/gep5_5624.evio.0.0",MISSING
5625,,,,,"/cache/halla/sbs/GEp/raw/gep5_5625.evio.0.0",MISSING
5626,,,,,"/cache/halla/sbs/GEp/raw/gep5_5626.evio.0.0",MISSING
5627,,,,,"/cache/halla/sbs/GEp/raw/gep5_5627.evio.0.0",MISSING
5628,,,,,"/cache/halla/sbs/GEp/raw/gep5_5628.evio.0.0",MISSING
5629,,,,,"/cache/halla/sbs/GEp/raw/gep5_5629.evio.0.0",MISSING
5630,,,,,"/cache/halla/sbs/GEp/raw/gep5_5630.evio.0.0",MISSING
5631,,,,,"/cache/halla/sbs/GEp/raw/gep5_5631.evio.0.0",MISSING
5632,,,,,"/cache/halla/sbs/GEp/raw/gep5_5632.evio.0.0",MISSING
5633,,,,,"/cache/halla/sbs/GEp/raw/gep5_5633.evio.0.0",MISSING
5634,,,,,"/cache/halla/sbs/GEp/raw/gep5_5634.evio.0.0",MISSING
5635,,,,,"/cache/halla/sbs/GEp/raw/gep5_5635.evio.0.0",MISSING
5636,,,,,"/cache/halla/sbs/GEp/raw/gep5_5636.evio.0.0",MISSING
5637,,,,,"/cache/halla/sbs/GEp/raw/gep5_5637.evio.0.0",MISSING
5638,,,,,"/cache/halla/sbs/GEp/raw/gep5_5638.evio.0.0",MISSING
5639,5639,"2025-08-02 11:19:26",1754147966,"-------[ 2025-08-02 11:19:26 ]","/cache/halla/sbs/GEp/raw/gep5_5639.evio.0.0",OK
5640,,,,,"/cache/halla/sbs/GEp/raw/gep5_5640.evio.0.0",MISSING
5641,,,,,"/cache/halla/sbs/GEp/raw/gep5_5641.evio.0.0",MISSING
5642,,,,,"/cache/halla/sbs/GEp/raw/gep5_5642.evio.0.0",MISSING
5643,,,,,"/cache/halla/sbs/GEp/raw/gep5_5643.evio.0.0",MISSING
5644,,,,,"/cache/halla/sbs/GEp/raw/gep5_5644.evio.0.0",MISSING
5645,,,,,"/cache/halla/sbs/GEp/raw/gep5_5645.evio.0.0",MISSING
5646,,,,,"/cache/halla/sbs/GEp/raw/gep5_5646.evio.0.0",MISSING
5647,,,,,"/cache/halla/sbs/GEp/raw/gep5_5647.evio.0.0",MISSING
5648,,,,,"/cache/halla/sbs/GEp/raw/gep5_5648.evio.0.0",MISSING
5649,,,,,"/cache/halla/sbs/GEp/raw/gep5_5649.evio.0.0",MISSING
5650,,,,,"/cache/halla/sbs/GEp/raw/gep5_5650.evio.0.0",MISSING
5651,5651,"2025-08-03 04:28:53",1754209733,"-------[ 2025-08-03 04:28:53 ]","/cache/halla/sbs/GEp/raw/gep5_5651.evio.0.0",OK
5652,,,,,"/cache/halla/sbs/GEp/raw/gep5_5652.evio.0.0",MISSING
5653,,,,,"/cache/halla/sbs/GEp/raw/gep5_5653.evio.0.0",MISSING
5654,,,,,"/cache/halla/sbs/GEp/raw/gep5_5654.evio.0.0",MISSING
5655,,,,,"/cache/halla/sbs/GEp/raw/gep5_5655.evio.0.0",MISSING
5656,,,,,"/cache/halla/sbs/GEp/raw/gep5_5656.evio.0.0",MISSING
5657,,,,,"/cache/halla/sbs/GEp/raw/gep5_5657.evio.0.0",MISSING
5658,,,,,"/cache/halla/sbs/GEp/raw/gep5_5658.evio.0.0",MISSING
5659,,,,,"/cache/halla/sbs/GEp/raw/gep5_5659.evio.0.0",MISSING
5660,,,,,"/cache/halla/sbs/GEp/raw/gep5_5660.evio.0.0",MISSING
5661,,,,,"/cache/halla/sbs/GEp/raw/gep5_5661.evio.0.0",MISSING
5662,,,,,"/cache/halla/sbs/GEp/raw/gep5_5662.evio.0.0",MISSING
5663,,,,,"/cache/halla/sbs/GEp/raw/gep5_5663.evio.0.0",MISSING
5664,,,,,"/cache/halla/sbs/GEp/raw/gep5_5664.evio.0.0",MISSING
5665,,,,,"/cache/halla/sbs/GEp/raw/gep5_5665.evio.0.0",MISSING
5666,,,,,"/cache/halla/sbs/GEp/raw/gep5_5666.evio.0.0",MISSING
5667,,,,,"/cache/halla/sbs/GEp/raw/gep5_5667.evio.0.0",MISSING
5668,,,,,"/cache/halla/sbs/GEp/raw/gep5_5668.evio.0.0",MISSING
5669,,,,,"/cache/halla/sbs/GEp/raw/gep5_5669.evio.0.0",MISSING
5670,,,,,"/cache/halla/sbs/GEp/raw/gep5_5670.evio.0.0",MISSING
5671,,,,,"/cache/halla/sbs/GEp/raw/gep5_5671.evio.0.0",MISSING
5672,,,,,"/cache/halla/sbs/GEp/raw/gep5_5672.evio.0.0",MISSING
5673,,,,,"/cache/halla/sbs/GEp/raw/gep5_5673.evio.0.0",MISSING
5674,,,,,"/cache/halla/sbs/GEp/raw/gep5_5674.evio.0.0",MISSING
5675,,,,,"/cache/halla/sbs/GEp/raw/gep5_5675.evio.0.0",MISSING
5676,,,,,"/cache/halla/sbs/GEp/raw/gep5_5676.evio.0.0",MISSING
5677,,,,,"/cache/halla/sbs/GEp/raw/gep5_5677.evio.0.0",MISSING
5678,,,,,"/cache/halla/sbs/GEp/raw/gep5_5678.evio.0.0",MISSING
5679,,,,,"/cache/halla/sbs/GEp/raw/gep5_5679.evio.0.0",MISSING
5680,,,,,"/cache/halla/sbs/GEp/raw/gep5_5680.evio.0.0",MISSING
5681,,,,,"/cache/halla/sbs/GEp/raw/gep5_5681.evio.0.0",MISSING
5682,,,,,"/cache/halla/sbs/GEp/raw/gep5_5682.evio.0.0",MISSING
5683,,,,,"/cache/halla/sbs/GEp/raw/gep5_5683.evio.0.0",MISSING
5684,,,,,"/cache/halla/sbs/GEp/raw/gep5_5684.evio.0.0",MISSING
5685,,,,,"/cache/halla/sbs/GEp/raw/gep5_5685.evio.0.0",MISSING
5686,5686,"2025-08-04 13:17:56",1754327876,"-------[ 2025-08-04 13:17:56 ]","/cache/halla/sbs/GEp/raw/gep5_5686.evio.0.0",OK
5687,,,,,"/cache/halla/sbs/GEp/raw/gep5_5687.evio.0.0",MISSING
5688,,,,,"/cache/halla/sbs/GEp/raw/gep5_5688.evio.0.0",MISSING
5689,,,,,"/cache/halla/sbs/GEp/raw/gep5_5689.evio.0.0",MISSING
5690,,,,,"/cache/halla/sbs/GEp/raw/gep5_5690.evio.0.0",MISSING
5691,,,,,"/cache/halla/sbs/GEp/raw/gep5_5691.evio.0.0",MISSING
5692,,,,,"/cache/halla/sbs/GEp/raw/gep5_5692.evio.0.0",MISSING
5693,,,,,"/cache/halla/sbs/GEp/raw/gep5_5693.evio.0.0",MISSING
5694,,,,,"/cache/halla/sbs/GEp/raw/gep5_5694.evio.0.0",MISSING
5695,5695,"2025-08-05 00:26:02",1754367962,"-------[ 2025-08-05 00:26:02 ]","/cache/halla/sbs/GEp/raw/gep5_5695.evio.0.0",OK
5696,,,,,"/cache/halla/sbs/GEp/raw/gep5_5696.evio.0.0",MISSING
5697,,,,,"/cache/halla/sbs/GEp/raw/gep5_5697.evio.0.0",MISSING
5698,,,,,"/cache/halla/sbs/GEp/raw/gep5_5698.evio.0.0",MISSING
5699,,,,,"/cache/halla/sbs/GEp/raw/gep5_5699.evio.0.0",MISSING
5700,,,,,"/cache/halla/sbs/GEp/raw/gep5_5700.evio.0.0",MISSING
5701,,,,,"/cache/halla/sbs/GEp/raw/gep5_5701.evio.0.0",MISSING
5702,5702,"2025-08-05 14:14:40",1754417680,"-------[ 2025-08-05 14:14:40 ]","/cache/halla/sbs/GEp/raw/gep5_5702.evio.0.0",OK
5703,,,,,"/cache/halla/sbs/GEp/raw/gep5_5703.evio.0.0",MISSING
5704,,,,,"/cache/halla/sbs/GEp/raw/gep5_5704.evio.0.0",MISSING
5705,5705,"2025-08-05 20:16:24",1754439384,"-------[ 2025-08-05 20:16:24 ]","/cache/halla/sbs/GEp/raw/gep5_5705.evio.0.0",OK
5706,,,,,"/cache/halla/sbs/GEp/raw/gep5_5706.evio.0.0",MISSING
5707,5707,"2025-08-06 00:31:09",1754454669,"-------[ 2025-08-06 00:31:09 ]","/cache/halla/sbs/GEp/raw/gep5_5707.evio.0.0",OK
5708,,,,,"/cache/halla/sbs/GEp/raw/gep5_5708.evio.0.0",MISSING
5709,,,,,"/cache/halla/sbs/GEp/raw/gep5_5709.evio.0.0",MISSING
5710,5710,"2025-08-07 01:26:21",1754544381,"-------[ 2025-08-07 01:26:21 ]","/cache/halla/sbs/GEp/raw/gep5_5710.evio.0.0",OK
5711,5711,"2025-08-07 02:06:54",1754546814,"-------[ 2025-08-07 02:06:54 ]","/cache/halla/sbs/GEp/raw/gep5_5711.evio.0.0",OK
5712,,,,,"/cache/halla/sbs/GEp/raw/gep5_5712.evio.0.0",MISSING
5713,,,,,"/cache/halla/sbs/GEp/raw/gep5_5713.evio.0.0",MISSING
5714,,,,,"/cache/halla/sbs/GEp/raw/gep5_5714.evio.0.0",MISSING
5715,,,,,"/cache/halla/sbs/GEp/raw/gep5_5715.evio.0.0",MISSING
5716,,,,,"/cache/halla/sbs/GEp/raw/gep5_5716.evio.0.0",MISSING
5717,,,,,"/cache/halla/sbs/GEp/raw/gep5_5717.evio.0.0",MISSING
5718,,,,,"/cache/halla/sbs/GEp/raw/gep5_5718.evio.0.0",MISSING
5719,,,,,"/cache/halla/sbs/GEp/raw/gep5_5719.evio.0.0",MISSING
5720,,,,,"/cache/halla/sbs/GEp/raw/gep5_5720.evio.0.0",MISSING
5721,,,,,"/cache/halla/sbs/GEp/raw/gep5_5721.evio.0.0",MISSING
5722,5722,"2025-08-07 19:30:21",1754609421,"-------[ 2025-08-07 19:30:21 ]","/cache/halla/sbs/GEp/raw/gep5_5722.evio.0.0",OK
5723,5723,"2025-08-07 19:35:49",1754609749,"-------[ 2025-08-07 19:35:49 ]","/cache/halla/sbs/GEp/raw/gep5_5723.evio.0.0",OK
5724,5724,"2025-08-07 19:45:25",1754610325,"-------[ 2025-08-07 19:45:25 ]","/cache/halla/sbs/GEp/raw/gep5_5724.evio.0.0",OK
5725,,,,,"/cache/halla/sbs/GEp/raw/gep5_5725.evio.0.0",MISSING
5726,5726,"2025-08-07 19:52:24",1754610744,"-------[ 2025-08-07 19:52:24 ]","/cache/halla/sbs/GEp/raw/gep5_5726.evio.0.0",OK
5727,5727,"2025-08-07 20:05:59",1754611559,"-------[ 2025-08-07 20:05:59 ]","/cache/halla/sbs/GEp/raw/gep5_5727.evio.0.0",OK
5728,,,,,"/cache/halla/sbs/GEp/raw/gep5_5728.evio.0.0",MISSING
5729,,,,,"/cache/halla/sbs/GEp/raw/gep5_5729.evio.0.0",MISSING
5730,,,,,"/cache/halla/sbs/GEp/raw/gep5_5730.evio.0.0",MISSING
5731,,,,,"/cache/halla/sbs/GEp/raw/gep5_5731.evio.0.0",MISSING
5732,,,,,"/cache/halla/sbs/GEp/raw/gep5_5732.evio.0.0",MISSING
5733,,,,,"/cache/halla/sbs/GEp/raw/gep5_5733.evio.0.0",MISSING
5734,,,,,"/cache/halla/sbs/GEp/raw/gep5_5734.evio.0.0",MISSING
5735,,,,,"/cache/halla/sbs/GEp/raw/gep5_5735.evio.0.0",MISSING
5736,,,,,"/cache/halla/sbs/GEp/raw/gep5_5736.evio.0.0",MISSING
5737,,,,,"/cache/halla/sbs/GEp/raw/gep5_5737.evio.0.0",MISSING
5738,,,,,"/cache/halla/sbs/GEp/raw/gep5_5738.evio.0.0",MISSING
5739,,,,,"/cache/halla/sbs/GEp/raw/gep5_5739.evio.0.0",MISSING
5740,,,,,"/cache/halla/sbs/GEp/raw/gep5_5740.evio.0.0",MISSING
5741,,,,,"/cache/halla/sbs/GEp/raw/gep5_5741.evio.0.0",MISSING
5742,,,,,"/cache/halla/sbs/GEp/raw/gep5_5742.evio.0.0",MISSING
5743,,,,,"/cache/halla/sbs/GEp/raw/gep5_5743.evio.0.0",MISSING
5744,,,,,"/cache/halla/sbs/GEp/raw/gep5_5744.evio.0.0",MISSING
5745,,,,,"/cache/halla/sbs/GEp/raw/gep5_5745.evio.0.0",MISSING
5746,,,,,"/cache/halla/sbs/GEp/raw/gep5_5746.evio.0.0",MISSING
5747,,,,,"/cache/halla/sbs/GEp/raw/gep5_5747.evio.0.0",MISSING
5748,,,,,"/cache/halla/sbs/GEp/raw/gep5_5748.evio.0.0",MISSING
5749,,,,,"/cache/halla/sbs/GEp/raw/gep5_5749.evio.0.0",MISSING
5750,,,,,"/cache/halla/sbs/GEp/raw/gep5_5750.evio.0.0",MISSING
5751,,,,,"/cache/halla/sbs/GEp/raw/gep5_5751.evio.0.0",MISSING
5752,,,,,"/cache/halla/sbs/GEp/raw/gep5_5752.evio.0.0",MISSING
5753,,,,,"/cache/halla/sbs/GEp/raw/gep5_5753.evio.0.0",MISSING
5754,,,,,"/cache/halla/sbs/GEp/raw/gep5_5754.evio.0.0",MISSING
5755,,,,,"/cache/halla/sbs/GEp/raw/gep5_5755.evio.0.0",MISSING
5756,,,,,"/cache/halla/sbs/GEp/raw/gep5_5756.evio.0.0",MISSING
5757,,,,,"/cache/halla/sbs/GEp/raw/gep5_5757.evio.0.0",MISSING
5758,5758,"2025-08-08 10:08:09",1754662089,"-------[ 2025-08-08 10:08:09 ]","/cache/halla/sbs/GEp/raw/gep5_5758.evio.0.0",OK
5759,,,,,"/cache/halla/sbs/GEp/raw/gep5_5759.evio.0.0",MISSING
5760,,,,,"/cache/halla/sbs/GEp/raw/gep5_5760.evio.0.0",MISSING
5761,,,,,"/cache/halla/sbs/GEp/raw/gep5_5761.evio.0.0",MISSING
5762,,,,,"/cache/halla/sbs/GEp/raw/gep5_5762.evio.0.0",MISSING
5763,,,,,"/cache/halla/sbs/GEp/raw/gep5_5763.evio.0.0",MISSING
5764,,,,,"/cache/halla/sbs/GEp/raw/gep5_5764.evio.0.0",MISSING
5765,,,,,"/cache/halla/sbs/GEp/raw/gep5_5765.evio.0.0",MISSING
5766,,,,,"/cache/halla/sbs/GEp/raw/gep5_5766.evio.0.0",MISSING
5767,,,,,"/cache/halla/sbs/GEp/raw/gep5_5767.evio.0.0",MISSING
5768,,,,,"/cache/halla/sbs/GEp/raw/gep5_5768.evio.0.0",MISSING
5769,,,,,"/cache/halla/sbs/GEp/raw/gep5_5769.evio.0.0",MISSING
5770,,,,,"/cache/halla/sbs/GEp/raw/gep5_5770.evio.0.0",MISSING
5771,,,,,"/cache/halla/sbs/GEp/raw/gep5_5771.evio.0.0",MISSING
5772,,,,,"/cache/halla/sbs/GEp/raw/gep5_5772.evio.0.0",MISSING
5773,,,,,"/cache/halla/sbs/GEp/raw/gep5_5773.evio.0.0",MISSING
5774,,,,,"/cache/halla/sbs/GEp/raw/gep5_5774.evio.0.0",MISSING
5775,,,,,"/cache/halla/sbs/GEp/raw/gep5_5775.evio.0.0",MISSING
5776,,,,,"/cache/halla/sbs/GEp/raw/gep5_5776.evio.0.0",MISSING
5777,,,,,"/cache/halla/sbs/GEp/raw/gep5_5777.evio.0.0",MISSING
5778,,,,,"/cache/halla/sbs/GEp/raw/gep5_5778.evio.0.0",MISSING
5779,,,,,"/cache/halla/sbs/GEp/raw/gep5_5779.evio.0.0",MISSING
5780,,,,,"/cache/halla/sbs/GEp/raw/gep5_5780.evio.0.0",MISSING
5781,,,,,"/cache/halla/sbs/GEp/raw/gep5_5781.evio.0.0",MISSING
5782,,,,,"/cache/halla/sbs/GEp/raw/gep5_5782.evio.0.0",MISSING
5783,,,,,"/cache/halla/sbs/GEp/raw/gep5_5783.evio.0.0",MISSING
5784,,,,,"/cache/halla/sbs/GEp/raw/gep5_5784.evio.0.0",MISSING
5785,,,,,"/cache/halla/sbs/GEp/raw/gep5_5785.evio.0.0",MISSING
5786,,,,,"/cache/halla/sbs/GEp/raw/gep5_5786.evio.0.0",MISSING
5787,,,,,"/cache/halla/sbs/GEp/raw/gep5_5787.evio.0.0",MISSING
5788,,,,,"/cache/halla/sbs/GEp/raw/gep5_5788.evio.0.0",MISSING
5789,,,,,"/cache/halla/sbs/GEp/raw/gep5_5789.evio.0.0",MISSING
5790,,,,,"/cache/halla/sbs/GEp/raw/gep5_5790.evio.0.0",MISSING
5791,,,,,"/cache/halla/sbs/GEp/raw/gep5_5791.evio.0.0",MISSING
5792,,,,,"/cache/halla/sbs/GEp/raw/gep5_5792.evio.0.0",MISSING
5793,,,,,"/cache/halla/sbs/GEp/raw/gep5_5793.evio.0.0",MISSING
5794,5794,"2025-08-10 16:50:37",1754859037,"-------[ 2025-08-10 16:50:37 ]","/cache/halla/sbs/GEp/raw/gep5_5794.evio.0.0",OK
5795,5795,"2025-08-10 16:56:53",1754859413,"-------[ 2025-08-10 16:56:53 ]","/cache/halla/sbs/GEp/raw/gep5_5795.evio.0.0",OK
5796,,,,,"/cache/halla/sbs/GEp/raw/gep5_5796.evio.0.0",MISSING
5797,,,,,"/cache/halla/sbs/GEp/raw/gep5_5797.evio.0.0",MISSING
5798,,,,,"/cache/halla/sbs/GEp/raw/gep5_5798.evio.0.0",MISSING
5799,5799,"2025-08-10 17:39:36",1754861976,"-------[ 2025-08-10 17:39:36 ]","/cache/halla/sbs/GEp/raw/gep5_5799.evio.0.0",OK
5800,,,,,"/cache/halla/sbs/GEp/raw/gep5_5800.evio.0.0",MISSING
5801,,,,,"/cache/halla/sbs/GEp/raw/gep5_5801.evio.0.0",MISSING
5802,,,,,"/cache/halla/sbs/GEp/raw/gep5_5802.evio.0.0",MISSING
5803,,,,,"/cache/halla/sbs/GEp/raw/gep5_5803.evio.0.0",MISSING
5804,,,,,"/cache/halla/sbs/GEp/raw/gep5_5804.evio.0.0",MISSING
5805,,,,,"/cache/halla/sbs/GEp/raw/gep5_5805.evio.0.0",MISSING
5806,,,,,"/cache/halla/sbs/GEp/raw/gep5_5806.evio.0.0",MISSING
5807,,,,,"/cache/halla/sbs/GEp/raw/gep5_5807.evio.0.0",MISSING
5808,,,,,"/cache/halla/sbs/GEp/raw/gep5_5808.evio.0.0",MISSING
5809,,,,,"/cache/halla/sbs/GEp/raw/gep5_5809.evio.0.0",MISSING
5810,,,,,"/cache/halla/sbs/GEp/raw/gep5_5810.evio.0.0",MISSING
5811,,,,,"/cache/halla/sbs/GEp/raw/gep5_5811.evio.0.0",MISSING
5812,,,,,"/cache/halla/sbs/GEp/raw/gep5_5812.evio.0.0",MISSING
5813,,,,,"/cache/halla/sbs/GEp/raw/gep5_5813.evio.0.0",MISSING
5814,,,,,"/cache/halla/sbs/GEp/raw/gep5_5814.evio.0.0",MISSING
5815,,,,,"/cache/halla/sbs/GEp/raw/gep5_5815.evio.0.0",MISSING
5816,,,,,"/cache/halla/sbs/GEp/raw/gep5_5816.evio.0.0",MISSING
5817,,,,,"/cache/halla/sbs/GEp/raw/gep5_5817.evio.0.0",MISSING
5818,,,,,"/cache/halla/sbs/GEp/raw/gep5_5818.evio.0.0",MISSING
5819,,,,,"/cache/halla/sbs/GEp/raw/gep5_5819.evio.0.0",MISSING
5820,,,,,"/cache/halla/sbs/GEp/raw/gep5_5820.evio.0.0",MISSING
5821,,,,,"/cache/halla/sbs/GEp/raw/gep5_5821.evio.0.0",MISSING
5822,,,,,"/cache/halla/sbs/GEp/raw/gep5_5822.evio.0.0",MISSING
5823,,,,,"/cache/halla/sbs/GEp/raw/gep5_5823.evio.0.0",MISSING
5824,,,,,"/cache/halla/sbs/GEp/raw/gep5_5824.evio.0.0",MISSING
5825,,,,,"/cache/halla/sbs/GEp/raw/gep5_5825.evio.0.0",MISSING
5826,,,,,"/cache/halla/sbs/GEp/raw/gep5_5826.evio.0.0",MISSING
5827,,,,,"/cache/halla/sbs/GEp/raw/gep5_5827.evio.0.0",MISSING
5828,,,,,"/cache/halla/sbs/GEp/raw/gep5_5828.evio.0.0",MISSING
5829,,,,,"/cache/halla/sbs/GEp/raw/gep5_5829.evio.0.0",MISSING
5830,,,,,"/cache/halla/sbs/GEp/raw/gep5_5830.evio.0.0",MISSING
5831,,,,,"/cache/halla/sbs/GEp/raw/gep5_5831.evio.0.0",MISSING
5832,5832,"2025-08-12 03:09:33",1754982573,"-------[ 2025-08-12 03:09:33 ]","/cache/halla/sbs/GEp/raw/gep5_5832.evio.0.0",OK
5833,,,,,"/cache/halla/sbs/GEp/raw/gep5_5833.evio.0.0",MISSING
5834,,,,,"/cache/halla/sbs/GEp/raw/gep5_5834.evio.0.0",MISSING
5835,,,,,"/cache/halla/sbs/GEp/raw/gep5_5835.evio.0.0",MISSING
5836,,,,,"/cache/halla/sbs/GEp/raw/gep5_5836.evio.0.0",MISSING
5837,,,,,"/cache/halla/sbs/GEp/raw/gep5_5837.evio.0.0",MISSING
5838,,,,,"/cache/halla/sbs/GEp/raw/gep5_5838.evio.0.0",MISSING
5839,,,,,"/cache/halla/sbs/GEp/raw/gep5_5839.evio.0.0",MISSING
5840,,,,,"/cache/halla/sbs/GEp/raw/gep5_5840.evio.0.0",MISSING
5841,,,,,"/cache/halla/sbs/GEp/raw/gep5_5841.evio.0.0",MISSING
5842,,,,,"/cache/halla/sbs/GEp/raw/gep5_5842.evio.0.0",MISSING
5843,,,,,"/cache/halla/sbs/GEp/raw/gep5_5843.evio.0.0",MISSING
5844,,,,,"/cache/halla/sbs/GEp/raw/gep5_5844.evio.0.0",MISSING
5845,,,,,"/cache/halla/sbs/GEp/raw/gep5_5845.evio.0.0",MISSING
5846,,,,,"/cache/halla/sbs/GEp/raw/gep5_5846.evio.0.0",MISSING
5847,,,,,"/cache/halla/sbs/GEp/raw/gep5_5847.evio.0.0",MISSING
5848,,,,,"/cache/halla/sbs/GEp/raw/gep5_5848.evio.0.0",MISSING
5849,,,,,"/cache/halla/sbs/GEp/raw/gep5_5849.evio.0.0",MISSING
5850,,,,,"/cache/halla/sbs/GEp/raw/gep5_5850.evio.0.0",MISSING
5851,,,,,"/cache/halla/sbs/GEp/raw/gep5_5851.evio.0.0",MISSING
5852,,,,,"/cache/halla/sbs/GEp/raw/gep5_5852.evio.0.0",MISSING
5853,,,,,"/cache/halla/sbs/GEp/raw/gep5_5853.evio.0.0",MISSING
5854,,,,,"/cache/halla/sbs/GEp/raw/gep5_5854.evio.0.0",MISSING
5855,,,,,"/cache/halla/sbs/GEp/raw/gep5_5855.evio.0.0",MISSING
5856,,,,,"/cache/halla/sbs/GEp/raw/gep5_5856.evio.0.0",MISSING
5857,,,,,"/cache/halla/sbs/GEp/raw/gep5_5857.evio.0.0",MISSING
5858,,,,,"/cache/halla/sbs/GEp/raw/gep5_5858.evio.0.0",MISSING
5859,,,,,"/cache/halla/sbs/GEp/raw/gep5_5859.evio.0.0",MISSING
5860,,,,,"/cache/halla/sbs/GEp/raw/gep5_5860.evio.0.0",MISSING
5861,,,,,"/cache/halla/sbs/GEp/raw/gep5_5861.evio.0.0",MISSING
5862,,,,,"/cache/halla/sbs/GEp/raw/gep5_5862.evio.0.0",MISSING
5863,,,,,"/cache/halla/sbs/GEp/raw/gep5_5863.evio.0.0",MISSING
5864,,,,,"/cache/halla/sbs/GEp/raw/gep5_5864.evio.0.0",MISSING
5865,,,,,"/cache/halla/sbs/GEp/raw/gep5_5865.evio.0.0",MISSING
5866,,,,,"/cache/halla/sbs/GEp/raw/gep5_5866.evio.0.0",MISSING
5867,,,,,"/cache/halla/sbs/GEp/raw/gep5_5867.evio.0.0",MISSING
5868,,,,,"/cache/halla/sbs/GEp/raw/gep5_5868.evio.0.0",MISSING
5869,,,,,"/cache/halla/sbs/GEp/raw/gep5_5869.evio.0.0",MISSING
5870,,,,,"/cache/halla/sbs/GEp/raw/gep5_5870.evio.0.0",MISSING
5871,,,,,"/cache/halla/sbs/GEp/raw/gep5_5871.evio.0.0",MISSING
5872,5872,"2025-08-14 00:13:58",1755144838,"-------[ 2025-08-14 00:13:58 ]","/cache/halla/sbs/GEp/raw/gep5_5872.evio.0.0",OK
5873,,,,,"/cache/halla/sbs/GEp/raw/gep5_5873.evio.0.0",MISSING
5874,,,,,"/cache/halla/sbs/GEp/raw/gep5_5874.evio.0.0",MISSING
5875,,,,,"/cache/halla/sbs/GEp/raw/gep5_5875.evio.0.0",MISSING
5876,,,,,"/cache/halla/sbs/GEp/raw/gep5_5876.evio.0.0",MISSING
5877,,,,,"/cache/halla/sbs/GEp/raw/gep5_5877.evio.0.0",MISSING
5878,,,,,"/cache/halla/sbs/GEp/raw/gep5_5878.evio.0.0",MISSING
5879,,,,,"/cache/halla/sbs/GEp/raw/gep5_5879.evio.0.0",MISSING
5880,,,,,"/cache/halla/sbs/GEp/raw/gep5_5880.evio.0.0",MISSING
5881,,,,,"/cache/halla/sbs/GEp/raw/gep5_5881.evio.0.0",MISSING
5882,,,,,"/cache/halla/sbs/GEp/raw/gep5_5882.evio.0.0",MISSING
5883,,,,,"/cache/halla/sbs/GEp/raw/gep5_5883.evio.0.0",MISSING
5884,,,,,"/cache/halla/sbs/GEp/raw/gep5_5884.evio.0.0",MISSING
5885,,,,,"/cache/halla/sbs/GEp/raw/gep5_5885.evio.0.0",MISSING
5886,5886,"2025-08-14 14:38:50",1755196730,"-------[ 2025-08-14 14:38:50 ]","/cache/halla/sbs/GEp/raw/gep5_5886.evio.0.0",OK
5887,,,,,"/cache/halla/sbs/GEp/raw/gep5_5887.evio.0.0",MISSING
5888,,,,,"/cache/halla/sbs/GEp/raw/gep5_5888.evio.0.0",MISSING
5889,,,,,"/cache/halla/sbs/GEp/raw/gep5_5889.evio.0.0",MISSING
5890,5890,"2025-08-14 17:00:57",1755205257,"-------[ 2025-08-14 17:00:57 ]","/cache/halla/sbs/GEp/raw/gep5_5890.evio.0.0",OK
5891,,,,,"/cache/halla/sbs/GEp/raw/gep5_5891.evio.0.0",MISSING
5892,,,,,"/cache/halla/sbs/GEp/raw/gep5_5892.evio.0.0",MISSING
5893,,,,,"/cache/halla/sbs/GEp/raw/gep5_5893.evio.0.0",MISSING
5894,,,,,"/cache/halla/sbs/GEp/raw/gep5_5894.evio.0.0",MISSING
5895,,,,,"/cache/halla/sbs/GEp/raw/gep5_5895.evio.0.0",MISSING
5896,,,,,"/cache/halla/sbs/GEp/raw/gep5_5896.evio.0.0",MISSING
5897,,,,,"/cache/halla/sbs/GEp/raw/gep5_5897.evio.0.0",MISSING
5898,,,,,"/cache/halla/sbs/GEp/raw/gep5_5898.evio.0.0",MISSING
5899,,,,,"/cache/halla/sbs/GEp/raw/gep5_5899.evio.0.0",MISSING
5900,,,,,"/cache/halla/sbs/GEp/raw/gep5_5900.evio.0.0",MISSING
5901,,,,,"/cache/halla/sbs/GEp/raw/gep5_5901.evio.0.0",MISSING
5902,,,,,"/cache/halla/sbs/GEp/raw/gep5_5902.evio.0.0",MISSING
5903,,,,,"/cache/halla/sbs/GEp/raw/gep5_5903.evio.0.0",MISSING
5904,,,,,"/cache/halla/sbs/GEp/raw/gep5_5904.evio.0.0",MISSING
5905,,,,,"/cache/halla/sbs/GEp/raw/gep5_5905.evio.0.0",MISSING
5906,,,,,"/cache/halla/sbs/GEp/raw/gep5_5906.evio.0.0",MISSING
5907,,,,,"/cache/halla/sbs/GEp/raw/gep5_5907.evio.0.0",MISSING
5908,,,,,"/cache/halla/sbs/GEp/raw/gep5_5908.evio.0.0",MISSING
5909,,,,,"/cache/halla/sbs/GEp/raw/gep5_5909.evio.0.0",MISSING
5910,,,,,"/cache/halla/sbs/GEp/raw/gep5_5910.evio.0.0",MISSING
5911,,,,,"/cache/halla/sbs/GEp/raw/gep5_5911.evio.0.0",MISSING
5912,,,,,"/cache/halla/sbs/GEp/raw/gep5_5912.evio.0.0",MISSING
5913,,,,,"/cache/halla/sbs/GEp/raw/gep5_5913.evio.0.0",MISSING
5914,,,,,"/cache/halla/sbs/GEp/raw/gep5_5914.evio.0.0",MISSING
5915,,,,,"/cache/halla/sbs/GEp/raw/gep5_5915.evio.0.0",MISSING
5916,,,,,"/cache/halla/sbs/GEp/raw/gep5_5916.evio.0.0",MISSING
5917,,,,,"/cache/halla/sbs/GEp/raw/gep5_5917.evio.0.0",MISSING
5918,,,,,"/cache/halla/sbs/GEp/raw/gep5_5918.evio.0.0",MISSING
5919,,,,,"/cache/halla/sbs/GEp/raw/gep5_5919.evio.0.0",MISSING
5920,5920,"2025-08-16 15:56:08",1755374168,"-------[ 2025-08-16 15:56:08 ]","/cache/halla/sbs/GEp/raw/gep5_5920.evio.0.0",OK
5921,,,,,"/cache/halla/sbs/GEp/raw/gep5_5921.evio.0.0",MISSING
5922,,,,,"/cache/halla/sbs/GEp/raw/gep5_5922.evio.0.0",MISSING
5923,,,,,"/cache/halla/sbs/GEp/raw/gep5_5923.evio.0.0",MISSING
5924,,,,,"/cache/halla/sbs/GEp/raw/gep5_5924.evio.0.0",MISSING
5925,,,,,"/cache/halla/sbs/GEp/raw/gep5_5925.evio.0.0",MISSING
5926,,,,,"/cache/halla/sbs/GEp/raw/gep5_5926.evio.0.0",MISSING
5927,,,,,"/cache/halla/sbs/GEp/raw/gep5_5927.evio.0.0",MISSING
5928,,,,,"/cache/halla/sbs/GEp/raw/gep5_5928.evio.0.0",MISSING
5929,,,,,"/cache/halla/sbs/GEp/raw/gep5_5929.evio.0.0",MISSING
5930,,,,,"/cache/halla/sbs/GEp/raw/gep5_5930.evio.0.0",MISSING
5931,,,,,"/cache/halla/sbs/GEp/raw/gep5_5931.evio.0.0",MISSING
5932,,,,,"/cache/halla/sbs/GEp/raw/gep5_5932.evio.0.0",MISSING
5933,,,,,"/cache/halla/sbs/GEp/raw/gep5_5933.evio.0.0",MISSING
5934,,,,,"/cache/halla/sbs/GEp/raw/gep5_5934.evio.0.0",MISSING
5935,,,,,"/cache/halla/sbs/GEp/raw/gep5_5935.evio.0.0",MISSING
5936,5936,"2025-08-17 14:19:04",1755454744,"-------[ 2025-08-17 14:19:04 ]","/cache/halla/sbs/GEp/raw/gep5_5936.evio.0.0",OK
5937,,,,,"/cache/halla/sbs/GEp/raw/gep5_5937.evio.0.0",MISSING
5938,,,,,"/cache/halla/sbs/GEp/raw/gep5_5938.evio.0.0",MISSING
5939,,,,,"/cache/halla/sbs/GEp/raw/gep5_5939.evio.0.0",MISSING
5940,,,,,"/cache/halla/sbs/GEp/raw/gep5_5940.evio.0.0",MISSING
5941,,,,,"/cache/halla/sbs/GEp/raw/gep5_5941.evio.0.0",MISSING
5942,,,,,"/cache/halla/sbs/GEp/raw/gep5_5942.evio.0.0",MISSING
5943,,,,,"/cache/halla/sbs/GEp/raw/gep5_5943.evio.0.0",MISSING
5944,,,,,"/cache/halla/sbs/GEp/raw/gep5_5944.evio.0.0",MISSING
5945,,,,,"/cache/halla/sbs/GEp/raw/gep5_5945.evio.0.0",MISSING
5946,,,,,"/cache/halla/sbs/GEp/raw/gep5_5946.evio.0.0",MISSING
5947,,,,,"/cache/halla/sbs/GEp/raw/gep5_5947.evio.0.0",MISSING
5948,,,,,"/cache/halla/sbs/GEp/raw/gep5_5948.evio.0.0",MISSING
5949,,,,,"/cache/halla/sbs/GEp/raw/gep5_5949.evio.0.0",MISSING
5950,,,,,"/cache/halla/sbs/GEp/raw/gep5_5950.evio.0.0",MISSING
5951,5951,"2025-08-18 11:12:28",1755529948,"-------[ 2025-08-18 11:12:28 ]","/cache/halla/sbs/GEp/raw/gep5_5951.evio.0.0",OK
5952,5952,"2025-08-18 15:22:07",1755544927,"-------[ 2025-08-18 15:22:07 ]","/cache/halla/sbs/GEp/raw/gep5_5952.evio.0.0",OK
5953,5953,"2025-08-18 17:01:33",1755550893,"-------[ 2025-08-18 17:01:33 ]","/cache/halla/sbs/GEp/raw/gep5_5953.evio.0.0",OK
5954,,,,,"/cache/halla/sbs/GEp/raw/gep5_5954.evio.0.0",MISSING
5955,,,,,"/cache/halla/sbs/GEp/raw/gep5_5955.evio.0.0",MISSING
5956,,,,,"/cache/halla/sbs/GEp/raw/gep5_5956.evio.0.0",MISSING
5957,,,,,"/cache/halla/sbs/GEp/raw/gep5_5957.evio.0.0",MISSING
5958,,,,,"/cache/halla/sbs/GEp/raw/gep5_5958.evio.0.0",MISSING
5959,,,,,"/cache/halla/sbs/GEp/raw/gep5_5959.evio.0.0",MISSING
5960,,,,,"/cache/halla/sbs/GEp/raw/gep5_5960.evio.0.0",MISSING
5961,,,,,"/cache/halla/sbs/GEp/raw/gep5_5961.evio.0.0",MISSING
5962,,,,,"/cache/halla/sbs/GEp/raw/gep5_5962.evio.0.0",MISSING
5963,,,,,"/cache/halla/sbs/GEp/raw/gep5_5963.evio.0.0",MISSING
5964,,,,,"/cache/halla/sbs/GEp/raw/gep5_5964.evio.0.0",MISSING
5965,,,,,"/cache/halla/sbs/GEp/raw/gep5_5965.evio.0.0",MISSING
5966,,,,,"/cache/halla/sbs/GEp/raw/gep5_5966.evio.0.0",MISSING
5967,,,,,"/cache/halla/sbs/GEp/raw/gep5_5967.evio.0.0",MISSING
5968,,,,,"/cache/halla/sbs/GEp/raw/gep5_5968.evio.0.0",MISSING
5969,,,,,"/cache/halla/sbs/GEp/raw/gep5_5969.evio.0.0",MISSING
5970,,,,,"/cache/halla/sbs/GEp/raw/gep5_5970.evio.0.0",MISSING
5971,,,,,"/cache/halla/sbs/GEp/raw/gep5_5971.evio.0.0",MISSING
5972,5972,"2025-08-19 06:38:22",1755599902,"-------[ 2025-08-19 06:38:22 ]","/cache/halla/sbs/GEp/raw/gep5_5972.evio.0.0",OK
5973,5973,"2025-08-19 10:10:53",1755612653,"-------[ 2025-08-19 10:10:53 ]","/cache/halla/sbs/GEp/raw/gep5_5973.evio.0.0",OK
5974,,,,,"/cache/halla/sbs/GEp/raw/gep5_5974.evio.0.0",MISSING
5975,,,,,"/cache/halla/sbs/GEp/raw/gep5_5975.evio.0.0",MISSING
5976,5976,"2025-08-19 17:36:44",1755639404,"-------[ 2025-08-19 17:36:44 ]","/cache/halla/sbs/GEp/raw/gep5_5976.evio.0.0",OK
5977,,,,,"/cache/halla/sbs/GEp/raw/gep5_5977.evio.0.0",MISSING
5978,,,,,"/cache/halla/sbs/GEp/raw/gep5_5978.evio.0.0",MISSING
5979,5979,"2025-08-19 18:34:15",1755642855,"-------[ 2025-08-19 18:34:15 ]","/cache/halla/sbs/GEp/raw/gep5_5979.evio.0.0",OK
5980,,,,,"/cache/halla/sbs/GEp/raw/gep5_5980.evio.0.0",MISSING
5981,5981,"2025-08-19 18:47:23",1755643643,"-------[ 2025-08-19 18:47:23 ]","/cache/halla/sbs/GEp/raw/gep5_5981.evio.0.0",OK
5982,,,,,"/cache/halla/sbs/GEp/raw/gep5_5982.evio.0.0",MISSING
5983,,,,,"/cache/halla/sbs/GEp/raw/gep5_5983.evio.0.0",MISSING
5984,,,,,"/cache/halla/sbs/GEp/raw/gep5_5984.evio.0.0",MISSING
5985,,,,,"/cache/halla/sbs/GEp/raw/gep5_5985.evio.0.0",MISSING
5986,,,,,"/cache/halla/sbs/GEp/raw/gep5_5986.evio.0.0",MISSING
5987,,,,,"/cache/halla/sbs/GEp/raw/gep5_5987.evio.0.0",MISSING
5988,,,,,"/cache/halla/sbs/GEp/raw/gep5_5988.evio.0.0",MISSING
5989,,,,,"/cache/halla/sbs/GEp/raw/gep5_5989.evio.0.0",MISSING
5990,,,,,"/cache/halla/sbs/GEp/raw/gep5_5990.evio.0.0",MISSING
5991,,,,,"/cache/halla/sbs/GEp/raw/gep5_5991.evio.0.0",MISSING
5992,5992,"2025-08-20 20:14:43",1755735283,"-------[ 2025-08-20 20:14:43 ]","/cache/halla/sbs/GEp/raw/gep5_5992.evio.0.0",OK
5993,,,,,"/cache/halla/sbs/GEp/raw/gep5_5993.evio.0.0",INIT_FAILED
5994,,,,,"/cache/halla/sbs/GEp/raw/gep5_5994.evio.0.0",MISSING
5995,,,,,"/cache/halla/sbs/GEp/raw/gep5_5995.evio.0.0",MISSING
5996,,,,,"/cache/halla/sbs/GEp/raw/gep5_5996.evio.0.0",MISSING
5997,,,,,"/cache/halla/sbs/GEp/raw/gep5_5997.evio.0.0",MISSING
5998,,,,,"/cache/halla/sbs/GEp/raw/gep5_5998.evio.0.0",MISSING
5999,5999,"2025-08-20 21:37:12",1755740232,"-------[ 2025-08-20 21:37:12 ]","/cache/halla/sbs/GEp/raw/gep5_5999.evio.0.0",OK
6000,,,,,"/cache/halla/sbs/GEp/raw/gep5_6000.evio.0.0",MISSING
6001,,,,,"/cache/halla/sbs/GEp/raw/gep5_6001.evio.0.0",MISSING
6002,,,,,"/cache/halla/sbs/GEp/raw/gep5_6002.evio.0.0",MISSING
6003,,,,,"/cache/halla/sbs/GEp/raw/gep5_6003.evio.0.0",MISSING
6004,,,,,"/cache/halla/sbs/GEp/raw/gep5_6004.evio.0.0",MISSING
6005,,,,,"/cache/halla/sbs/GEp/raw/gep5_6005.evio.0.0",MISSING
6006,,,,,"/cache/halla/sbs/GEp/raw/gep5_6006.evio.0.0",MISSING
6007,,,,,"/cache/halla/sbs/GEp/raw/gep5_6007.evio.0.0",MISSING
6008,,,,,"/cache/halla/sbs/GEp/raw/gep5_6008.evio.0.0",MISSING
6009,,,,,"/cache/halla/sbs/GEp/raw/gep5_6009.evio.0.0",MISSING
6010,,,,,"/cache/halla/sbs/GEp/raw/gep5_6010.evio.0.0",MISSING
6011,,,,,"/cache/halla/sbs/GEp/raw/gep5_6011.evio.0.0",MISSING
6012,,,,,"/cache/halla/sbs/GEp/raw/gep5_6012.evio.0.0",MISSING
6013,,,,,"/cache/halla/sbs/GEp/raw/gep5_6013.evio.0.0",MISSING
6014,,,,,"/cache/halla/sbs/GEp/raw/gep5_6014.evio.0.0",MISSING
6015,,,,,"/cache/halla/sbs/GEp/raw/gep5_6015.evio.0.0",MISSING
6016,,,,,"/cache/halla/sbs/GEp/raw/gep5_6016.evio.0.0",MISSING
6017,,,,,"/cache/halla/sbs/GEp/raw/gep5_6017.evio.0.0",MISSING
6018,,,,,"/cache/halla/sbs/GEp/raw/gep5_6018.evio.0.0",MISSING
6019,,,,,"/cache/halla/sbs/GEp/raw/gep5_6019.evio.0.0",MISSING
6020,,,,,"/cache/halla/sbs/GEp/raw/gep5_6020.evio.0.0",MISSING
6021,,,,,"/cache/halla/sbs/GEp/raw/gep5_6021.evio.0.0",MISSING
6022,,,,,"/cache/halla/sbs/GEp/raw/gep5_6022.evio.0.0",MISSING
6023,,,,,"/cache/halla/sbs/GEp/raw/gep5_6023.evio.0.0",MISSING
6024,,,,,"/cache/halla/sbs/GEp/raw/gep5_6024.evio.0.0",MISSING
6025,,,,,"/cache/halla/sbs/GEp/raw/gep5_6025.evio.0.0",MISSING
6026,,,,,"/cache/halla/sbs/GEp/raw/gep5_6026.evio.0.0",MISSING
6027,,,,,"/cache/halla/sbs/GEp/raw/gep5_6027.evio.0.0",MISSING
6028,6028,"2025-08-21 21:13:34",1755825214,"-------[ 2025-08-21 21:13:34 ]","/cache/halla/sbs/GEp/raw/gep5_6028.evio.0.0",OK
6029,,,,,"/cache/halla/sbs/GEp/raw/gep5_6029.evio.0.0",MISSING
6030,,,,,"/cache/halla/sbs/GEp/raw/gep5_6030.evio.0.0",MISSING
6031,,,,,"/cache/halla/sbs/GEp/raw/gep5_6031.evio.0.0",MISSING
6032,6032,"2025-08-22 02:31:26",1755844286,"-------[ 2025-08-22 02:31:26 ]","/cache/halla/sbs/GEp/raw/gep5_6032.evio.0.0",OK
6033,,,,,"/cache/halla/sbs/GEp/raw/gep5_6033.evio.0.0",MISSING
6034,,,,,"/cache/halla/sbs/GEp/raw/gep5_6034.evio.0.0",MISSING
6035,,,,,"/cache/halla/sbs/GEp/raw/gep5_6035.evio.0.0",MISSING
6036,,,,,"/cache/halla/sbs/GEp/raw/gep5_6036.evio.0.0",MISSING
6037,,,,,"/cache/halla/sbs/GEp/raw/gep5_6037.evio.0.0",MISSING
6038,,,,,"/cache/halla/sbs/GEp/raw/gep5_6038.evio.0.0",MISSING
6039,,,,,"/cache/halla/sbs/GEp/raw/gep5_6039.evio.0.0",MISSING
6040,,,,,"/cache/halla/sbs/GEp/raw/gep5_6040.evio.0.0",MISSING
6041,,,,,"/cache/halla/sbs/GEp/raw/gep5_6041.evio.0.0",MISSING
6042,,,,,"/cache/halla/sbs/GEp/raw/gep5_6042.evio.0.0",MISSING
6043,,,,,"/cache/halla/sbs/GEp/raw/gep5_6043.evio.0.0",MISSING
6044,,,,,"/cache/halla/sbs/GEp/raw/gep5_6044.evio.0.0",MISSING
6045,,,,,"/cache/halla/sbs/GEp/raw/gep5_6045.evio.0.0",MISSING
6046,,,,,"/cache/halla/sbs/GEp/raw/gep5_6046.evio.0.0",MISSING
6047,,,,,"/cache/halla/sbs/GEp/raw/gep5_6047.evio.0.0",MISSING
6048,,,,,"/cache/halla/sbs/GEp/raw/gep5_6048.evio.0.0",MISSING
6049,,,,,"/cache/halla/sbs/GEp/raw/gep5_6049.evio.0.0",MISSING
6050,,,,,"/cache/halla/sbs/GEp/raw/gep5_6050.evio.0.0",MISSING
6051,,,,,"/cache/halla/sbs/GEp/raw/gep5_6051.evio.0.0",MISSING
6052,,,,,"/cache/halla/sbs/GEp/raw/gep5_6052.evio.0.0",MISSING
6053,,,,,"/cache/halla/sbs/GEp/raw/gep5_6053.evio.0.0",MISSING
6054,,,,,"/cache/halla/sbs/GEp/raw/gep5_6054.evio.0.0",MISSING
6055,,,,,"/cache/halla/sbs/GEp/raw/gep5_6055.evio.0.0",MISSING
6056,,,,,"/cache/halla/sbs/GEp/raw/gep5_6056.evio.0.0",MISSING
6057,,,,,"/cache/halla/sbs/GEp/raw/gep5_6057.evio.0.0",MISSING
6058,,,,,"/cache/halla/sbs/GEp/raw/gep5_6058.evio.0.0",MISSING
6059,,,,,"/cache/halla/sbs/GEp/raw/gep5_6059.evio.0.0",MISSING
6060,,,,,"/cache/halla/sbs/GEp/raw/gep5_6060.evio.0.0",MISSING
6061,,,,,"/cache/halla/sbs/GEp/raw/gep5_6061.evio.0.0",MISSING
6062,,,,,"/cache/halla/sbs/GEp/raw/gep5_6062.evio.0.0",MISSING
6063,,,,,"/cache/halla/sbs/GEp/raw/gep5_6063.evio.0.0",MISSING
6064,,,,,"/cache/halla/sbs/GEp/raw/gep5_6064.evio.0.0",MISSING
6065,,,,,"/cache/halla/sbs/GEp/raw/gep5_6065.evio.0.0",MISSING
6066,,,,,"/cache/halla/sbs/GEp/raw/gep5_6066.evio.0.0",MISSING
6067,,,,,"/cache/halla/sbs/GEp/raw/gep5_6067.evio.0.0",MISSING
6068,,,,,"/cache/halla/sbs/GEp/raw/gep5_6068.evio.0.0",MISSING
6069,,,,,"/cache/halla/sbs/GEp/raw/gep5_6069.evio.0.0",MISSING
6070,,,,,"/cache/halla/sbs/GEp/raw/gep5_6070.evio.0.0",MISSING
6071,,,,,"/cache/halla/sbs/GEp/raw/gep5_6071.evio.0.0",MISSING
6072,,,,,"/cache/halla/sbs/GEp/raw/gep5_6072.evio.0.0",MISSING
6073,,,,,"/cache/halla/sbs/GEp/raw/gep5_6073.evio.0.0",MISSING
6074,,,,,"/cache/halla/sbs/GEp/raw/gep5_6074.evio.0.0",MISSING
6075,,,,,"/cache/halla/sbs/GEp/raw/gep5_6075.evio.0.0",MISSING
6076,,,,,"/cache/halla/sbs/GEp/raw/gep5_6076.evio.0.0",MISSING
6077,6077,"2025-08-24 05:58:38",1756029518,"-------[ 2025-08-24 05:58:38 ]","/cache/halla/sbs/GEp/raw/gep5_6077.evio.0.0",OK
6078,,,,,"/cache/halla/sbs/GEp/raw/gep5_6078.evio.0.0",MISSING
6079,,,,,"/cache/halla/sbs/GEp/raw/gep5_6079.evio.0.0",MISSING
6080,6080,"2025-08-24 14:27:48",1756060068,"-------[ 2025-08-24 14:27:48 ]","/cache/halla/sbs/GEp/raw/gep5_6080.evio.0.0",OK
6081,,,,,"/cache/halla/sbs/GEp/raw/gep5_6081.evio.0.0",MISSING
6082,,,,,"/cache/halla/sbs/GEp/raw/gep5_6082.evio.0.0",MISSING
6083,,,,,"/cache/halla/sbs/GEp/raw/gep5_6083.evio.0.0",MISSING
6084,6084,"2025-08-24 22:03:58",1756087438,"-------[ 2025-08-24 22:03:58 ]","/cache/halla/sbs/GEp/raw/gep5_6084.evio.0.0",OK
6085,,,,,"/cache/halla/sbs/GEp/raw/gep5_6085.evio.0.0",MISSING
6086,,,,,"/cache/halla/sbs/GEp/raw/gep5_6086.evio.0.0",MISSING
6087,,,,,"/cache/halla/sbs/GEp/raw/gep5_6087.evio.0.0",MISSING
6088,6088,"2025-08-25 03:15:23",1756106123,"-------[ 2025-08-25 03:15:23 ]","/cache/halla/sbs/GEp/raw/gep5_6088.evio.0.0",OK
